/home/inavarro/Desktop/Workspace/ml/TensorFlow/keras-frcnn/images/ROIorig/wheelchair_21.jpg,1,175,696,940,wheelchair
/home/inavarro/Desktop/Workspace/ml/TensorFlow/keras-frcnn/images/ROIorig/wheelchair_189.jpg,7,82,75,147,wheelchair
/home/inavarro/Desktop/Workspace/ml/TensorFlow/keras-frcnn/images/ROIorig/wheelchair_256.jpg,622,401,795,588,wheelchair
/home/inavarro/Desktop/Workspace/ml/TensorFlow/keras-frcnn/images/ROIorig/wheelchair_130.jpg,162,51,566,538,wheelchair
/home/inavarro/Desktop/Workspace/ml/TensorFlow/keras-frcnn/images/ROIorig/wheelchair_106.jpg,36,16,361,386,wheelchair
/home/inavarro/Desktop/Workspace/ml/TensorFlow/keras-frcnn/images/ROIorig/wheelchair_400.jpg,164,171,386,398,wheelchair
/home/inavarro/Desktop/Workspace/ml/TensorFlow/keras-frcnn/images/ROIorig/wheelchair_181.jpg,143,156,289,296,wheelchair
/home/inavarro/Desktop/Workspace/ml/TensorFlow/keras-frcnn/images/ROIorig/wheelchair_320.jpg,113,153,253,262,wheelchair
/home/inavarro/Desktop/Workspace/ml/TensorFlow/keras-frcnn/images/ROIorig/wheelchair_74.jpg,167,186,299,324,wheelchair
/home/inavarro/Desktop/Workspace/ml/TensorFlow/keras-frcnn/images/ROIorig/wheelchair_336.jpg,352,241,855,589,wheelchair
/home/inavarro/Desktop/Workspace/ml/TensorFlow/keras-frcnn/images/ROIorig/wheelchair_252.jpg,17,111,169,246,wheelchair
/home/inavarro/Desktop/Workspace/ml/TensorFlow/keras-frcnn/images/ROIorig/wheelchair_426.jpg,76,129,186,215,wheelchair
/home/inavarro/Desktop/Workspace/ml/TensorFlow/keras-frcnn/images/ROIorig/wheelchair_374.jpg,44,150,187,313,wheelchair
/home/inavarro/Desktop/Workspace/ml/TensorFlow/keras-frcnn/images/ROIorig/wheelchair_85.jpg,111,390,474,698,wheelchair
/home/inavarro/Desktop/Workspace/ml/TensorFlow/keras-frcnn/images/ROIorig/wheelchair_145.jpg,190,237,621,565,wheelchair
/home/inavarro/Desktop/Workspace/ml/TensorFlow/keras-frcnn/images/ROIorig/wheelchair_270.jpg,44,3,136,115,wheelchair
/home/inavarro/Desktop/Workspace/ml/TensorFlow/keras-frcnn/images/ROIorig/wheelchair_248.jpg,23,49,209,298,wheelchair
/home/inavarro/Desktop/Workspace/ml/TensorFlow/keras-frcnn/images/ROIorig/wheelchair_243.jpg,143,153,348,354,wheelchair
/home/inavarro/Desktop/Workspace/ml/TensorFlow/keras-frcnn/images/ROIorig/wheelchair_41.jpg,2,26,356,431,wheelchair
/home/inavarro/Desktop/Workspace/ml/TensorFlow/keras-frcnn/images/ROIorig/wheelchair_394.jpg,110,101,259,244,wheelchair
/home/inavarro/Desktop/Workspace/ml/TensorFlow/keras-frcnn/images/ROIorig/wheelchair_317.jpg,555,438,1025,813,wheelchair
/home/inavarro/Desktop/Workspace/ml/TensorFlow/keras-frcnn/images/ROIorig/wheelchair_375.jpg,486,296,714,490,wheelchair
/home/inavarro/Desktop/Workspace/ml/TensorFlow/keras-frcnn/images/ROIorig/wheelchair_249.jpg,13,6,137,150,wheelchair
/home/inavarro/Desktop/Workspace/ml/TensorFlow/keras-frcnn/images/ROIorig/wheelchair_140.jpg,119,203,317,379,wheelchair
/home/inavarro/Desktop/Workspace/ml/TensorFlow/keras-frcnn/images/ROIorig/wheelchair_219.jpg,3,38,159,217,wheelchair
/home/inavarro/Desktop/Workspace/ml/TensorFlow/keras-frcnn/images/ROIorig/wheelchair_305.jpg,127,216,261,396,wheelchair
/home/inavarro/Desktop/Workspace/ml/TensorFlow/keras-frcnn/images/ROIorig/wheelchair_389.jpg,24,172,199,348,wheelchair
/home/inavarro/Desktop/Workspace/ml/TensorFlow/keras-frcnn/images/ROIorig/wheelchair_312.jpg,91,85,235,183,wheelchair
/home/inavarro/Desktop/Workspace/ml/TensorFlow/keras-frcnn/images/ROIorig/wheelchair_86.jpg,33,43,193,237,wheelchair
/home/inavarro/Desktop/Workspace/ml/TensorFlow/keras-frcnn/images/ROIorig/wheelchair_377.jpg,58,156,326,353,wheelchair
/home/inavarro/Desktop/Workspace/ml/TensorFlow/keras-frcnn/images/ROIorig/wheelchair_131.jpg,57,231,242,445,wheelchair
/home/inavarro/Desktop/Workspace/ml/TensorFlow/keras-frcnn/images/ROIorig/wheelchair_142.jpg,127,171,335,330,wheelchair
/home/inavarro/Desktop/Workspace/ml/TensorFlow/keras-frcnn/images/ROIorig/wheelchair_192.jpg,13,26,394,421,wheelchair
/home/inavarro/Desktop/Workspace/ml/TensorFlow/keras-frcnn/images/ROIorig/wheelchair_274.jpg,112,71,411,466,wheelchair
/home/inavarro/Desktop/Workspace/ml/TensorFlow/keras-frcnn/images/ROIorig/wheelchair_58.jpg,24,58,257,290,wheelchair
/home/inavarro/Desktop/Workspace/ml/TensorFlow/keras-frcnn/images/ROIorig/wheelchair_117.jpg,182,118,465,331,wheelchair
/home/inavarro/Desktop/Workspace/ml/TensorFlow/keras-frcnn/images/ROIorig/wheelchair_275.jpg,64,70,251,337,wheelchair
/home/inavarro/Desktop/Workspace/ml/TensorFlow/keras-frcnn/images/ROIorig/wheelchair_227.jpg,203,335,772,750,wheelchair
/home/inavarro/Desktop/Workspace/ml/TensorFlow/keras-frcnn/images/ROIorig/wheelchair_341.jpg,1,21,401,449,wheelchair
/home/inavarro/Desktop/Workspace/ml/TensorFlow/keras-frcnn/images/ROIorig/wheelchair_118.jpg,2,3,142,159,wheelchair
/home/inavarro/Desktop/Workspace/ml/TensorFlow/keras-frcnn/images/ROIorig/wheelchair_149.jpg,5,14,131,146,wheelchair
/home/inavarro/Desktop/Workspace/ml/TensorFlow/keras-frcnn/images/ROIorig/wheelchair_126.jpg,107,35,224,157,wheelchair
/home/inavarro/Desktop/Workspace/ml/TensorFlow/keras-frcnn/images/ROIorig/wheelchair_411.jpg,217,298,402,493,wheelchair
/home/inavarro/Desktop/Workspace/ml/TensorFlow/keras-frcnn/images/ROIorig/wheelchair_307.jpg,61,58,313,372,wheelchair
/home/inavarro/Desktop/Workspace/ml/TensorFlow/keras-frcnn/images/ROIorig/wheelchair_334.jpg,337,224,553,396,wheelchair
/home/inavarro/Desktop/Workspace/ml/TensorFlow/keras-frcnn/images/ROIorig/wheelchair_60.jpg,161,52,624,598,wheelchair
/home/inavarro/Desktop/Workspace/ml/TensorFlow/keras-frcnn/images/ROIorig/wheelchair_251.jpg,129,54,472,383,wheelchair
/home/inavarro/Desktop/Workspace/ml/TensorFlow/keras-frcnn/images/ROIorig/wheelchair_175.jpg,83,203,285,389,wheelchair
/home/inavarro/Desktop/Workspace/ml/TensorFlow/keras-frcnn/images/ROIorig/wheelchair_262.jpg,102,332,491,649,wheelchair
/home/inavarro/Desktop/Workspace/ml/TensorFlow/keras-frcnn/images/ROIorig/wheelchair_304.jpg,249,157,412,318,wheelchair
/home/inavarro/Desktop/Workspace/ml/TensorFlow/keras-frcnn/images/ROIorig/wheelchair_315.jpg,21,15,576,593,wheelchair
/home/inavarro/Desktop/Workspace/ml/TensorFlow/keras-frcnn/images/ROIorig/wheelchair_72.jpg,436,261,617,453,wheelchair
/home/inavarro/Desktop/Workspace/ml/TensorFlow/keras-frcnn/images/ROIorig/wheelchair_156.jpg,30,33,349,366,wheelchair
/home/inavarro/Desktop/Workspace/ml/TensorFlow/keras-frcnn/images/ROIorig/wheelchair_216.jpg,206,197,366,330,wheelchair
/home/inavarro/Desktop/Workspace/ml/TensorFlow/keras-frcnn/images/ROIorig/wheelchair_201.jpg,29,167,77,221,wheelchair
/home/inavarro/Desktop/Workspace/ml/TensorFlow/keras-frcnn/images/ROIorig/wheelchair_417.jpg,126,128,254,255,wheelchair
/home/inavarro/Desktop/Workspace/ml/TensorFlow/keras-frcnn/images/ROIorig/wheelchair_172.jpg,109,416,385,608,wheelchair
/home/inavarro/Desktop/Workspace/ml/TensorFlow/keras-frcnn/images/ROIorig/wheelchair_110.jpg,4,176,231,372,wheelchair
/home/inavarro/Desktop/Workspace/ml/TensorFlow/keras-frcnn/images/ROIorig/wheelchair_283.jpg,18,75,112,169,wheelchair
/home/inavarro/Desktop/Workspace/ml/TensorFlow/keras-frcnn/images/ROIorig/wheelchair_212.jpg,23,37,237,280,wheelchair
/home/inavarro/Desktop/Workspace/ml/TensorFlow/keras-frcnn/images/ROIorig/wheelchair_61.jpg,138,87,228,165,wheelchair
/home/inavarro/Desktop/Workspace/ml/TensorFlow/keras-frcnn/images/ROIorig/wheelchair_160.jpg,46,96,196,210,wheelchair
/home/inavarro/Desktop/Workspace/ml/TensorFlow/keras-frcnn/images/ROIorig/wheelchair_168.jpg,52,38,818,875,wheelchair
/home/inavarro/Desktop/Workspace/ml/TensorFlow/keras-frcnn/images/ROIorig/wheelchair_288.jpg,23,11,254,304,wheelchair
/home/inavarro/Desktop/Workspace/ml/TensorFlow/keras-frcnn/images/ROIorig/wheelchair_407.jpg,237,109,478,321,wheelchair
/home/inavarro/Desktop/Workspace/ml/TensorFlow/keras-frcnn/images/ROIorig/wheelchair_260.jpg,70,260,281,430,wheelchair
/home/inavarro/Desktop/Workspace/ml/TensorFlow/keras-frcnn/images/ROIorig/wheelchair_109.jpg,84,108,195,187,wheelchair
/home/inavarro/Desktop/Workspace/ml/TensorFlow/keras-frcnn/images/ROIorig/wheelchair_269.jpg,37,55,261,266,wheelchair
/home/inavarro/Desktop/Workspace/ml/TensorFlow/keras-frcnn/images/ROIorig/wheelchair_222.jpg,175,259,451,481,wheelchair
/home/inavarro/Desktop/Workspace/ml/TensorFlow/keras-frcnn/images/ROIorig/wheelchair_143.jpg,45,13,233,164,wheelchair
/home/inavarro/Desktop/Workspace/ml/TensorFlow/keras-frcnn/images/ROIorig/wheelchair_323.jpg,326,295,544,492,wheelchair
/home/inavarro/Desktop/Workspace/ml/TensorFlow/keras-frcnn/images/ROIorig/wheelchair_316.jpg,99,53,384,305,wheelchair
/home/inavarro/Desktop/Workspace/ml/TensorFlow/keras-frcnn/images/ROIorig/wheelchair_29.jpg,161,7,497,379,wheelchair
/home/inavarro/Desktop/Workspace/ml/TensorFlow/keras-frcnn/images/ROIorig/wheelchair_76.jpg,2,5,216,199,wheelchair
/home/inavarro/Desktop/Workspace/ml/TensorFlow/keras-frcnn/images/ROIorig/wheelchair_404.jpg,18,29,192,237,wheelchair
/home/inavarro/Desktop/Workspace/ml/TensorFlow/keras-frcnn/images/ROIorig/wheelchair_391.jpg,25,145,236,318,wheelchair
/home/inavarro/Desktop/Workspace/ml/TensorFlow/keras-frcnn/images/ROIorig/wheelchair_266.jpg,221,261,353,414,wheelchair
/home/inavarro/Desktop/Workspace/ml/TensorFlow/keras-frcnn/images/ROIorig/wheelchair_180.jpg,20,32,341,351,wheelchair
/home/inavarro/Desktop/Workspace/ml/TensorFlow/keras-frcnn/images/ROIorig/wheelchair_138.jpg,324,312,631,534,wheelchair
/home/inavarro/Desktop/Workspace/ml/TensorFlow/keras-frcnn/images/ROIorig/wheelchair_395.jpg,83,74,414,328,wheelchair
/home/inavarro/Desktop/Workspace/ml/TensorFlow/keras-frcnn/images/ROIorig/wheelchair_87.jpg,14,351,443,818,wheelchair
/home/inavarro/Desktop/Workspace/ml/TensorFlow/keras-frcnn/images/ROIorig/wheelchair_329.jpg,116,320,418,532,wheelchair
/home/inavarro/Desktop/Workspace/ml/TensorFlow/keras-frcnn/images/ROIorig/wheelchair_67.jpg,6,26,114,140,wheelchair
/home/inavarro/Desktop/Workspace/ml/TensorFlow/keras-frcnn/images/ROIorig/wheelchair_152.jpg,216,140,382,315,wheelchair
/home/inavarro/Desktop/Workspace/ml/TensorFlow/keras-frcnn/images/ROIorig/wheelchair_47.jpg,21,34,351,374,wheelchair
/home/inavarro/Desktop/Workspace/ml/TensorFlow/keras-frcnn/images/ROIorig/wheelchair_94.jpg,51,27,525,459,wheelchair
/home/inavarro/Desktop/Workspace/ml/TensorFlow/keras-frcnn/images/ROIorig/wheelchair_397.jpg,49,9,208,251,wheelchair
/home/inavarro/Desktop/Workspace/ml/TensorFlow/keras-frcnn/images/ROIorig/wheelchair_328.jpg,174,177,345,329,wheelchair
/home/inavarro/Desktop/Workspace/ml/TensorFlow/keras-frcnn/images/ROIorig/wheelchair_237.jpg,30,9,295,342,wheelchair
/home/inavarro/Desktop/Workspace/ml/TensorFlow/keras-frcnn/images/ROIorig/wheelchair_52.jpg,105,36,323,246,wheelchair
/home/inavarro/Desktop/Workspace/ml/TensorFlow/keras-frcnn/images/ROIorig/wheelchair_371.jpg,134,200,331,358,wheelchair
/home/inavarro/Desktop/Workspace/ml/TensorFlow/keras-frcnn/images/ROIorig/wheelchair_356.jpg,76,292,346,516,wheelchair
/home/inavarro/Desktop/Workspace/ml/TensorFlow/keras-frcnn/images/ROIorig/wheelchair_40.jpg,25,228,272,442,wheelchair
/home/inavarro/Desktop/Workspace/ml/TensorFlow/keras-frcnn/images/ROIorig/wheelchair_324.jpg,126,116,205,196,wheelchair
/home/inavarro/Desktop/Workspace/ml/TensorFlow/keras-frcnn/images/ROIorig/wheelchair_367.jpg,60,154,281,419,wheelchair
/home/inavarro/Desktop/Workspace/ml/TensorFlow/keras-frcnn/images/ROIorig/wheelchair_59.jpg,187,154,282,285,wheelchair
/home/inavarro/Desktop/Workspace/ml/TensorFlow/keras-frcnn/images/ROIorig/wheelchair_22.jpg,39,89,159,189,wheelchair
/home/inavarro/Desktop/Workspace/ml/TensorFlow/keras-frcnn/images/ROIorig/wheelchair_27.jpg,21,57,281,333,wheelchair
/home/inavarro/Desktop/Workspace/ml/TensorFlow/keras-frcnn/images/ROIorig/wheelchair_272.jpg,81,42,669,683,wheelchair
/home/inavarro/Desktop/Workspace/ml/TensorFlow/keras-frcnn/images/ROIorig/wheelchair_370.jpg,157,325,357,572,wheelchair
/home/inavarro/Desktop/Workspace/ml/TensorFlow/keras-frcnn/images/ROIorig/wheelchair_204.jpg,1,235,233,470,wheelchair
/home/inavarro/Desktop/Workspace/ml/TensorFlow/keras-frcnn/images/ROIorig/wheelchair_114.jpg,74,68,505,525,wheelchair
/home/inavarro/Desktop/Workspace/ml/TensorFlow/keras-frcnn/images/ROIorig/wheelchair_132.jpg,16,158,188,339,wheelchair
/home/inavarro/Desktop/Workspace/ml/TensorFlow/keras-frcnn/images/ROIorig/wheelchair_124.jpg,2,8,203,215,wheelchair
/home/inavarro/Desktop/Workspace/ml/TensorFlow/keras-frcnn/images/ROIorig/wheelchair_224.jpg,8,152,220,309,wheelchair
/home/inavarro/Desktop/Workspace/ml/TensorFlow/keras-frcnn/images/ROIorig/wheelchair_239.jpg,14,200,232,439,wheelchair
/home/inavarro/Desktop/Workspace/ml/TensorFlow/keras-frcnn/images/ROIorig/wheelchair_207.jpg,27,17,184,237,wheelchair
/home/inavarro/Desktop/Workspace/ml/TensorFlow/keras-frcnn/images/ROIorig/wheelchair_25.jpg,144,229,248,331,wheelchair
/home/inavarro/Desktop/Workspace/ml/TensorFlow/keras-frcnn/images/ROIorig/wheelchair_376.jpg,176,346,454,710,wheelchair
/home/inavarro/Desktop/Workspace/ml/TensorFlow/keras-frcnn/images/ROIorig/wheelchair_54.jpg,21,19,265,327,wheelchair
/home/inavarro/Desktop/Workspace/ml/TensorFlow/keras-frcnn/images/ROIorig/wheelchair_250.jpg,19,2,150,137,wheelchair
/home/inavarro/Desktop/Workspace/ml/TensorFlow/keras-frcnn/images/ROIorig/wheelchair_382.jpg,46,326,401,568,wheelchair
/home/inavarro/Desktop/Workspace/ml/TensorFlow/keras-frcnn/images/ROIorig/wheelchair_279.jpg,45,58,207,245,wheelchair
/home/inavarro/Desktop/Workspace/ml/TensorFlow/keras-frcnn/images/ROIorig/wheelchair_178.jpg,142,195,538,487,wheelchair
/home/inavarro/Desktop/Workspace/ml/TensorFlow/keras-frcnn/images/ROIorig/wheelchair_282.jpg,159,270,344,526,wheelchair
/home/inavarro/Desktop/Workspace/ml/TensorFlow/keras-frcnn/images/ROIorig/wheelchair_282.jpg,681,262,932,605,wheelchair
/home/inavarro/Desktop/Workspace/ml/TensorFlow/keras-frcnn/images/ROIorig/wheelchair_406.jpg,171,136,341,248,wheelchair
/home/inavarro/Desktop/Workspace/ml/TensorFlow/keras-frcnn/images/ROIorig/wheelchair_362.jpg,255,247,433,440,wheelchair
/home/inavarro/Desktop/Workspace/ml/TensorFlow/keras-frcnn/images/ROIorig/wheelchair_9.jpg,69,41,296,358,wheelchair
/home/inavarro/Desktop/Workspace/ml/TensorFlow/keras-frcnn/images/ROIorig/wheelchair_75.jpg,23,51,286,361,wheelchair
/home/inavarro/Desktop/Workspace/ml/TensorFlow/keras-frcnn/images/ROIorig/wheelchair_79.jpg,186,214,420,410,wheelchair
/home/inavarro/Desktop/Workspace/ml/TensorFlow/keras-frcnn/images/ROIorig/wheelchair_13.jpg,86,248,366,507,wheelchair
/home/inavarro/Desktop/Workspace/ml/TensorFlow/keras-frcnn/images/ROIorig/wheelchair_396.jpg,40,24,224,218,wheelchair
/home/inavarro/Desktop/Workspace/ml/TensorFlow/keras-frcnn/images/ROIorig/wheelchair_12.jpg,82,53,184,151,wheelchair
/home/inavarro/Desktop/Workspace/ml/TensorFlow/keras-frcnn/images/ROIorig/wheelchair_108.jpg,77,281,249,420,wheelchair
/home/inavarro/Desktop/Workspace/ml/TensorFlow/keras-frcnn/images/ROIorig/wheelchair_209.jpg,32,26,220,236,wheelchair
/home/inavarro/Desktop/Workspace/ml/TensorFlow/keras-frcnn/images/ROIorig/wheelchair_221.jpg,192,220,487,466,wheelchair
/home/inavarro/Desktop/Workspace/ml/TensorFlow/keras-frcnn/images/ROIorig/wheelchair_81.jpg,14,106,420,562,wheelchair
/home/inavarro/Desktop/Workspace/ml/TensorFlow/keras-frcnn/images/ROIorig/wheelchair_42.jpg,27,19,222,247,wheelchair
/home/inavarro/Desktop/Workspace/ml/TensorFlow/keras-frcnn/images/ROIorig/wheelchair_122.jpg,143,208,308,362,wheelchair
/home/inavarro/Desktop/Workspace/ml/TensorFlow/keras-frcnn/images/ROIorig/wheelchair_164.jpg,117,134,191,210,wheelchair
/home/inavarro/Desktop/Workspace/ml/TensorFlow/keras-frcnn/images/ROIorig/wheelchair_286.jpg,157,15,424,271,wheelchair
/home/inavarro/Desktop/Workspace/ml/TensorFlow/keras-frcnn/images/ROIorig/wheelchair_352.jpg,176,521,568,818,wheelchair
/home/inavarro/Desktop/Workspace/ml/TensorFlow/keras-frcnn/images/ROIorig/wheelchair_165.jpg,25,72,164,182,wheelchair
/home/inavarro/Desktop/Workspace/ml/TensorFlow/keras-frcnn/images/ROIorig/wheelchair_349.jpg,123,23,374,322,wheelchair
/home/inavarro/Desktop/Workspace/ml/TensorFlow/keras-frcnn/images/ROIorig/wheelchair_155.jpg,2,252,279,510,wheelchair
/home/inavarro/Desktop/Workspace/ml/TensorFlow/keras-frcnn/images/ROIorig/wheelchair_112.jpg,42,48,384,451,wheelchair
/home/inavarro/Desktop/Workspace/ml/TensorFlow/keras-frcnn/images/ROIorig/wheelchair_147.jpg,198,182,358,361,wheelchair
/home/inavarro/Desktop/Workspace/ml/TensorFlow/keras-frcnn/images/ROIorig/wheelchair_26.jpg,603,386,956,839,wheelchair
/home/inavarro/Desktop/Workspace/ml/TensorFlow/keras-frcnn/images/ROIorig/wheelchair_24.jpg,33,20,260,308,wheelchair
/home/inavarro/Desktop/Workspace/ml/TensorFlow/keras-frcnn/images/ROIorig/wheelchair_43.jpg,86,42,380,379,wheelchair
/home/inavarro/Desktop/Workspace/ml/TensorFlow/keras-frcnn/images/ROIorig/wheelchair_384.jpg,20,26,216,252,wheelchair
/home/inavarro/Desktop/Workspace/ml/TensorFlow/keras-frcnn/images/ROIorig/wheelchair_381.jpg,103,107,249,257,wheelchair
/home/inavarro/Desktop/Workspace/ml/TensorFlow/keras-frcnn/images/ROIorig/wheelchair_373.jpg,5,240,253,435,wheelchair
/home/inavarro/Desktop/Workspace/ml/TensorFlow/keras-frcnn/images/ROIorig/wheelchair_399.jpg,265,370,712,641,wheelchair
/home/inavarro/Desktop/Workspace/ml/TensorFlow/keras-frcnn/images/ROIorig/wheelchair_121.jpg,89,8,264,236,wheelchair
/home/inavarro/Desktop/Workspace/ml/TensorFlow/keras-frcnn/images/ROIorig/wheelchair_280.jpg,39,6,303,341,wheelchair
/home/inavarro/Desktop/Workspace/ml/TensorFlow/keras-frcnn/images/ROIorig/wheelchair_348.jpg,35,43,217,252,wheelchair
/home/inavarro/Desktop/Workspace/ml/TensorFlow/keras-frcnn/images/ROIorig/wheelchair_287.jpg,68,378,460,715,wheelchair
/home/inavarro/Desktop/Workspace/ml/TensorFlow/keras-frcnn/images/ROIorig/wheelchair_398.jpg,131,144,241,248,wheelchair
/home/inavarro/Desktop/Workspace/ml/TensorFlow/keras-frcnn/images/ROIorig/wheelchair_398.jpg,234,72,367,190,wheelchair
/home/inavarro/Desktop/Workspace/ml/TensorFlow/keras-frcnn/images/ROIorig/wheelchair_293.jpg,1,120,189,265,wheelchair
/home/inavarro/Desktop/Workspace/ml/TensorFlow/keras-frcnn/images/ROIorig/wheelchair_88.jpg,106,169,458,479,wheelchair
/home/inavarro/Desktop/Workspace/ml/TensorFlow/keras-frcnn/images/ROIorig/wheelchair_228.jpg,117,102,311,249,wheelchair
/home/inavarro/Desktop/Workspace/ml/TensorFlow/keras-frcnn/images/ROIorig/wheelchair_210.jpg,22,28,302,414,wheelchair
/home/inavarro/Desktop/Workspace/ml/TensorFlow/keras-frcnn/images/ROIorig/wheelchair_268.jpg,152,98,502,407,wheelchair
/home/inavarro/Desktop/Workspace/ml/TensorFlow/keras-frcnn/images/ROIorig/wheelchair_93.jpg,119,229,293,390,wheelchair
/home/inavarro/Desktop/Workspace/ml/TensorFlow/keras-frcnn/images/ROIorig/wheelchair_38.jpg,67,273,313,497,wheelchair
/home/inavarro/Desktop/Workspace/ml/TensorFlow/keras-frcnn/images/ROIorig/wheelchair_111.jpg,1,202,291,397,wheelchair
/home/inavarro/Desktop/Workspace/ml/TensorFlow/keras-frcnn/images/ROIorig/wheelchair_136.jpg,74,422,585,830,wheelchair
/home/inavarro/Desktop/Workspace/ml/TensorFlow/keras-frcnn/images/ROIorig/wheelchair_162.jpg,15,9,158,162,wheelchair
/home/inavarro/Desktop/Workspace/ml/TensorFlow/keras-frcnn/images/ROIorig/wheelchair_68.jpg,232,229,463,400,wheelchair
/home/inavarro/Desktop/Workspace/ml/TensorFlow/keras-frcnn/images/ROIorig/wheelchair_321.jpg,133,106,214,174,wheelchair
/home/inavarro/Desktop/Workspace/ml/TensorFlow/keras-frcnn/images/ROIorig/wheelchair_242.jpg,65,78,364,426,wheelchair
/home/inavarro/Desktop/Workspace/ml/TensorFlow/keras-frcnn/images/ROIorig/wheelchair_273.jpg,49,29,350,380,wheelchair
/home/inavarro/Desktop/Workspace/ml/TensorFlow/keras-frcnn/images/ROIorig/wheelchair_144.jpg,23,42,172,261,wheelchair
/home/inavarro/Desktop/Workspace/ml/TensorFlow/keras-frcnn/images/ROIorig/wheelchair_337.jpg,56,207,250,356,wheelchair
/home/inavarro/Desktop/Workspace/ml/TensorFlow/keras-frcnn/images/ROIorig/wheelchair_361.jpg,123,134,275,256,wheelchair
/home/inavarro/Desktop/Workspace/ml/TensorFlow/keras-frcnn/images/ROIorig/wheelchair_2.jpg,19,255,229,407,wheelchair
/home/inavarro/Desktop/Workspace/ml/TensorFlow/keras-frcnn/images/ROIorig/wheelchair_73.jpg,82,432,429,707,wheelchair
/home/inavarro/Desktop/Workspace/ml/TensorFlow/keras-frcnn/images/ROIorig/wheelchair_62.jpg,59,83,271,327,wheelchair
/home/inavarro/Desktop/Workspace/ml/TensorFlow/keras-frcnn/images/ROIorig/wheelchair_421.jpg,220,127,418,290,wheelchair
/home/inavarro/Desktop/Workspace/ml/TensorFlow/keras-frcnn/images/ROIorig/wheelchair_102.jpg,97,205,383,456,wheelchair
/home/inavarro/Desktop/Workspace/ml/TensorFlow/keras-frcnn/images/ROIorig/wheelchair_45.jpg,13,75,139,187,wheelchair
/home/inavarro/Desktop/Workspace/ml/TensorFlow/keras-frcnn/images/ROIorig/wheelchair_115.jpg,1,7,298,358,wheelchair
/home/inavarro/Desktop/Workspace/ml/TensorFlow/keras-frcnn/images/ROIorig/wheelchair_191.jpg,121,246,373,431,wheelchair
/home/inavarro/Desktop/Workspace/ml/TensorFlow/keras-frcnn/images/ROIorig/wheelchair_418.jpg,203,215,438,433,wheelchair
/home/inavarro/Desktop/Workspace/ml/TensorFlow/keras-frcnn/images/ROIorig/wheelchair_420.jpg,119,74,275,212,wheelchair
/home/inavarro/Desktop/Workspace/ml/TensorFlow/keras-frcnn/images/ROIorig/wheelchair_306.jpg,319,176,425,271,wheelchair
/home/inavarro/Desktop/Workspace/ml/TensorFlow/keras-frcnn/images/ROIorig/wheelchair_35.jpg,141,95,451,411,wheelchair
/home/inavarro/Desktop/Workspace/ml/TensorFlow/keras-frcnn/images/ROIorig/wheelchair_378.jpg,66,141,159,208,wheelchair
/home/inavarro/Desktop/Workspace/ml/TensorFlow/keras-frcnn/images/ROIorig/wheelchair_385.jpg,163,243,431,420,wheelchair
/home/inavarro/Desktop/Workspace/ml/TensorFlow/keras-frcnn/images/ROIorig/wheelchair_153.jpg,55,229,322,506,wheelchair
/home/inavarro/Desktop/Workspace/ml/TensorFlow/keras-frcnn/images/ROIorig/wheelchair_410.jpg,71,24,234,180,wheelchair
/home/inavarro/Desktop/Workspace/ml/TensorFlow/keras-frcnn/images/ROIorig/wheelchair_15.jpg,282,151,458,349,wheelchair
/home/inavarro/Desktop/Workspace/ml/TensorFlow/keras-frcnn/images/ROIorig/wheelchair_202.jpg,14,189,297,437,wheelchair
/home/inavarro/Desktop/Workspace/ml/TensorFlow/keras-frcnn/images/ROIorig/wheelchair_96.jpg,30,40,208,275,wheelchair
/home/inavarro/Desktop/Workspace/ml/TensorFlow/keras-frcnn/images/ROIorig/wheelchair_388.jpg,246,194,720,540,wheelchair
/home/inavarro/Desktop/Workspace/ml/TensorFlow/keras-frcnn/images/ROIorig/wheelchair_392.jpg,60,80,329,329,wheelchair
/home/inavarro/Desktop/Workspace/ml/TensorFlow/keras-frcnn/images/ROIorig/wheelchair_89.jpg,45,38,252,269,wheelchair
/home/inavarro/Desktop/Workspace/ml/TensorFlow/keras-frcnn/images/ROIorig/wheelchair_258.jpg,407,336,647,522,wheelchair
/home/inavarro/Desktop/Workspace/ml/TensorFlow/keras-frcnn/images/ROIorig/wheelchair_271.jpg,107,99,204,180,wheelchair
/home/inavarro/Desktop/Workspace/ml/TensorFlow/keras-frcnn/images/ROIorig/wheelchair_17.jpg,40,9,213,244,wheelchair
/home/inavarro/Desktop/Workspace/ml/TensorFlow/keras-frcnn/images/ROIorig/wheelchair_183.jpg,273,197,470,374,wheelchair
/home/inavarro/Desktop/Workspace/ml/TensorFlow/keras-frcnn/images/ROIorig/wheelchair_18.jpg,7,9,199,223,wheelchair
/home/inavarro/Desktop/Workspace/ml/TensorFlow/keras-frcnn/images/ROIorig/wheelchair_259.jpg,410,265,639,483,wheelchair
/home/inavarro/Desktop/Workspace/ml/TensorFlow/keras-frcnn/images/ROIorig/wheelchair_226.jpg,156,166,310,324,wheelchair
/home/inavarro/Desktop/Workspace/ml/TensorFlow/keras-frcnn/images/ROIorig/wheelchair_226.jpg,261,45,416,211,wheelchair
/home/inavarro/Desktop/Workspace/ml/TensorFlow/keras-frcnn/images/ROIorig/wheelchair_174.jpg,198,583,902,1224,wheelchair
/home/inavarro/Desktop/Workspace/ml/TensorFlow/keras-frcnn/images/ROIorig/wheelchair_344.jpg,353,199,780,660,wheelchair
/home/inavarro/Desktop/Workspace/ml/TensorFlow/keras-frcnn/images/ROIorig/wheelchair_193.jpg,159,106,263,259,wheelchair
/home/inavarro/Desktop/Workspace/ml/TensorFlow/keras-frcnn/images/ROIorig/wheelchair_148.jpg,55,68,134,129,wheelchair
/home/inavarro/Desktop/Workspace/ml/TensorFlow/keras-frcnn/images/ROIorig/wheelchair_82.jpg,127,10,547,592,wheelchair
/home/inavarro/Desktop/Workspace/ml/TensorFlow/keras-frcnn/images/ROIorig/wheelchair_66.jpg,141,237,340,469,wheelchair
/home/inavarro/Desktop/Workspace/ml/TensorFlow/keras-frcnn/images/ROIorig/wheelchair_83.jpg,36,19,469,601,wheelchair
/home/inavarro/Desktop/Workspace/ml/TensorFlow/keras-frcnn/images/ROIorig/wheelchair_211.jpg,33,102,452,739,wheelchair
/home/inavarro/Desktop/Workspace/ml/TensorFlow/keras-frcnn/images/ROIorig/wheelchair_332.jpg,146,116,319,292,wheelchair
/home/inavarro/Desktop/Workspace/ml/TensorFlow/keras-frcnn/images/ROIorig/wheelchair_194.jpg,99,326,322,498,wheelchair
/home/inavarro/Desktop/Workspace/ml/TensorFlow/keras-frcnn/images/ROIorig/wheelchair_184.jpg,134,217,310,361,wheelchair
/home/inavarro/Desktop/Workspace/ml/TensorFlow/keras-frcnn/images/ROIorig/wheelchair_218.jpg,246,205,430,373,wheelchair
/home/inavarro/Desktop/Workspace/ml/TensorFlow/keras-frcnn/images/ROIorig/wheelchair_310.jpg,240,211,399,406,wheelchair
/home/inavarro/Desktop/Workspace/ml/TensorFlow/keras-frcnn/images/ROIorig/wheelchair_369.jpg,130,386,443,800,wheelchair
/home/inavarro/Desktop/Workspace/ml/TensorFlow/keras-frcnn/images/ROIorig/wheelchair_240.jpg,247,245,410,401,wheelchair
/home/inavarro/Desktop/Workspace/ml/TensorFlow/keras-frcnn/images/ROIorig/wheelchair_91.jpg,191,105,348,245,wheelchair
/home/inavarro/Desktop/Workspace/ml/TensorFlow/keras-frcnn/images/ROIorig/wheelchair_30.jpg,167,185,373,315,wheelchair
/home/inavarro/Desktop/Workspace/ml/TensorFlow/keras-frcnn/images/ROIorig/wheelchair_235.jpg,69,60,437,392,wheelchair
/home/inavarro/Desktop/Workspace/ml/TensorFlow/keras-frcnn/images/ROIorig/wheelchair_28.jpg,69,76,232,321,wheelchair
/home/inavarro/Desktop/Workspace/ml/TensorFlow/keras-frcnn/images/ROIorig/wheelchair_302.jpg,162,181,281,286,wheelchair
/home/inavarro/Desktop/Workspace/ml/TensorFlow/keras-frcnn/images/ROIorig/wheelchair_409.jpg,176,154,376,340,wheelchair
/home/inavarro/Desktop/Workspace/ml/TensorFlow/keras-frcnn/images/ROIorig/wheelchair_241.jpg,44,207,339,414,wheelchair
/home/inavarro/Desktop/Workspace/ml/TensorFlow/keras-frcnn/images/ROIorig/wheelchair_50.jpg,48,180,348,474,wheelchair
/home/inavarro/Desktop/Workspace/ml/TensorFlow/keras-frcnn/images/ROIreal/wheelchair_real_19.JPG,304,312,539,512,wheelchair
/home/inavarro/Desktop/Workspace/ml/TensorFlow/keras-frcnn/images/ROIreal/wheelchair_real_31.JPG,317,313,465,469,wheelchair
/home/inavarro/Desktop/Workspace/ml/TensorFlow/keras-frcnn/images/ROIreal/wheelchair_real_13.JPG,365,330,618,518,wheelchair
/home/inavarro/Desktop/Workspace/ml/TensorFlow/keras-frcnn/images/ROIreal/wheelchair_real_50.JPG,347,308,537,488,wheelchair
/home/inavarro/Desktop/Workspace/ml/TensorFlow/keras-frcnn/images/ROIreal/wheelchair_real_15.JPG,260,316,494,515,wheelchair
/home/inavarro/Desktop/Workspace/ml/TensorFlow/keras-frcnn/images/ROIreal/wheelchair_real_24.JPG,365,285,567,468,wheelchair
/home/inavarro/Desktop/Workspace/ml/TensorFlow/keras-frcnn/images/ROIreal/wheelchair_real_26.JPG,389,297,562,453,wheelchair
/home/inavarro/Desktop/Workspace/ml/TensorFlow/keras-frcnn/images/ROIreal/wheelchair_real_10.JPG,325,316,470,451,wheelchair
/home/inavarro/Desktop/Workspace/ml/TensorFlow/keras-frcnn/images/ROIorig/wheelchair_50.jpg,48,180,348,474,wheelchair
/home/inavarro/Desktop/Workspace/ml/TensorFlow/keras-frcnn/images/ROIorig/wheelchair_64.jpg,57,247,322,570,wheelchair
/home/inavarro/Desktop/Workspace/ml/TensorFlow/keras-frcnn/images/ROIorig/wheelchair_34.jpg,36,272,378,521,wheelchair
/home/inavarro/Desktop/Workspace/ml/TensorFlow/keras-frcnn/images/ROIorig/wheelchair_44.jpg,24,57,288,379,wheelchair
/home/inavarro/Desktop/Workspace/ml/TensorFlow/keras-frcnn/images/ROIorig/wheelchair_105.jpg,33,179,324,445,wheelchair
/home/inavarro/Desktop/Workspace/ml/TensorFlow/keras-frcnn/images/ROIorig/wheelchair_217.jpg,198,209,444,416,wheelchair
/home/inavarro/Desktop/Workspace/ml/TensorFlow/keras-frcnn/images/ROIorig/wheelchair_231.jpg,10,6,225,303,wheelchair
/home/inavarro/Desktop/Workspace/ml/TensorFlow/keras-frcnn/images/ROIorig/wheelchair_330.jpg,104,206,350,444,wheelchair
/home/inavarro/Desktop/Workspace/ml/TensorFlow/keras-frcnn/images/ROIorig/wheelchair_179.jpg,155,122,210,201,wheelchair
/home/inavarro/Desktop/Workspace/ml/TensorFlow/keras-frcnn/images/ROIorig/wheelchair_127.jpg,37,50,335,366,wheelchair
/home/inavarro/Desktop/Workspace/ml/TensorFlow/keras-frcnn/images/ROIorig/wheelchair_90.jpg,49,349,261,630,wheelchair
/home/inavarro/Desktop/Workspace/ml/TensorFlow/keras-frcnn/images/ROIorig/wheelchair_220.jpg,30,44,552,503,wheelchair
/home/inavarro/Desktop/Workspace/ml/TensorFlow/keras-frcnn/images/ROIorig/wheelchair_379.jpg,104,236,349,485,wheelchair
/home/inavarro/Desktop/Workspace/ml/TensorFlow/keras-frcnn/images/ROIorig/wheelchair_372.jpg,96,50,552,605,wheelchair
/home/inavarro/Desktop/Workspace/ml/TensorFlow/keras-frcnn/images/ROIorig/wheelchair_325.jpg,291,143,451,296,wheelchair
/home/inavarro/Desktop/Workspace/ml/TensorFlow/keras-frcnn/images/ROIorig/wheelchair_70.jpg,115,108,221,200,wheelchair
/home/inavarro/Desktop/Workspace/ml/TensorFlow/keras-frcnn/images/ROIorig/wheelchair_238.jpg,81,246,344,473,wheelchair
/home/inavarro/Desktop/Workspace/ml/TensorFlow/keras-frcnn/images/ROIorig/wheelchair_169.jpg,190,155,343,368,wheelchair
/home/inavarro/Desktop/Workspace/ml/TensorFlow/keras-frcnn/images/ROIorig/wheelchair_401.jpg,11,91,144,184,wheelchair
/home/inavarro/Desktop/Workspace/ml/TensorFlow/keras-frcnn/images/ROIorig/wheelchair_412.jpg,87,50,445,396,wheelchair
/home/inavarro/Desktop/Workspace/ml/TensorFlow/keras-frcnn/images/ROIorig/wheelchair_351.jpg,146,42,361,237,wheelchair
/home/inavarro/Desktop/Workspace/ml/TensorFlow/keras-frcnn/images/ROIorig/wheelchair_159.jpg,105,161,332,338,wheelchair
/home/inavarro/Desktop/Workspace/ml/TensorFlow/keras-frcnn/images/ROIorig/wheelchair_350.jpg,61,49,176,125,wheelchair
/home/inavarro/Desktop/Workspace/ml/TensorFlow/keras-frcnn/images/ROIorig/wheelchair_230.jpg,5,231,307,484,wheelchair
/home/inavarro/Desktop/Workspace/ml/TensorFlow/keras-frcnn/images/ROIorig/wheelchair_49.jpg,35,143,794,1004,wheelchair
/home/inavarro/Desktop/Workspace/ml/TensorFlow/keras-frcnn/images/ROIorig/wheelchair_295.jpg,197,187,326,302,wheelchair
/home/inavarro/Desktop/Workspace/ml/TensorFlow/keras-frcnn/images/ROIorig/wheelchair_257.jpg,20,17,162,189,wheelchair
/home/inavarro/Desktop/Workspace/ml/TensorFlow/keras-frcnn/images/ROIorig/wheelchair_340.jpg,115,463,484,768,wheelchair
/home/inavarro/Desktop/Workspace/ml/TensorFlow/keras-frcnn/images/ROIorig/wheelchair_190.jpg,245,241,479,473,wheelchair
/home/inavarro/Desktop/Workspace/ml/TensorFlow/keras-frcnn/images/ROIorig/wheelchair_101.jpg,9,8,317,348,wheelchair
/home/inavarro/Desktop/Workspace/ml/TensorFlow/keras-frcnn/images/ROIorig/wheelchair_264.jpg,238,327,442,495,wheelchair
/home/inavarro/Desktop/Workspace/ml/TensorFlow/keras-frcnn/images/ROIorig/wheelchair_278.jpg,229,297,484,566,wheelchair
/home/inavarro/Desktop/Workspace/ml/TensorFlow/keras-frcnn/images/ROIorig/wheelchair_151.jpg,211,83,368,356,wheelchair
/home/inavarro/Desktop/Workspace/ml/TensorFlow/keras-frcnn/images/ROIorig/wheelchair_197.jpg,638,46,1222,756,wheelchair
/home/inavarro/Desktop/Workspace/ml/TensorFlow/keras-frcnn/images/ROIorig/wheelchair_331.jpg,118,37,554,516,wheelchair
/home/inavarro/Desktop/Workspace/ml/TensorFlow/keras-frcnn/images/ROIorig/wheelchair_135.jpg,123,91,183,165,wheelchair
/home/inavarro/Desktop/Workspace/ml/TensorFlow/keras-frcnn/images/ROIorig/wheelchair_423.jpg,74,57,397,364,wheelchair
/home/inavarro/Desktop/Workspace/ml/TensorFlow/keras-frcnn/images/ROIorig/wheelchair_303.jpg,93,231,286,429,wheelchair
/home/inavarro/Desktop/Workspace/ml/TensorFlow/keras-frcnn/images/ROIorig/wheelchair_125.jpg,26,8,280,291,wheelchair
/home/inavarro/Desktop/Workspace/ml/TensorFlow/keras-frcnn/images/ROIorig/wheelchair_415.jpg,53,128,249,264,wheelchair
/home/inavarro/Desktop/Workspace/ml/TensorFlow/keras-frcnn/images/ROIorig/wheelchair_244.jpg,250,249,526,444,wheelchair
/home/inavarro/Desktop/Workspace/ml/TensorFlow/keras-frcnn/images/ROIorig/wheelchair_63.jpg,74,22,383,352,wheelchair
/home/inavarro/Desktop/Workspace/ml/TensorFlow/keras-frcnn/images/ROIorig/wheelchair_419.jpg,42,367,505,729,wheelchair
/home/inavarro/Desktop/Workspace/ml/TensorFlow/keras-frcnn/images/ROIorig/wheelchair_366.jpg,174,149,369,300,wheelchair
/home/inavarro/Desktop/Workspace/ml/TensorFlow/keras-frcnn/images/ROIorig/wheelchair_48.jpg,358,1,801,548,wheelchair
/home/inavarro/Desktop/Workspace/ml/TensorFlow/keras-frcnn/images/ROIorig/wheelchair_203.jpg,8,26,402,488,wheelchair
/home/inavarro/Desktop/Workspace/ml/TensorFlow/keras-frcnn/images/ROIorig/wheelchair_291.jpg,35,43,235,313,wheelchair
/home/inavarro/Desktop/Workspace/ml/TensorFlow/keras-frcnn/images/ROIorig/wheelchair_53.jpg,19,15,298,315,wheelchair
/home/inavarro/Desktop/Workspace/ml/TensorFlow/keras-frcnn/images/ROIorig/wheelchair_213.jpg,20,3,121,140,wheelchair
/home/inavarro/Desktop/Workspace/ml/TensorFlow/keras-frcnn/images/ROIorig/wheelchair_297.jpg,72,118,212,212,wheelchair
/home/inavarro/Desktop/Workspace/ml/TensorFlow/keras-frcnn/images/ROIorig/wheelchair_92.jpg,294,146,429,287,wheelchair
/home/inavarro/Desktop/Workspace/ml/TensorFlow/keras-frcnn/images/ROIorig/wheelchair_413.jpg,145,149,234,250,wheelchair
/home/inavarro/Desktop/Workspace/ml/TensorFlow/keras-frcnn/images/ROIorig/wheelchair_339.jpg,129,84,436,328,wheelchair
/home/inavarro/Desktop/Workspace/ml/TensorFlow/keras-frcnn/images/ROIorig/wheelchair_166.jpg,14,327,393,585,wheelchair
/home/inavarro/Desktop/Workspace/ml/TensorFlow/keras-frcnn/images/ROIorig/wheelchair_365.jpg,108,193,222,323,wheelchair
/home/inavarro/Desktop/Workspace/ml/TensorFlow/keras-frcnn/images/ROIorig/wheelchair_208.jpg,13,121,225,332,wheelchair
/home/inavarro/Desktop/Workspace/ml/TensorFlow/keras-frcnn/images/ROIorig/wheelchair_196.jpg,15,94,117,189,wheelchair
/home/inavarro/Desktop/Workspace/ml/TensorFlow/keras-frcnn/images/ROIorig/wheelchair_10.jpg,23,15,371,489,wheelchair
/home/inavarro/Desktop/Workspace/ml/TensorFlow/keras-frcnn/images/ROIorig/wheelchair_16.jpg,139,183,351,344,wheelchair
/home/inavarro/Desktop/Workspace/ml/TensorFlow/keras-frcnn/images/ROIorig/wheelchair_32.jpg,73,114,370,354,wheelchair
/home/inavarro/Desktop/Workspace/ml/TensorFlow/keras-frcnn/images/ROIorig/wheelchair_170.jpg,5,6,196,255,wheelchair
/home/inavarro/Desktop/Workspace/ml/TensorFlow/keras-frcnn/images/ROIorig/wheelchair_326.jpg,90,30,239,159,wheelchair
/home/inavarro/Desktop/Workspace/ml/TensorFlow/keras-frcnn/images/ROIorig/wheelchair_277.jpg,163,149,312,270,wheelchair
/home/inavarro/Desktop/Workspace/ml/TensorFlow/keras-frcnn/images/ROIorig/wheelchair_338.jpg,22,124,346,477,wheelchair
/home/inavarro/Desktop/Workspace/ml/TensorFlow/keras-frcnn/images/ROIorig/wheelchair_6.jpg,174,123,311,254,wheelchair
/home/inavarro/Desktop/Workspace/ml/TensorFlow/keras-frcnn/images/ROIorig/wheelchair_357.jpg,13,226,239,411,wheelchair
/home/inavarro/Desktop/Workspace/ml/TensorFlow/keras-frcnn/images/ROIorig/wheelchair_290.jpg,110,361,695,1060,wheelchair
/home/inavarro/Desktop/Workspace/ml/TensorFlow/keras-frcnn/images/ROIorig/wheelchair_335.jpg,216,482,572,778,wheelchair
/home/inavarro/Desktop/Workspace/ml/TensorFlow/keras-frcnn/images/ROIorig/wheelchair_387.jpg,191,216,415,410,wheelchair
/home/inavarro/Desktop/Workspace/ml/TensorFlow/keras-frcnn/images/ROIorig/wheelchair_133.jpg,76,45,411,355,wheelchair
/home/inavarro/Desktop/Workspace/ml/TensorFlow/keras-frcnn/images/ROIorig/wheelchair_171.jpg,278,257,544,447,wheelchair
