/home/inavarro/Desktop/keras/images/reduced_dataset/wheelchair_1.jpg,193,220,409,411,wheelchair
/home/inavarro/Desktop/keras/images/reduced_dataset/wheelchair_10.jpg,152,502,539,808,wheelchair
/home/inavarro/Desktop/keras/images/reduced_dataset/wheelchair_100.jpg,44,71,169,182,wheelchair
/home/inavarro/Desktop/keras/images/reduced_dataset/wheelchair_103.jpg,1,198,679,935,wheelchair
/home/inavarro/Desktop/keras/images/reduced_dataset/wheelchair_104.jpg,32,65,259,308,wheelchair
/home/inavarro/Desktop/keras/images/reduced_dataset/wheelchair_105.jpg,19,100,282,334,wheelchair
/home/inavarro/Desktop/keras/images/reduced_dataset/wheelchair_109.jpg,159,178,374,316,wheelchair
/home/inavarro/Desktop/keras/images/reduced_dataset/wheelchair_11.jpg,139,221,310,361,wheelchair
/home/inavarro/Desktop/keras/images/reduced_dataset/wheelchair_110.jpg,196,185,325,306,wheelchair
/home/inavarro/Desktop/keras/images/reduced_dataset/wheelchair_111.jpg,219,114,446,396,wheelchair
/home/inavarro/Desktop/keras/images/reduced_dataset/wheelchair_113.jpg,72,152,371,350,wheelchair
/home/inavarro/Desktop/keras/images/reduced_dataset/wheelchair_114.jpg,168,129,561,528,wheelchair
/home/inavarro/Desktop/keras/images/reduced_dataset/wheelchair_115.jpg,24,91,475,503,wheelchair
/home/inavarro/Desktop/keras/images/reduced_dataset/wheelchair_116.jpg,119,65,309,284,wheelchair
/home/inavarro/Desktop/keras/images/reduced_dataset/wheelchair_117.jpg,21,75,348,371,wheelchair
/home/inavarro/Desktop/keras/images/reduced_dataset/wheelchair_118.jpg,58,20,385,356,wheelchair
/home/inavarro/Desktop/keras/images/reduced_dataset/wheelchair_119.jpg,21,140,420,566,wheelchair
/home/inavarro/Desktop/keras/images/reduced_dataset/wheelchair_12.jpg,232,129,414,290,wheelchair
/home/inavarro/Desktop/keras/images/reduced_dataset/wheelchair_120.jpg,46,88,462,460,wheelchair
/home/inavarro/Desktop/keras/images/reduced_dataset/wheelchair_121.jpg,48,147,377,445,wheelchair
/home/inavarro/Desktop/keras/images/reduced_dataset/wheelchair_122.jpg,264,208,442,419,wheelchair
/home/inavarro/Desktop/keras/images/reduced_dataset/wheelchair_124.jpg,101,99,334,366,wheelchair
/home/inavarro/Desktop/keras/images/reduced_dataset/wheelchair_126.jpg,171,18,566,443,wheelchair
/home/inavarro/Desktop/keras/images/reduced_dataset/wheelchair_129.jpg,147,135,696,776,wheelchair
/home/inavarro/Desktop/keras/images/reduced_dataset/wheelchair_13.jpg,173,124,305,251,wheelchair
/home/inavarro/Desktop/keras/images/reduced_dataset/wheelchair_130.jpg,92,80,346,339,wheelchair
/home/inavarro/Desktop/keras/images/reduced_dataset/wheelchair_131.jpg,19,67,287,351,wheelchair
/home/inavarro/Desktop/keras/images/reduced_dataset/wheelchair_132.jpg,99,65,331,301,wheelchair
/home/inavarro/Desktop/keras/images/reduced_dataset/wheelchair_134.jpg,36,243,459,747,wheelchair
/home/inavarro/Desktop/keras/images/reduced_dataset/wheelchair_135.jpg,75,45,235,180,wheelchair
/home/inavarro/Desktop/keras/images/reduced_dataset/wheelchair_137.jpg,143,100,434,390,wheelchair
/home/inavarro/Desktop/keras/images/reduced_dataset/wheelchair_138.jpg,127,103,439,384,wheelchair
/home/inavarro/Desktop/keras/images/reduced_dataset/wheelchair_139.jpg,150,136,509,410,wheelchair
/home/inavarro/Desktop/keras/images/reduced_dataset/wheelchair_14.jpg,8,42,199,224,wheelchair
/home/inavarro/Desktop/keras/images/reduced_dataset/wheelchair_140.jpg,39,102,384,445,wheelchair
/home/inavarro/Desktop/keras/images/reduced_dataset/wheelchair_141.jpg,27,169,342,479,wheelchair
/home/inavarro/Desktop/keras/images/reduced_dataset/wheelchair_142.jpg,175,105,440,450,wheelchair
/home/inavarro/Desktop/keras/images/reduced_dataset/wheelchair_143.jpg,104,70,435,376,wheelchair
/home/inavarro/Desktop/keras/images/reduced_dataset/wheelchair_144.jpg,43,354,506,727,wheelchair
/home/inavarro/Desktop/keras/images/reduced_dataset/wheelchair_145.jpg,87,65,313,295,wheelchair
/home/inavarro/Desktop/keras/images/reduced_dataset/wheelchair_146.jpg,204,444,532,790,wheelchair
/home/inavarro/Desktop/keras/images/reduced_dataset/wheelchair_147.jpg,79,96,359,393,wheelchair
/home/inavarro/Desktop/keras/images/reduced_dataset/wheelchair_148.jpg,100,53,385,304,wheelchair
/home/inavarro/Desktop/keras/images/reduced_dataset/wheelchair_149.jpg,142,89,520,414,wheelchair
/home/inavarro/Desktop/keras/images/reduced_dataset/wheelchair_15.jpg,36,377,336,692,wheelchair
/home/inavarro/Desktop/keras/images/reduced_dataset/wheelchair_150.jpg,123,45,552,516,wheelchair
/home/inavarro/Desktop/keras/images/reduced_dataset/wheelchair_151.jpg,128,59,374,321,wheelchair
/home/inavarro/Desktop/keras/images/reduced_dataset/wheelchair_153.jpg,107,70,329,294,wheelchair
/home/inavarro/Desktop/keras/images/reduced_dataset/wheelchair_155.jpg,50,198,352,477,wheelchair
/home/inavarro/Desktop/keras/images/reduced_dataset/wheelchair_156.jpg,179,110,567,503,wheelchair
/home/inavarro/Desktop/keras/images/reduced_dataset/wheelchair_157.jpg,97,101,547,602,wheelchair
/home/inavarro/Desktop/keras/images/reduced_dataset/wheelchair_158.jpg,108,151,467,469,wheelchair
/home/inavarro/Desktop/keras/images/reduced_dataset/wheelchair_159.jpg,78,87,329,355,wheelchair
/home/inavarro/Desktop/keras/images/reduced_dataset/wheelchair_16.jpg,151,322,362,575,wheelchair
/home/inavarro/Desktop/keras/images/reduced_dataset/wheelchair_161.jpg,234,85,581,581,wheelchair
/home/inavarro/Desktop/keras/images/reduced_dataset/wheelchair_162.jpg,93,77,463,544,wheelchair
/home/inavarro/Desktop/keras/images/reduced_dataset/wheelchair_163.jpg,119,107,451,414,wheelchair
/home/inavarro/Desktop/keras/images/reduced_dataset/wheelchair_164.jpg,79,84,444,500,wheelchair
/home/inavarro/Desktop/keras/images/reduced_dataset/wheelchair_165.jpg,280,157,460,354,wheelchair
/home/inavarro/Desktop/keras/images/reduced_dataset/wheelchair_166.jpg,219,212,463,401,wheelchair
/home/inavarro/Desktop/keras/images/reduced_dataset/wheelchair_167.jpg,4,61,351,431,wheelchair
/home/inavarro/Desktop/keras/images/reduced_dataset/wheelchair_168.jpg,33,39,220,247,wheelchair
/home/inavarro/Desktop/keras/images/reduced_dataset/wheelchair_169.jpg,78,106,379,379,wheelchair
/home/inavarro/Desktop/keras/images/reduced_dataset/wheelchair_170.jpg,94,225,423,516,wheelchair
/home/inavarro/Desktop/keras/images/reduced_dataset/wheelchair_172.jpg,169,85,492,349,wheelchair
/home/inavarro/Desktop/keras/images/reduced_dataset/wheelchair_173.jpg,104,53,322,247,wheelchair
/home/inavarro/Desktop/keras/images/reduced_dataset/wheelchair_174.jpg,20,73,267,328,wheelchair
/home/inavarro/Desktop/keras/images/reduced_dataset/wheelchair_175.jpg,41,86,304,298,wheelchair
/home/inavarro/Desktop/keras/images/reduced_dataset/wheelchair_176.jpg,58,89,256,288,wheelchair
/home/inavarro/Desktop/keras/images/reduced_dataset/wheelchair_177.jpg,122,117,546,590,wheelchair
/home/inavarro/Desktop/keras/images/reduced_dataset/wheelchair_178.jpg,193,118,627,596,wheelchair
/home/inavarro/Desktop/keras/images/reduced_dataset/wheelchair_18.jpg,14,141,236,336,wheelchair
/home/inavarro/Desktop/keras/images/reduced_dataset/wheelchair_181.jpg,466,32,686,267,wheelchair
/home/inavarro/Desktop/keras/images/reduced_dataset/wheelchair_182.jpg,64,72,396,496,wheelchair
/home/inavarro/Desktop/keras/images/reduced_dataset/wheelchair_183.jpg,60,252,323,571,wheelchair
/home/inavarro/Desktop/keras/images/reduced_dataset/wheelchair_184.jpg,131,192,371,431,wheelchair
/home/inavarro/Desktop/keras/images/reduced_dataset/wheelchair_185.jpg,28,111,291,352,wheelchair
/home/inavarro/Desktop/keras/images/reduced_dataset/wheelchair_187.jpg,34,80,203,237,wheelchair
/home/inavarro/Desktop/keras/images/reduced_dataset/wheelchair_188.jpg,198,110,346,247,wheelchair
/home/inavarro/Desktop/keras/images/reduced_dataset/wheelchair_189.jpg,274,150,587,433,wheelchair
/home/inavarro/Desktop/keras/images/reduced_dataset/wheelchair_19.jpg,93,309,208,427,wheelchair
/home/inavarro/Desktop/keras/images/reduced_dataset/wheelchair_190.jpg,437,295,615,451,wheelchair
/home/inavarro/Desktop/keras/images/reduced_dataset/wheelchair_191.jpg,3,3,190,201,wheelchair
/home/inavarro/Desktop/keras/images/reduced_dataset/wheelchair_192.jpg,57,107,420,452,wheelchair
/home/inavarro/Desktop/keras/images/reduced_dataset/wheelchair_193.jpg,12,39,220,244,wheelchair
/home/inavarro/Desktop/keras/images/reduced_dataset/wheelchair_196.jpg,174,207,419,410,wheelchair
/home/inavarro/Desktop/keras/images/reduced_dataset/wheelchair_198.jpg,34,113,469,600,wheelchair
/home/inavarro/Desktop/keras/images/reduced_dataset/wheelchair_199.jpg,152,186,318,326,wheelchair
/home/inavarro/Desktop/keras/images/reduced_dataset/wheelchair_2.jpg,236,187,721,545,wheelchair
/home/inavarro/Desktop/keras/images/reduced_dataset/wheelchair_20.jpg,51,278,314,495,wheelchair
/home/inavarro/Desktop/keras/images/reduced_dataset/wheelchair_203.jpg,37,32,176,237,wheelchair
/home/inavarro/Desktop/keras/images/reduced_dataset/wheelchair_207.jpg,45,49,250,272,wheelchair
/home/inavarro/Desktop/keras/images/reduced_dataset/wheelchair_208.jpg,48,357,261,627,wheelchair
/home/inavarro/Desktop/keras/images/reduced_dataset/wheelchair_21.jpg,20,300,283,574,wheelchair
/home/inavarro/Desktop/keras/images/reduced_dataset/wheelchair_210.jpg,18,156,152,264,wheelchair
/home/inavarro/Desktop/keras/images/reduced_dataset/wheelchair_214.jpg,191,49,401,257,wheelchair
/home/inavarro/Desktop/keras/images/reduced_dataset/wheelchair_217.jpg,105,55,417,390,wheelchair
/home/inavarro/Desktop/keras/images/reduced_dataset/wheelchair_219.jpg,15,25,129,155,wheelchair
/home/inavarro/Desktop/keras/images/reduced_dataset/wheelchair_22.jpg,625,391,798,589,wheelchair
/home/inavarro/Desktop/keras/images/reduced_dataset/wheelchair_221.jpg,273,194,470,373,wheelchair
/home/inavarro/Desktop/keras/images/reduced_dataset/wheelchair_222.jpg,85,313,431,621,wheelchair
/home/inavarro/Desktop/keras/images/reduced_dataset/wheelchair_224.jpg,33,67,201,233,wheelchair
/home/inavarro/Desktop/keras/images/reduced_dataset/wheelchair_225.jpg,76,55,504,526,wheelchair
/home/inavarro/Desktop/keras/images/reduced_dataset/wheelchair_227.jpg,64,248,530,815,wheelchair
/home/inavarro/Desktop/keras/images/reduced_dataset/wheelchair_228.jpg,3,17,122,157,wheelchair
/home/inavarro/Desktop/keras/images/reduced_dataset/wheelchair_23.jpg,114,108,221,199,wheelchair
/home/inavarro/Desktop/keras/images/reduced_dataset/wheelchair_230.jpg,89,46,265,238,wheelchair
/home/inavarro/Desktop/keras/images/reduced_dataset/wheelchair_233.jpg,159,49,423,271,wheelchair
/home/inavarro/Desktop/keras/images/reduced_dataset/wheelchair_234.jpg,32,115,198,294,wheelchair
/home/inavarro/Desktop/keras/images/reduced_dataset/wheelchair_237.jpg,1,27,205,215,wheelchair
/home/inavarro/Desktop/keras/images/reduced_dataset/wheelchair_238.jpg,56,61,283,294,wheelchair
/home/inavarro/Desktop/keras/images/reduced_dataset/wheelchair_240.jpg,106,40,226,158,wheelchair
/home/inavarro/Desktop/keras/images/reduced_dataset/wheelchair_242.jpg,22,41,256,305,wheelchair
/home/inavarro/Desktop/keras/images/reduced_dataset/wheelchair_244.jpg,142,215,311,367,wheelchair
/home/inavarro/Desktop/keras/images/reduced_dataset/wheelchair_246.jpg,179,239,340,417,wheelchair
/home/inavarro/Desktop/keras/images/reduced_dataset/wheelchair_25.jpg,267,150,431,288,wheelchair
/home/inavarro/Desktop/keras/images/reduced_dataset/wheelchair_253.jpg,300,279,801,1009,wheelchair
/home/inavarro/Desktop/keras/images/reduced_dataset/wheelchair_254.jpg,40,29,197,175,wheelchair
/home/inavarro/Desktop/keras/images/reduced_dataset/wheelchair_255.jpg,15,80,107,189,wheelchair
/home/inavarro/Desktop/keras/images/reduced_dataset/wheelchair_258.jpg,293,351,777,752,wheelchair
/home/inavarro/Desktop/keras/images/reduced_dataset/wheelchair_259.jpg,46,195,338,410,wheelchair
/home/inavarro/Desktop/keras/images/reduced_dataset/wheelchair_262.jpg,70,121,668,690,wheelchair
/home/inavarro/Desktop/keras/images/reduced_dataset/wheelchair_266.jpg,144,314,447,564,wheelchair
/home/inavarro/Desktop/keras/images/reduced_dataset/wheelchair_268.jpg,144,237,251,329,wheelchair
/home/inavarro/Desktop/keras/images/reduced_dataset/wheelchair_27.jpg,55,58,234,257,wheelchair
/home/inavarro/Desktop/keras/images/reduced_dataset/wheelchair_271.jpg,112,406,385,609,wheelchair
/home/inavarro/Desktop/keras/images/reduced_dataset/wheelchair_276.jpg,329,178,428,295,wheelchair
/home/inavarro/Desktop/keras/images/reduced_dataset/wheelchair_277.jpg,188,247,512,560,wheelchair
/home/inavarro/Desktop/keras/images/reduced_dataset/wheelchair_28.jpg,115,226,455,426,wheelchair
/home/inavarro/Desktop/keras/images/reduced_dataset/wheelchair_285.jpg,135,143,236,251,wheelchair
/home/inavarro/Desktop/keras/images/reduced_dataset/wheelchair_285.jpg,233,77,373,192,wheelchair
/home/inavarro/Desktop/keras/images/reduced_dataset/wheelchair_288.jpg,105,170,316,338,wheelchair
/home/inavarro/Desktop/keras/images/reduced_dataset/wheelchair_289.jpg,181,84,493,378,wheelchair
/home/inavarro/Desktop/keras/images/reduced_dataset/wheelchair_29.jpg,53,230,322,507,wheelchair
/home/inavarro/Desktop/keras/images/reduced_dataset/wheelchair_293.jpg,167,186,299,325,wheelchair
/home/inavarro/Desktop/keras/images/reduced_dataset/wheelchair_295.jpg,14,352,371,819,wheelchair
/home/inavarro/Desktop/keras/images/reduced_dataset/wheelchair_298.jpg,80,140,259,306,wheelchair
/home/inavarro/Desktop/keras/images/reduced_dataset/wheelchair_299.jpg,203,603,898,1230,wheelchair
/home/inavarro/Desktop/keras/images/reduced_dataset/wheelchair_3.jpg,162,110,344,275,wheelchair
/home/inavarro/Desktop/keras/images/reduced_dataset/wheelchair_30.jpg,141,450,487,771,wheelchair
/home/inavarro/Desktop/keras/images/reduced_dataset/wheelchair_307.jpg,333,293,633,534,wheelchair
/home/inavarro/Desktop/keras/images/reduced_dataset/wheelchair_31.jpg,187,110,294,199,wheelchair
/home/inavarro/Desktop/keras/images/reduced_dataset/wheelchair_310.jpg,44,23,395,396,wheelchair
/home/inavarro/Desktop/keras/images/reduced_dataset/wheelchair_315.jpg,47,31,179,166,wheelchair
/home/inavarro/Desktop/keras/images/reduced_dataset/wheelchair_32.jpg,96,227,370,454,wheelchair
/home/inavarro/Desktop/keras/images/reduced_dataset/wheelchair_321.jpg,1,230,232,470,wheelchair
/home/inavarro/Desktop/keras/images/reduced_dataset/wheelchair_322.jpg,193,183,355,361,wheelchair
/home/inavarro/Desktop/keras/images/reduced_dataset/wheelchair_326.jpg,208,189,371,355,wheelchair
/home/inavarro/Desktop/keras/images/reduced_dataset/wheelchair_327.jpg,216,169,383,319,wheelchair
/home/inavarro/Desktop/keras/images/reduced_dataset/wheelchair_328.jpg,134,83,471,481,wheelchair
/home/inavarro/Desktop/keras/images/reduced_dataset/wheelchair_329.jpg,30,83,347,365,wheelchair
/home/inavarro/Desktop/keras/images/reduced_dataset/wheelchair_33.jpg,253,467,577,782,wheelchair
/home/inavarro/Desktop/keras/images/reduced_dataset/wheelchair_330.jpg,142,125,266,216,wheelchair
/home/inavarro/Desktop/keras/images/reduced_dataset/wheelchair_331.jpg,108,564,758,1221,wheelchair
/home/inavarro/Desktop/keras/images/reduced_dataset/wheelchair_333.jpg,227,286,489,559,wheelchair
/home/inavarro/Desktop/keras/images/reduced_dataset/wheelchair_336.jpg,29,80,163,181,wheelchair
/home/inavarro/Desktop/keras/images/reduced_dataset/wheelchair_338.jpg,133,141,221,213,wheelchair
/home/inavarro/Desktop/keras/images/reduced_dataset/wheelchair_34.jpg,117,206,309,377,wheelchair
/home/inavarro/Desktop/keras/images/reduced_dataset/wheelchair_344.jpg,156,206,401,405,wheelchair
/home/inavarro/Desktop/keras/images/reduced_dataset/wheelchair_345.jpg,397,237,532,456,wheelchair
/home/inavarro/Desktop/keras/images/reduced_dataset/wheelchair_347.jpg,27,137,133,246,wheelchair
/home/inavarro/Desktop/keras/images/reduced_dataset/wheelchair_35.jpg,232,195,416,355,wheelchair
/home/inavarro/Desktop/keras/images/reduced_dataset/wheelchair_355.jpg,119,223,295,392,wheelchair
/home/inavarro/Desktop/keras/images/reduced_dataset/wheelchair_356.jpg,127,159,212,236,wheelchair
/home/inavarro/Desktop/keras/images/reduced_dataset/wheelchair_357.jpg,33,253,298,476,wheelchair
/home/inavarro/Desktop/keras/images/reduced_dataset/wheelchair_36.jpg,119,134,189,209,wheelchair
/home/inavarro/Desktop/keras/images/reduced_dataset/wheelchair_360.jpg,10,147,116,254,wheelchair
/home/inavarro/Desktop/keras/images/reduced_dataset/wheelchair_363.jpg,161,157,262,263,wheelchair
/home/inavarro/Desktop/keras/images/reduced_dataset/wheelchair_364.jpg,102,322,322,499,wheelchair
/home/inavarro/Desktop/keras/images/reduced_dataset/wheelchair_373.jpg,28,170,78,222,wheelchair
/home/inavarro/Desktop/keras/images/reduced_dataset/wheelchair_376.jpg,103,258,277,411,wheelchair
/home/inavarro/Desktop/keras/images/reduced_dataset/wheelchair_38.jpg,146,228,373,432,wheelchair
/home/inavarro/Desktop/keras/images/reduced_dataset/wheelchair_380.jpg,21,116,288,380,wheelchair
/home/inavarro/Desktop/keras/images/reduced_dataset/wheelchair_381.jpg,25,209,266,440,wheelchair
/home/inavarro/Desktop/keras/images/reduced_dataset/wheelchair_382.jpg,266,181,515,355,wheelchair
/home/inavarro/Desktop/keras/images/reduced_dataset/wheelchair_385.jpg,17,17,128,139,wheelchair
/home/inavarro/Desktop/keras/images/reduced_dataset/wheelchair_388.jpg,146,162,298,318,wheelchair
/home/inavarro/Desktop/keras/images/reduced_dataset/wheelchair_388.jpg,270,48,428,219,wheelchair
/home/inavarro/Desktop/keras/images/reduced_dataset/wheelchair_39.jpg,16,183,300,439,wheelchair
/home/inavarro/Desktop/keras/images/reduced_dataset/wheelchair_390.jpg,4,25,120,142,wheelchair
/home/inavarro/Desktop/keras/images/reduced_dataset/wheelchair_392.jpg,109,158,255,260,wheelchair
/home/inavarro/Desktop/keras/images/reduced_dataset/wheelchair_394.jpg,112,140,285,259,wheelchair
/home/inavarro/Desktop/keras/images/reduced_dataset/wheelchair_4.jpg,62,101,329,331,wheelchair
/home/inavarro/Desktop/keras/images/reduced_dataset/wheelchair_40.jpg,32,38,201,247,wheelchair
/home/inavarro/Desktop/keras/images/reduced_dataset/wheelchair_402.jpg,3,22,95,119,wheelchair
/home/inavarro/Desktop/keras/images/reduced_dataset/wheelchair_403.jpg,101,132,399,372,wheelchair
/home/inavarro/Desktop/keras/images/reduced_dataset/wheelchair_406.jpg,48,69,552,563,wheelchair
/home/inavarro/Desktop/keras/images/reduced_dataset/wheelchair_408.jpg,22,96,301,318,wheelchair
/home/inavarro/Desktop/keras/images/reduced_dataset/wheelchair_41.jpg,9,172,198,313,wheelchair
/home/inavarro/Desktop/keras/images/reduced_dataset/wheelchair_414.jpg,40,27,239,211,wheelchair
/home/inavarro/Desktop/keras/images/reduced_dataset/wheelchair_415.jpg,3,24,129,146,wheelchair
/home/inavarro/Desktop/keras/images/reduced_dataset/wheelchair_416.jpg,13,27,136,164,wheelchair
/home/inavarro/Desktop/keras/images/reduced_dataset/wheelchair_418.jpg,286,239,481,473,wheelchair
/home/inavarro/Desktop/keras/images/reduced_dataset/wheelchair_42.jpg,616,441,962,852,wheelchair
/home/inavarro/Desktop/keras/images/reduced_dataset/wheelchair_420.jpg,5,82,397,487,wheelchair
/home/inavarro/Desktop/keras/images/reduced_dataset/wheelchair_421.jpg,70,260,193,430,wheelchair
/home/inavarro/Desktop/keras/images/reduced_dataset/wheelchair_423.jpg,19,43,219,258,wheelchair
/home/inavarro/Desktop/keras/images/reduced_dataset/wheelchair_424.jpg,12,22,91,98,wheelchair
/home/inavarro/Desktop/keras/images/reduced_dataset/wheelchair_426.jpg,12,21,111,136,wheelchair
/home/inavarro/Desktop/keras/images/reduced_dataset/wheelchair_427.jpg,25,46,191,191,wheelchair
/home/inavarro/Desktop/keras/images/reduced_dataset/wheelchair_430.jpg,251,212,433,373,wheelchair
/home/inavarro/Desktop/keras/images/reduced_dataset/wheelchair_437.jpg,119,100,280,248,wheelchair
/home/inavarro/Desktop/keras/images/reduced_dataset/wheelchair_44.jpg,217,133,513,468,wheelchair
/home/inavarro/Desktop/keras/images/reduced_dataset/wheelchair_443.jpg,42,85,209,245,wheelchair
/home/inavarro/Desktop/keras/images/reduced_dataset/wheelchair_444.jpg,108,388,475,702,wheelchair
/home/inavarro/Desktop/keras/images/reduced_dataset/wheelchair_445.jpg,74,254,347,469,wheelchair
/home/inavarro/Desktop/keras/images/reduced_dataset/wheelchair_45.jpg,78,207,281,389,wheelchair
/home/inavarro/Desktop/keras/images/reduced_dataset/wheelchair_458.jpg,13,114,170,250,wheelchair
/home/inavarro/Desktop/keras/images/reduced_dataset/wheelchair_459.jpg,8,33,248,289,wheelchair
/home/inavarro/Desktop/keras/images/reduced_dataset/wheelchair_46.jpg,205,197,364,333,wheelchair
/home/inavarro/Desktop/keras/images/reduced_dataset/wheelchair_460.jpg,104,126,500,461,wheelchair
/home/inavarro/Desktop/keras/images/reduced_dataset/wheelchair_461.jpg,24,47,167,186,wheelchair
/home/inavarro/Desktop/keras/images/reduced_dataset/wheelchair_462.jpg,43,55,381,360,wheelchair
/home/inavarro/Desktop/keras/images/reduced_dataset/wheelchair_463.jpg,1,37,179,201,wheelchair
/home/inavarro/Desktop/keras/images/reduced_dataset/wheelchair_464.jpg,41,33,299,275,wheelchair
/home/inavarro/Desktop/keras/images/reduced_dataset/wheelchair_465.jpg,37,72,234,272,wheelchair
/home/inavarro/Desktop/keras/images/reduced_dataset/wheelchair_47.jpg,12,271,307,487,wheelchair
/home/inavarro/Desktop/keras/images/reduced_dataset/wheelchair_475.jpg,45,80,306,340,wheelchair
/home/inavarro/Desktop/keras/images/reduced_dataset/wheelchair_477.jpg,77,423,433,710,wheelchair
/home/inavarro/Desktop/keras/images/reduced_dataset/wheelchair_479.jpg,9,77,111,163,wheelchair
/home/inavarro/Desktop/keras/images/reduced_dataset/wheelchair_48.jpg,141,150,348,356,wheelchair
/home/inavarro/Desktop/keras/images/reduced_dataset/wheelchair_481.jpg,141,262,322,539,wheelchair
/home/inavarro/Desktop/keras/images/reduced_dataset/wheelchair_481.jpg,696,271,950,603,wheelchair
/home/inavarro/Desktop/keras/images/reduced_dataset/wheelchair_484.jpg,179,106,324,238,wheelchair
/home/inavarro/Desktop/keras/images/reduced_dataset/wheelchair_485.jpg,120,371,696,1062,wheelchair
/home/inavarro/Desktop/keras/images/reduced_dataset/wheelchair_486.jpg,70,424,587,833,wheelchair
/home/inavarro/Desktop/keras/images/reduced_dataset/wheelchair_489.jpg,410,269,638,483,wheelchair
/home/inavarro/Desktop/keras/images/reduced_dataset/wheelchair_49.jpg,120,184,244,323,wheelchair
/home/inavarro/Desktop/keras/images/reduced_dataset/wheelchair_490.jpg,50,194,283,341,wheelchair
/home/inavarro/Desktop/keras/images/reduced_dataset/wheelchair_492.jpg,17,81,107,191,wheelchair
/home/inavarro/Desktop/keras/images/reduced_dataset/wheelchair_495.jpg,249,246,435,441,wheelchair
/home/inavarro/Desktop/keras/images/reduced_dataset/wheelchair_496.jpg,41,89,159,189,wheelchair
/home/inavarro/Desktop/keras/images/reduced_dataset/wheelchair_497.jpg,223,260,354,416,wheelchair
/home/inavarro/Desktop/keras/images/reduced_dataset/wheelchair_498.jpg,100,187,222,321,wheelchair
/home/inavarro/Desktop/keras/images/reduced_dataset/wheelchair_499.jpg,251,155,410,320,wheelchair
/home/inavarro/Desktop/keras/images/reduced_dataset/wheelchair_5.jpg,112,117,260,248,wheelchair
/home/inavarro/Desktop/keras/images/reduced_dataset/wheelchair_50.jpg,252,185,412,319,wheelchair
/home/inavarro/Desktop/keras/images/reduced_dataset/wheelchair_501.jpg,183,151,326,350,wheelchair
/home/inavarro/Desktop/keras/images/reduced_dataset/wheelchair_503.jpg,26,174,186,352,wheelchair
/home/inavarro/Desktop/keras/images/reduced_dataset/wheelchair_504.jpg,10,95,145,184,wheelchair
/home/inavarro/Desktop/keras/images/reduced_dataset/wheelchair_505.jpg,145,162,235,252,wheelchair
/home/inavarro/Desktop/keras/images/reduced_dataset/wheelchair_506.jpg,87,136,188,265,wheelchair
/home/inavarro/Desktop/keras/images/reduced_dataset/wheelchair_507.jpg,81,75,180,150,wheelchair
/home/inavarro/Desktop/keras/images/reduced_dataset/wheelchair_51.jpg,87,252,338,499,wheelchair
/home/inavarro/Desktop/keras/images/reduced_dataset/wheelchair_510.jpg,38,172,190,311,wheelchair
/home/inavarro/Desktop/keras/images/reduced_dataset/wheelchair_511.jpg,87,108,195,186,wheelchair
/home/inavarro/Desktop/keras/images/reduced_dataset/wheelchair_512.jpg,47,38,244,222,wheelchair
/home/inavarro/Desktop/keras/images/reduced_dataset/wheelchair_514.jpg,124,90,184,160,wheelchair
/home/inavarro/Desktop/keras/images/reduced_dataset/wheelchair_515.jpg,57,71,126,129,wheelchair
/home/inavarro/Desktop/keras/images/reduced_dataset/wheelchair_517.jpg,47,110,197,210,wheelchair
/home/inavarro/Desktop/keras/images/reduced_dataset/wheelchair_518.jpg,15,97,114,190,wheelchair
/home/inavarro/Desktop/keras/images/reduced_dataset/wheelchair_520.jpg,31,93,97,150,wheelchair
/home/inavarro/Desktop/keras/images/reduced_dataset/wheelchair_521.jpg,127,99,436,330,wheelchair
/home/inavarro/Desktop/keras/images/reduced_dataset/wheelchair_523.jpg,17,85,112,169,wheelchair
/home/inavarro/Desktop/keras/images/reduced_dataset/wheelchair_524.jpg,17,98,149,204,wheelchair
/home/inavarro/Desktop/keras/images/reduced_dataset/wheelchair_525.jpg,1,125,189,265,wheelchair
/home/inavarro/Desktop/keras/images/reduced_dataset/wheelchair_526.jpg,14,98,130,184,wheelchair
/home/inavarro/Desktop/keras/images/reduced_dataset/wheelchair_527.jpg,72,118,213,214,wheelchair
/home/inavarro/Desktop/keras/images/reduced_dataset/wheelchair_53.jpg,58,77,294,325,wheelchair
/home/inavarro/Desktop/keras/images/reduced_dataset/wheelchair_530.jpg,128,113,217,237,wheelchair
/home/inavarro/Desktop/keras/images/reduced_dataset/wheelchair_531.jpg,163,182,281,287,wheelchair
/home/inavarro/Desktop/keras/images/reduced_dataset/wheelchair_532.jpg,55,187,220,320,wheelchair
/home/inavarro/Desktop/keras/images/reduced_dataset/wheelchair_534.jpg,140,211,260,395,wheelchair
/home/inavarro/Desktop/keras/images/reduced_dataset/wheelchair_535.jpg,303,173,424,271,wheelchair
/home/inavarro/Desktop/keras/images/reduced_dataset/wheelchair_540.jpg,90,103,182,184,wheelchair
/home/inavarro/Desktop/keras/images/reduced_dataset/wheelchair_543.jpg,132,227,246,359,wheelchair
/home/inavarro/Desktop/keras/images/reduced_dataset/wheelchair_544.jpg,19,109,580,593,wheelchair
/home/inavarro/Desktop/keras/images/reduced_dataset/wheelchair_545.jpg,578,441,1025,820,wheelchair
/home/inavarro/Desktop/keras/images/reduced_dataset/wheelchair_547.jpg,5,47,225,247,wheelchair
/home/inavarro/Desktop/keras/images/reduced_dataset/wheelchair_55.jpg,454,302,731,557,wheelchair
/home/inavarro/Desktop/keras/images/reduced_dataset/wheelchair_550.jpg,152,209,311,356,wheelchair
/home/inavarro/Desktop/keras/images/reduced_dataset/wheelchair_553.jpg,111,318,415,533,wheelchair
/home/inavarro/Desktop/keras/images/reduced_dataset/wheelchair_555.jpg,76,131,175,216,wheelchair
/home/inavarro/Desktop/keras/images/reduced_dataset/wheelchair_556.jpg,108,225,353,446,wheelchair
/home/inavarro/Desktop/keras/images/reduced_dataset/wheelchair_557.jpg,358,226,554,394,wheelchair
/home/inavarro/Desktop/keras/images/reduced_dataset/wheelchair_558.jpg,383,221,855,596,wheelchair
/home/inavarro/Desktop/keras/images/reduced_dataset/wheelchair_559.jpg,57,197,245,355,wheelchair
/home/inavarro/Desktop/keras/images/reduced_dataset/wheelchair_56.jpg,118,325,303,468,wheelchair
/home/inavarro/Desktop/keras/images/reduced_dataset/wheelchair_560.jpg,1,35,398,442,wheelchair
/home/inavarro/Desktop/keras/images/reduced_dataset/wheelchair_561.jpg,58,183,191,292,wheelchair
/home/inavarro/Desktop/keras/images/reduced_dataset/wheelchair_562.jpg,35,81,142,175,wheelchair
/home/inavarro/Desktop/keras/images/reduced_dataset/wheelchair_563.jpg,129,58,415,326,wheelchair
/home/inavarro/Desktop/keras/images/reduced_dataset/wheelchair_564.jpg,112,78,240,179,wheelchair
/home/inavarro/Desktop/keras/images/reduced_dataset/wheelchair_565.jpg,147,40,360,236,wheelchair
/home/inavarro/Desktop/keras/images/reduced_dataset/wheelchair_566.jpg,49,326,302,573,wheelchair
/home/inavarro/Desktop/keras/images/reduced_dataset/wheelchair_567.jpg,185,543,570,822,wheelchair
/home/inavarro/Desktop/keras/images/reduced_dataset/wheelchair_568.jpg,33,115,170,209,wheelchair
/home/inavarro/Desktop/keras/images/reduced_dataset/wheelchair_569.jpg,84,315,351,521,wheelchair
/home/inavarro/Desktop/keras/images/reduced_dataset/wheelchair_57.jpg,80,26,237,158,wheelchair
/home/inavarro/Desktop/keras/images/reduced_dataset/wheelchair_570.jpg,11,227,230,418,wheelchair
/home/inavarro/Desktop/keras/images/reduced_dataset/wheelchair_572.jpg,7,209,283,396,wheelchair
/home/inavarro/Desktop/keras/images/reduced_dataset/wheelchair_573.jpg,177,241,458,482,wheelchair
/home/inavarro/Desktop/keras/images/reduced_dataset/wheelchair_577.jpg,223,141,388,290,wheelchair
/home/inavarro/Desktop/keras/images/reduced_dataset/wheelchair_578.jpg,199,230,336,471,wheelchair
/home/inavarro/Desktop/keras/images/reduced_dataset/wheelchair_579.jpg,76,99,328,318,wheelchair
/home/inavarro/Desktop/keras/images/reduced_dataset/wheelchair_58.jpg,97,97,429,419,wheelchair
/home/inavarro/Desktop/keras/images/reduced_dataset/wheelchair_580.jpg,247,166,462,478,wheelchair
/home/inavarro/Desktop/keras/images/reduced_dataset/wheelchair_581.jpg,7,165,232,376,wheelchair
/home/inavarro/Desktop/keras/images/reduced_dataset/wheelchair_582.jpg,73,67,413,357,wheelchair
/home/inavarro/Desktop/keras/images/reduced_dataset/wheelchair_583.jpg,296,175,509,333,wheelchair
/home/inavarro/Desktop/keras/images/reduced_dataset/wheelchair_584.jpg,2,276,282,519,wheelchair
/home/inavarro/Desktop/keras/images/reduced_dataset/wheelchair_585.jpg,16,325,376,581,wheelchair
/home/inavarro/Desktop/keras/images/reduced_dataset/wheelchair_586.jpg,88,398,542,750,wheelchair
/home/inavarro/Desktop/keras/images/reduced_dataset/wheelchair_59.jpg,69,139,220,266,wheelchair
/home/inavarro/Desktop/keras/images/reduced_dataset/wheelchair_591.jpg,186,180,413,357,wheelchair
/home/inavarro/Desktop/keras/images/reduced_dataset/wheelchair_592.jpg,257,257,452,442,wheelchair
/home/inavarro/Desktop/keras/images/reduced_dataset/wheelchair_593.jpg,79,103,136,151,wheelchair
/home/inavarro/Desktop/keras/images/reduced_dataset/wheelchair_595.jpg,135,108,212,172,wheelchair
/home/inavarro/Desktop/keras/images/reduced_dataset/wheelchair_596.jpg,144,127,307,295,wheelchair
/home/inavarro/Desktop/keras/images/reduced_dataset/wheelchair_597.jpg,381,289,783,660,wheelchair
/home/inavarro/Desktop/keras/images/reduced_dataset/wheelchair_598.jpg,105,372,487,731,wheelchair
/home/inavarro/Desktop/keras/images/reduced_dataset/wheelchair_6.jpg,77,288,250,419,wheelchair
/home/inavarro/Desktop/keras/images/reduced_dataset/wheelchair_601.jpg,126,140,306,301,wheelchair
/home/inavarro/Desktop/keras/images/reduced_dataset/wheelchair_602.jpg,4,66,250,261,wheelchair
/home/inavarro/Desktop/keras/images/reduced_dataset/wheelchair_603.jpg,174,141,370,297,wheelchair
/home/inavarro/Desktop/keras/images/reduced_dataset/wheelchair_604.jpg,61,184,279,416,wheelchair
/home/inavarro/Desktop/keras/images/reduced_dataset/wheelchair_605.jpg,67,146,145,210,wheelchair
/home/inavarro/Desktop/keras/images/reduced_dataset/wheelchair_606.jpg,181,213,393,417,wheelchair
/home/inavarro/Desktop/keras/images/reduced_dataset/wheelchair_607.jpg,2,232,236,439,wheelchair
/home/inavarro/Desktop/keras/images/reduced_dataset/wheelchair_608.jpg,44,168,191,314,wheelchair
/home/inavarro/Desktop/keras/images/reduced_dataset/wheelchair_609.jpg,71,349,457,711,wheelchair
/home/inavarro/Desktop/keras/images/reduced_dataset/wheelchair_610.jpg,28,234,347,488,wheelchair
/home/inavarro/Desktop/keras/images/reduced_dataset/wheelchair_611.jpg,96,392,579,798,wheelchair
/home/inavarro/Desktop/keras/images/reduced_dataset/wheelchair_612.jpg,101,110,248,255,wheelchair
/home/inavarro/Desktop/keras/images/reduced_dataset/wheelchair_614.jpg,22,55,201,247,wheelchair
/home/inavarro/Desktop/keras/images/reduced_dataset/wheelchair_615.jpg,154,245,430,421,wheelchair
/home/inavarro/Desktop/keras/images/reduced_dataset/wheelchair_616.jpg,128,65,416,324,wheelchair
/home/inavarro/Desktop/keras/images/reduced_dataset/wheelchair_617.JPG,300,328,451,476,wheelchair
/home/inavarro/Desktop/keras/images/reduced_dataset/wheelchair_618.JPG,270,316,419,465,wheelchair
/home/inavarro/Desktop/keras/images/reduced_dataset/wheelchair_619.JPG,361,320,580,518,wheelchair
/home/inavarro/Desktop/keras/images/reduced_dataset/wheelchair_62.jpg,29,154,203,305,wheelchair
/home/inavarro/Desktop/keras/images/reduced_dataset/wheelchair_620.JPG,389,313,541,440,wheelchair
/home/inavarro/Desktop/keras/images/reduced_dataset/wheelchair_621.JPG,258,338,498,515,wheelchair
/home/inavarro/Desktop/keras/images/reduced_dataset/wheelchair_622.JPG,442,318,627,511,wheelchair
/home/inavarro/Desktop/keras/images/reduced_dataset/wheelchair_623.JPG,482,156,631,315,wheelchair
/home/inavarro/Desktop/keras/images/reduced_dataset/wheelchair_624.JPG,351,328,568,510,wheelchair
/home/inavarro/Desktop/keras/images/reduced_dataset/wheelchair_625.JPG,308,343,532,511,wheelchair
/home/inavarro/Desktop/keras/images/reduced_dataset/wheelchair_626.JPG,407,380,544,502,wheelchair
/home/inavarro/Desktop/keras/images/reduced_dataset/wheelchair_627.JPG,404,324,600,502,wheelchair
/home/inavarro/Desktop/keras/images/reduced_dataset/wheelchair_63.jpg,481,294,716,492,wheelchair
/home/inavarro/Desktop/keras/images/reduced_dataset/wheelchair_630.JPG,367,254,539,438,wheelchair
/home/inavarro/Desktop/keras/images/reduced_dataset/wheelchair_631.JPG,367,277,568,468,wheelchair
/home/inavarro/Desktop/keras/images/reduced_dataset/wheelchair_632.JPG,306,341,475,511,wheelchair
/home/inavarro/Desktop/keras/images/reduced_dataset/wheelchair_634.JPG,182,356,382,510,wheelchair
/home/inavarro/Desktop/keras/images/reduced_dataset/wheelchair_635.JPG,278,287,429,449,wheelchair
/home/inavarro/Desktop/keras/images/reduced_dataset/wheelchair_636.JPG,389,239,568,397,wheelchair
/home/inavarro/Desktop/keras/images/reduced_dataset/wheelchair_637.JPG,346,368,557,519,wheelchair
/home/inavarro/Desktop/keras/images/reduced_dataset/wheelchair_638.JPG,427,303,555,433,wheelchair
/home/inavarro/Desktop/keras/images/reduced_dataset/wheelchair_639.JPG,321,322,467,460,wheelchair
/home/inavarro/Desktop/keras/images/reduced_dataset/wheelchair_64.jpg,25,142,234,313,wheelchair
/home/inavarro/Desktop/keras/images/reduced_dataset/wheelchair_640.JPG,333,311,549,507,wheelchair
/home/inavarro/Desktop/keras/images/reduced_dataset/wheelchair_641.JPG,410,266,571,431,wheelchair
/home/inavarro/Desktop/keras/images/reduced_dataset/wheelchair_644.JPG,477,278,641,432,wheelchair
/home/inavarro/Desktop/keras/images/reduced_dataset/wheelchair_647.JPG,213,275,427,472,wheelchair
/home/inavarro/Desktop/keras/images/reduced_dataset/wheelchair_648.JPG,537,344,720,519,wheelchair
/home/inavarro/Desktop/keras/images/reduced_dataset/wheelchair_650.JPG,413,315,605,504,wheelchair
/home/inavarro/Desktop/keras/images/reduced_dataset/wheelchair_655.JPG,363,317,555,488,wheelchair
/home/inavarro/Desktop/keras/images/reduced_dataset/wheelchair_657.JPG,348,293,599,504,wheelchair
/home/inavarro/Desktop/keras/images/reduced_dataset/wheelchair_659.JPG,528,330,719,514,wheelchair
/home/inavarro/Desktop/keras/images/reduced_dataset/wheelchair_66.jpg,106,295,279,445,wheelchair
/home/inavarro/Desktop/keras/images/reduced_dataset/wheelchair_660.JPG,342,315,539,492,wheelchair
/home/inavarro/Desktop/keras/images/reduced_dataset/wheelchair_661.JPG,50,475,216,643,wheelchair
/home/inavarro/Desktop/keras/images/reduced_dataset/wheelchair_664.JPG,364,264,573,462,wheelchair
/home/inavarro/Desktop/keras/images/reduced_dataset/wheelchair_666.JPG,473,261,674,454,wheelchair
/home/inavarro/Desktop/keras/images/reduced_dataset/wheelchair_67.jpg,52,48,224,217,wheelchair
/home/inavarro/Desktop/keras/images/reduced_dataset/wheelchair_68.jpg,261,361,716,641,wheelchair
/home/inavarro/Desktop/keras/images/reduced_dataset/wheelchair_69.jpg,162,177,400,398,wheelchair
/home/inavarro/Desktop/keras/images/reduced_dataset/wheelchair_7.jpg,40,171,211,306,wheelchair
/home/inavarro/Desktop/keras/images/reduced_dataset/wheelchair_70.jpg,173,117,334,250,wheelchair
/home/inavarro/Desktop/keras/images/reduced_dataset/wheelchair_71.jpg,236,106,468,321,wheelchair
/home/inavarro/Desktop/keras/images/reduced_dataset/wheelchair_72.jpg,240,86,530,490,wheelchair
/home/inavarro/Desktop/keras/images/reduced_dataset/wheelchair_73.jpg,174,147,375,338,wheelchair
/home/inavarro/Desktop/keras/images/reduced_dataset/wheelchair_74.jpg,211,309,399,489,wheelchair
/home/inavarro/Desktop/keras/images/reduced_dataset/wheelchair_75.jpg,67,140,186,321,wheelchair
/home/inavarro/Desktop/keras/images/reduced_dataset/wheelchair_76.jpg,123,128,256,259,wheelchair
/home/inavarro/Desktop/keras/images/reduced_dataset/wheelchair_77.jpg,152,113,329,262,wheelchair
/home/inavarro/Desktop/keras/images/reduced_dataset/wheelchair_78.jpg,230,207,442,428,wheelchair
/home/inavarro/Desktop/keras/images/reduced_dataset/wheelchair_79.jpg,138,78,287,209,wheelchair
/home/inavarro/Desktop/keras/images/reduced_dataset/wheelchair_8.jpg,96,342,497,649,wheelchair
/home/inavarro/Desktop/keras/images/reduced_dataset/wheelchair_80.jpg,134,129,232,274,wheelchair
/home/inavarro/Desktop/keras/images/reduced_dataset/wheelchair_81.jpg,148,93,226,153,wheelchair
/home/inavarro/Desktop/keras/images/reduced_dataset/wheelchair_82.jpg,223,316,390,624,wheelchair
/home/inavarro/Desktop/keras/images/reduced_dataset/wheelchair_84.jpg,22,245,219,415,wheelchair
/home/inavarro/Desktop/keras/images/reduced_dataset/wheelchair_85.jpg,422,465,875,821,wheelchair
/home/inavarro/Desktop/keras/images/reduced_dataset/wheelchair_87.jpg,164,211,317,360,wheelchair
/home/inavarro/Desktop/keras/images/reduced_dataset/wheelchair_88.jpg,154,206,351,341,wheelchair
/home/inavarro/Desktop/keras/images/reduced_dataset/wheelchair_9.jpg,114,417,498,734,wheelchair
/home/inavarro/Desktop/keras/images/reduced_dataset/wheelchair_90.jpg,268,213,381,360,wheelchair
/home/inavarro/Desktop/keras/images/reduced_dataset/wheelchair_93.jpg,194,153,340,297,wheelchair
/home/inavarro/Desktop/keras/images/reduced_dataset/wheelchair_96.jpg,102,231,423,600,wheelchair
/home/inavarro/Desktop/keras/images/reduced_dataset/wheelchair_97.jpg,278,179,458,350,wheelchair
/home/inavarro/Desktop/keras/images/reduced_dataset/wheelchair_99.jpg,34,260,382,521,wheelchair
