/home/inavarro/Desktop/Workspace/ml/TensorFlow/keras-frcnn/images/reduced_dataset/wheelchair_233.jpg,159,49,264,222,,,,
/home/inavarro/Desktop/Workspace/ml/TensorFlow/keras-frcnn/images/reduced_dataset/wheelchair_193.jpg,12,39,208,205,,,,
/home/inavarro/Desktop/Workspace/ml/TensorFlow/keras-frcnn/images/reduced_dataset/wheelchair_336.jpg,29,80,134,101,,,,
/home/inavarro/Desktop/Workspace/ml/TensorFlow/keras-frcnn/images/reduced_dataset/wheelchair_132.jpg,99,65,232,236,,,,
/home/inavarro/Desktop/Workspace/ml/TensorFlow/keras-frcnn/images/reduced_dataset/wheelchair_108.jpg,72,123,160,201,,,,
/home/inavarro/Desktop/Workspace/ml/TensorFlow/keras-frcnn/images/reduced_dataset/wheelchair_574.jpg,15,42,179,197,,,,
/home/inavarro/Desktop/Workspace/ml/TensorFlow/keras-frcnn/images/reduced_dataset/wheelchair_185.jpg,28,111,263,241,,,,
/home/inavarro/Desktop/Workspace/ml/TensorFlow/keras-frcnn/images/reduced_dataset/wheelchair_475.jpg,45,80,261,260,,,,
/home/inavarro/Desktop/Workspace/ml/TensorFlow/keras-frcnn/images/reduced_dataset/wheelchair_637.JPG,346,368,211,151,,,,
/home/inavarro/Desktop/Workspace/ml/TensorFlow/keras-frcnn/images/reduced_dataset/wheelchair_497.jpg,223,260,131,156,,,,
/home/inavarro/Desktop/Workspace/ml/TensorFlow/keras-frcnn/images/reduced_dataset/wheelchair_330.jpg,142,125,124,91,,,,
/home/inavarro/Desktop/Workspace/ml/TensorFlow/keras-frcnn/images/reduced_dataset/wheelchair_601.jpg,126,140,180,161,,,,
/home/inavarro/Desktop/Workspace/ml/TensorFlow/keras-frcnn/images/reduced_dataset/wheelchair_544.jpg,19,109,561,484,,,,
/home/inavarro/Desktop/Workspace/ml/TensorFlow/keras-frcnn/images/reduced_dataset/wheelchair_659.JPG,528,330,191,184,,,,
/home/inavarro/Desktop/Workspace/ml/TensorFlow/keras-frcnn/images/reduced_dataset/wheelchair_148.jpg,100,53,285,251,,,,
/home/inavarro/Desktop/Workspace/ml/TensorFlow/keras-frcnn/images/reduced_dataset/wheelchair_369.jpg,177,639,723,585,,,,
/home/inavarro/Desktop/Workspace/ml/TensorFlow/keras-frcnn/images/reduced_dataset/wheelchair_326.jpg,208,189,163,166,,,,
/home/inavarro/Desktop/Workspace/ml/TensorFlow/keras-frcnn/images/reduced_dataset/wheelchair_315.jpg,47,31,132,135,,,,
/home/inavarro/Desktop/Workspace/ml/TensorFlow/keras-frcnn/images/reduced_dataset/wheelchair_584.jpg,2,276,280,243,,,,
/home/inavarro/Desktop/Workspace/ml/TensorFlow/keras-frcnn/images/reduced_dataset/wheelchair_567.jpg,185,543,385,279,,,,
/home/inavarro/Desktop/Workspace/ml/TensorFlow/keras-frcnn/images/reduced_dataset/wheelchair_464.jpg,41,33,258,242,,,,
/home/inavarro/Desktop/Workspace/ml/TensorFlow/keras-frcnn/images/reduced_dataset/wheelchair_545.jpg,578,441,447,379,,,,
/home/inavarro/Desktop/Workspace/ml/TensorFlow/keras-frcnn/images/reduced_dataset/wheelchair_327.jpg,216,169,167,150,,,,
/home/inavarro/Desktop/Workspace/ml/TensorFlow/keras-frcnn/images/reduced_dataset/wheelchair_143.jpg,104,70,331,306,,,,
/home/inavarro/Desktop/Workspace/ml/TensorFlow/keras-frcnn/images/reduced_dataset/wheelchair_254.jpg,40,29,157,146,,,,
/home/inavarro/Desktop/Workspace/ml/TensorFlow/keras-frcnn/images/reduced_dataset/wheelchair_443.jpg,42,85,167,160,,,,
/home/inavarro/Desktop/Workspace/ml/TensorFlow/keras-frcnn/images/reduced_dataset/wheelchair_561.jpg,58,183,133,109,,,,
/home/inavarro/Desktop/Workspace/ml/TensorFlow/keras-frcnn/images/reduced_dataset/wheelchair_46.jpg,205,197,159,136,,,,
/home/inavarro/Desktop/Workspace/ml/TensorFlow/keras-frcnn/images/reduced_dataset/wheelchair_66.jpg,106,295,173,150,,,,
/home/inavarro/Desktop/Workspace/ml/TensorFlow/keras-frcnn/images/reduced_dataset/wheelchair_94.jpg,80,232,266,183,,,,
/home/inavarro/Desktop/Workspace/ml/TensorFlow/keras-frcnn/images/reduced_dataset/wheelchair_133.jpg,195,180,315,211,,,,
/home/inavarro/Desktop/Workspace/ml/TensorFlow/keras-frcnn/images/reduced_dataset/wheelchair_145.jpg,87,65,226,230,,,,
/home/inavarro/Desktop/Workspace/ml/TensorFlow/keras-frcnn/images/reduced_dataset/wheelchair_2.jpg,236,187,485,358,,,,
/home/inavarro/Desktop/Workspace/ml/TensorFlow/keras-frcnn/images/reduced_dataset/wheelchair_244.jpg,142,215,169,152,,,,
/home/inavarro/Desktop/Workspace/ml/TensorFlow/keras-frcnn/images/reduced_dataset/wheelchair_360.jpg,10,147,106,107,,,,
/home/inavarro/Desktop/Workspace/ml/TensorFlow/keras-frcnn/images/reduced_dataset/wheelchair_578.jpg,199,230,137,241,,,,
/home/inavarro/Desktop/Workspace/ml/TensorFlow/keras-frcnn/images/reduced_dataset/wheelchair_505.jpg,145,162,90,90,,,,
/home/inavarro/Desktop/Workspace/ml/TensorFlow/keras-frcnn/images/reduced_dataset/wheelchair_644.JPG,477,278,164,154,,,,
/home/inavarro/Desktop/Workspace/ml/TensorFlow/keras-frcnn/images/reduced_dataset/wheelchair_75.jpg,67,140,119,181,,,,
/home/inavarro/Desktop/Workspace/ml/TensorFlow/keras-frcnn/images/reduced_dataset/wheelchair_321.jpg,1,230,231,240,,,,
/home/inavarro/Desktop/Workspace/ml/TensorFlow/keras-frcnn/images/reduced_dataset/wheelchair_331.jpg,108,564,650,657,,,,
/home/inavarro/Desktop/Workspace/ml/TensorFlow/keras-frcnn/images/reduced_dataset/wheelchair_430.jpg,251,212,182,161,,,,
/home/inavarro/Desktop/Workspace/ml/TensorFlow/keras-frcnn/images/reduced_dataset/wheelchair_630.JPG,367,254,172,184,,,,
/home/inavarro/Desktop/Workspace/ml/TensorFlow/keras-frcnn/images/reduced_dataset/wheelchair_109.jpg,159,178,215,138,,,,
/home/inavarro/Desktop/Workspace/ml/TensorFlow/keras-frcnn/images/reduced_dataset/wheelchair_71.jpg,236,106,232,215,,,,
/home/inavarro/Desktop/Workspace/ml/TensorFlow/keras-frcnn/images/reduced_dataset/wheelchair_616.jpg,128,65,288,259,,,,
/home/inavarro/Desktop/Workspace/ml/TensorFlow/keras-frcnn/images/reduced_dataset/wheelchair_553.jpg,111,318,304,215,,,,
/home/inavarro/Desktop/Workspace/ml/TensorFlow/keras-frcnn/images/reduced_dataset/wheelchair_100.jpg,44,71,125,111,,,,
/home/inavarro/Desktop/Workspace/ml/TensorFlow/keras-frcnn/images/reduced_dataset/wheelchair_105.jpg,19,100,263,234,,,,
/home/inavarro/Desktop/Workspace/ml/TensorFlow/keras-frcnn/images/reduced_dataset/wheelchair_534.jpg,140,211,120,184,,,,
/home/inavarro/Desktop/Workspace/ml/TensorFlow/keras-frcnn/images/reduced_dataset/wheelchair_421.jpg,70,260,123,170,,,,
/home/inavarro/Desktop/Workspace/ml/TensorFlow/keras-frcnn/images/reduced_dataset/wheelchair_242.jpg,22,41,234,264,,,,
/home/inavarro/Desktop/Workspace/ml/TensorFlow/keras-frcnn/images/reduced_dataset/wheelchair_459.jpg,8,33,240,256,,,,
/home/inavarro/Desktop/Workspace/ml/TensorFlow/keras-frcnn/images/reduced_dataset/wheelchair_53.jpg,58,77,236,248,,,,
/home/inavarro/Desktop/Workspace/ml/TensorFlow/keras-frcnn/images/reduced_dataset/wheelchair_355.jpg,119,223,176,169,,,,
/home/inavarro/Desktop/Workspace/ml/TensorFlow/keras-frcnn/images/reduced_dataset/wheelchair_563.jpg,129,58,286,268,,,,
/home/inavarro/Desktop/Workspace/ml/TensorFlow/keras-frcnn/images/reduced_dataset/wheelchair_577.jpg,223,141,165,149,,,,
/home/inavarro/Desktop/Workspace/ml/TensorFlow/keras-frcnn/images/reduced_dataset/wheelchair_609.jpg,71,349,386,362,,,,
/home/inavarro/Desktop/Workspace/ml/TensorFlow/keras-frcnn/images/reduced_dataset/wheelchair_277.jpg,188,247,324,313,,,,
/home/inavarro/Desktop/Workspace/ml/TensorFlow/keras-frcnn/images/reduced_dataset/wheelchair_488.jpg,437,347,208,180,,,,
/home/inavarro/Desktop/Workspace/ml/TensorFlow/keras-frcnn/images/reduced_dataset/wheelchair_380.jpg,21,116,267,264,,,,
/home/inavarro/Desktop/Workspace/ml/TensorFlow/keras-frcnn/images/reduced_dataset/wheelchair_600.jpg,28,48,141,145,,,,
/home/inavarro/Desktop/Workspace/ml/TensorFlow/keras-frcnn/images/reduced_dataset/wheelchair_14.jpg,8,42,191,182,,,,
/home/inavarro/Desktop/Workspace/ml/TensorFlow/keras-frcnn/images/reduced_dataset/wheelchair_598.jpg,105,372,382,359,,,,
/home/inavarro/Desktop/Workspace/ml/TensorFlow/keras-frcnn/images/reduced_dataset/wheelchair_64.jpg,25,142,209,171,,,,
/home/inavarro/Desktop/Workspace/ml/TensorFlow/keras-frcnn/images/reduced_dataset/wheelchair_77.jpg,152,113,177,149,,,,
/home/inavarro/Desktop/Workspace/ml/TensorFlow/keras-frcnn/images/reduced_dataset/wheelchair_322.jpg,193,183,162,178,,,,
/home/inavarro/Desktop/Workspace/ml/TensorFlow/keras-frcnn/images/reduced_dataset/wheelchair_58.jpg,97,97,332,322,,,,
/home/inavarro/Desktop/Workspace/ml/TensorFlow/keras-frcnn/images/reduced_dataset/wheelchair_177.jpg,122,117,424,473,,,,
/home/inavarro/Desktop/Workspace/ml/TensorFlow/keras-frcnn/images/reduced_dataset/wheelchair_605.jpg,67,146,78,64,,,,
/home/inavarro/Desktop/Workspace/ml/TensorFlow/keras-frcnn/images/reduced_dataset/wheelchair_530.jpg,128,113,89,124,,,,
/home/inavarro/Desktop/Workspace/ml/TensorFlow/keras-frcnn/images/reduced_dataset/wheelchair_640.JPG,333,311,216,196,,,,
/home/inavarro/Desktop/Workspace/ml/TensorFlow/keras-frcnn/images/reduced_dataset/wheelchair_4.jpg,62,101,267,230,,,,
/home/inavarro/Desktop/Workspace/ml/TensorFlow/keras-frcnn/images/reduced_dataset/wheelchair_167.jpg,4,61,347,370,,,,
/home/inavarro/Desktop/Workspace/ml/TensorFlow/keras-frcnn/images/reduced_dataset/wheelchair_276.jpg,329,178,99,117,,,,
/home/inavarro/Desktop/Workspace/ml/TensorFlow/keras-frcnn/images/reduced_dataset/wheelchair_210.jpg,18,156,134,108,,,,
/home/inavarro/Desktop/Workspace/ml/TensorFlow/keras-frcnn/images/reduced_dataset/wheelchair_461.jpg,24,47,143,139,,,,
/home/inavarro/Desktop/Workspace/ml/TensorFlow/keras-frcnn/images/reduced_dataset/wheelchair_118.jpg,58,20,327,336,,,,
/home/inavarro/Desktop/Workspace/ml/TensorFlow/keras-frcnn/images/reduced_dataset/wheelchair_18.jpg,14,141,222,195,,,,
/home/inavarro/Desktop/Workspace/ml/TensorFlow/keras-frcnn/images/reduced_dataset/wheelchair_141.jpg,27,169,315,310,,,,
/home/inavarro/Desktop/Workspace/ml/TensorFlow/keras-frcnn/images/reduced_dataset/wheelchair_262.jpg,70,121,598,569,,,,
/home/inavarro/Desktop/Workspace/ml/TensorFlow/keras-frcnn/images/reduced_dataset/wheelchair_349.jpg,151,113,58,88,,,,
/home/inavarro/Desktop/Workspace/ml/TensorFlow/keras-frcnn/images/reduced_dataset/wheelchair_130.jpg,92,80,254,259,,,,
/home/inavarro/Desktop/Workspace/ml/TensorFlow/keras-frcnn/images/reduced_dataset/wheelchair_214.jpg,191,49,210,208,,,,
/home/inavarro/Desktop/Workspace/ml/TensorFlow/keras-frcnn/images/reduced_dataset/wheelchair_377.jpg,196,162,260,175,,,,
/home/inavarro/Desktop/Workspace/ml/TensorFlow/keras-frcnn/images/reduced_dataset/wheelchair_618.JPG,270,316,149,149,,,,
/home/inavarro/Desktop/Workspace/ml/TensorFlow/keras-frcnn/images/reduced_dataset/wheelchair_119.jpg,21,140,399,426,,,,
/home/inavarro/Desktop/Workspace/ml/TensorFlow/keras-frcnn/images/reduced_dataset/wheelchair_38.jpg,146,228,227,204,,,,
/home/inavarro/Desktop/Workspace/ml/TensorFlow/keras-frcnn/images/reduced_dataset/wheelchair_271.jpg,112,406,273,203,,,,
/home/inavarro/Desktop/Workspace/ml/TensorFlow/keras-frcnn/images/reduced_dataset/wheelchair_503.jpg,26,174,160,178,,,,
/home/inavarro/Desktop/Workspace/ml/TensorFlow/keras-frcnn/images/reduced_dataset/wheelchair_12.jpg,232,129,182,161,,,,
/home/inavarro/Desktop/Workspace/ml/TensorFlow/keras-frcnn/images/reduced_dataset/wheelchair_151.jpg,128,59,246,262,,,,
/home/inavarro/Desktop/Workspace/ml/TensorFlow/keras-frcnn/images/reduced_dataset/wheelchair_128.jpg,243,117,207,286,,,,
/home/inavarro/Desktop/Workspace/ml/TensorFlow/keras-frcnn/images/reduced_dataset/wheelchair_586.jpg,88,398,454,352,,,,
/home/inavarro/Desktop/Workspace/ml/TensorFlow/keras-frcnn/images/reduced_dataset/wheelchair_445.jpg,74,254,273,215,,,,
/home/inavarro/Desktop/Workspace/ml/TensorFlow/keras-frcnn/images/reduced_dataset/wheelchair_495.jpg,249,246,186,195,,,,
/home/inavarro/Desktop/Workspace/ml/TensorFlow/keras-frcnn/images/reduced_dataset/wheelchair_620.JPG,389,313,152,127,,,,
/home/inavarro/Desktop/Workspace/ml/TensorFlow/keras-frcnn/images/reduced_dataset/wheelchair_33.jpg,253,467,324,315,,,,
/home/inavarro/Desktop/Workspace/ml/TensorFlow/keras-frcnn/images/reduced_dataset/wheelchair_179.jpg,60,100,211,231,,,,
/home/inavarro/Desktop/Workspace/ml/TensorFlow/keras-frcnn/images/reduced_dataset/wheelchair_96.jpg,102,231,321,369,,,,
/home/inavarro/Desktop/Workspace/ml/TensorFlow/keras-frcnn/images/reduced_dataset/wheelchair_442.jpg,117,103,210,140,,,,
/home/inavarro/Desktop/Workspace/ml/TensorFlow/keras-frcnn/images/reduced_dataset/wheelchair_462.jpg,43,55,338,305,,,,
/home/inavarro/Desktop/Workspace/ml/TensorFlow/keras-frcnn/images/reduced_dataset/wheelchair_635.JPG,278,287,151,162,,,,
/home/inavarro/Desktop/Workspace/ml/TensorFlow/keras-frcnn/images/reduced_dataset/wheelchair_16.jpg,151,322,211,253,,,,
/home/inavarro/Desktop/Workspace/ml/TensorFlow/keras-frcnn/images/reduced_dataset/wheelchair_88.jpg,154,206,197,135,,,,
/home/inavarro/Desktop/Workspace/ml/TensorFlow/keras-frcnn/images/reduced_dataset/wheelchair_220.jpg,117,126,73,89,,,,
/home/inavarro/Desktop/Workspace/ml/TensorFlow/keras-frcnn/images/reduced_dataset/wheelchair_220.jpg,305,97,195,179,,,,
/home/inavarro/Desktop/Workspace/ml/TensorFlow/keras-frcnn/images/reduced_dataset/wheelchair_592.jpg,257,257,195,185,,,,
/home/inavarro/Desktop/Workspace/ml/TensorFlow/keras-frcnn/images/reduced_dataset/wheelchair_176.jpg,58,89,198,199,,,,
/home/inavarro/Desktop/Workspace/ml/TensorFlow/keras-frcnn/images/reduced_dataset/wheelchair_112.jpg,35,45,174,181,,,,
/home/inavarro/Desktop/Workspace/ml/TensorFlow/keras-frcnn/images/reduced_dataset/wheelchair_394.jpg,112,140,173,119,,,,
/home/inavarro/Desktop/Workspace/ml/TensorFlow/keras-frcnn/images/reduced_dataset/wheelchair_238.jpg,56,61,227,233,,,,
/home/inavarro/Desktop/Workspace/ml/TensorFlow/keras-frcnn/images/reduced_dataset/wheelchair_621.JPG,258,338,240,177,,,,
/home/inavarro/Desktop/Workspace/ml/TensorFlow/keras-frcnn/images/reduced_dataset/wheelchair_95.jpg,69,83,229,280,,,,
/home/inavarro/Desktop/Workspace/ml/TensorFlow/keras-frcnn/images/reduced_dataset/wheelchair_76.jpg,123,128,133,131,,,,
/home/inavarro/Desktop/Workspace/ml/TensorFlow/keras-frcnn/images/reduced_dataset/wheelchair_403.jpg,101,132,298,240,,,,
/home/inavarro/Desktop/Workspace/ml/TensorFlow/keras-frcnn/images/reduced_dataset/wheelchair_581.jpg,7,165,225,211,,,,
/home/inavarro/Desktop/Workspace/ml/TensorFlow/keras-frcnn/images/reduced_dataset/wheelchair_347.jpg,27,137,106,109,,,,
/home/inavarro/Desktop/Workspace/ml/TensorFlow/keras-frcnn/images/reduced_dataset/wheelchair_110.jpg,196,185,129,121,,,,
/home/inavarro/Desktop/Workspace/ml/TensorFlow/keras-frcnn/images/reduced_dataset/wheelchair_364.jpg,102,322,220,177,,,,
/home/inavarro/Desktop/Workspace/ml/TensorFlow/keras-frcnn/images/reduced_dataset/wheelchair_78.jpg,230,207,212,221,,,,
/home/inavarro/Desktop/Workspace/ml/TensorFlow/keras-frcnn/images/reduced_dataset/wheelchair_146.jpg,204,444,328,346,,,,
/home/inavarro/Desktop/Workspace/ml/TensorFlow/keras-frcnn/images/reduced_dataset/wheelchair_48.jpg,141,150,207,206,,,,
/home/inavarro/Desktop/Workspace/ml/TensorFlow/keras-frcnn/images/reduced_dataset/wheelchair_463.jpg,1,37,178,164,,,,
/home/inavarro/Desktop/Workspace/ml/TensorFlow/keras-frcnn/images/reduced_dataset/wheelchair_408.jpg,22,96,279,222,,,,
/home/inavarro/Desktop/Workspace/ml/TensorFlow/keras-frcnn/images/reduced_dataset/wheelchair_639.JPG,321,322,146,138,,,,
/home/inavarro/Desktop/Workspace/ml/TensorFlow/keras-frcnn/images/reduced_dataset/wheelchair_579.jpg,76,99,252,219,,,,
/home/inavarro/Desktop/Workspace/ml/TensorFlow/keras-frcnn/images/reduced_dataset/wheelchair_90.jpg,268,213,113,147,,,,
/home/inavarro/Desktop/Workspace/ml/TensorFlow/keras-frcnn/images/reduced_dataset/wheelchair_36.jpg,119,134,70,75,,,,
/home/inavarro/Desktop/Workspace/ml/TensorFlow/keras-frcnn/images/reduced_dataset/wheelchair_184.jpg,131,192,240,239,,,,
/home/inavarro/Desktop/Workspace/ml/TensorFlow/keras-frcnn/images/reduced_dataset/wheelchair_140.jpg,39,102,345,343,,,,
/home/inavarro/Desktop/Workspace/ml/TensorFlow/keras-frcnn/images/reduced_dataset/wheelchair_568.jpg,33,115,137,94,,,,
/home/inavarro/Desktop/Workspace/ml/TensorFlow/keras-frcnn/images/reduced_dataset/wheelchair_660.JPG,342,315,197,177,,,,
/home/inavarro/Desktop/Workspace/ml/TensorFlow/keras-frcnn/images/reduced_dataset/wheelchair_487.jpg,200,275,325,217,,,,
/home/inavarro/Desktop/Workspace/ml/TensorFlow/keras-frcnn/images/reduced_dataset/wheelchair_627.JPG,404,324,196,178,,,,
/home/inavarro/Desktop/Workspace/ml/TensorFlow/keras-frcnn/images/reduced_dataset/wheelchair_156.jpg,179,110,388,393,,,,
/home/inavarro/Desktop/Workspace/ml/TensorFlow/keras-frcnn/images/reduced_dataset/wheelchair_606.jpg,181,213,212,204,,,,
/home/inavarro/Desktop/Workspace/ml/TensorFlow/keras-frcnn/images/reduced_dataset/wheelchair_70.jpg,173,117,161,133,,,,
/home/inavarro/Desktop/Workspace/ml/TensorFlow/keras-frcnn/images/reduced_dataset/wheelchair_57.jpg,80,26,157,132,,,,
/home/inavarro/Desktop/Workspace/ml/TensorFlow/keras-frcnn/images/reduced_dataset/wheelchair_486.jpg,70,424,517,409,,,,
/home/inavarro/Desktop/Workspace/ml/TensorFlow/keras-frcnn/images/reduced_dataset/wheelchair_298.jpg,80,140,179,166,,,,
/home/inavarro/Desktop/Workspace/ml/TensorFlow/keras-frcnn/images/reduced_dataset/wheelchair_612.jpg,101,110,147,145,,,,
/home/inavarro/Desktop/Workspace/ml/TensorFlow/keras-frcnn/images/reduced_dataset/wheelchair_54.jpg,1,55,142,149,,,,
/home/inavarro/Desktop/Workspace/ml/TensorFlow/keras-frcnn/images/reduced_dataset/wheelchair_520.jpg,31,93,66,57,,,,
/home/inavarro/Desktop/Workspace/ml/TensorFlow/keras-frcnn/images/reduced_dataset/wheelchair_573.jpg,177,241,281,241,,,,
/home/inavarro/Desktop/Workspace/ml/TensorFlow/keras-frcnn/images/reduced_dataset/wheelchair_481.jpg,141,262,181,277,,,,
/home/inavarro/Desktop/Workspace/ml/TensorFlow/keras-frcnn/images/reduced_dataset/wheelchair_481.jpg,696,271,254,332,,,,
/home/inavarro/Desktop/Workspace/ml/TensorFlow/keras-frcnn/images/reduced_dataset/wheelchair_533.jpg,111,230,175,199,,,,
/home/inavarro/Desktop/Workspace/ml/TensorFlow/keras-frcnn/images/reduced_dataset/wheelchair_619.JPG,361,320,219,198,,,,
/home/inavarro/Desktop/Workspace/ml/TensorFlow/keras-frcnn/images/reduced_dataset/wheelchair_255.jpg,15,80,92,109,,,,
/home/inavarro/Desktop/Workspace/ml/TensorFlow/keras-frcnn/images/reduced_dataset/wheelchair_365.jpg,58,75,74,80,,,,
/home/inavarro/Desktop/Workspace/ml/TensorFlow/keras-frcnn/images/reduced_dataset/wheelchair_365.jpg,96,12,62,60,,,,
/home/inavarro/Desktop/Workspace/ml/TensorFlow/keras-frcnn/images/reduced_dataset/wheelchair_373.jpg,28,170,50,52,,,,
/home/inavarro/Desktop/Workspace/ml/TensorFlow/keras-frcnn/images/reduced_dataset/wheelchair_539.jpg,115,164,175,128,,,,
/home/inavarro/Desktop/Workspace/ml/TensorFlow/keras-frcnn/images/reduced_dataset/wheelchair_224.jpg,33,67,168,166,,,,
/home/inavarro/Desktop/Workspace/ml/TensorFlow/keras-frcnn/images/reduced_dataset/wheelchair_116.jpg,119,65,190,219,,,,
/home/inavarro/Desktop/Workspace/ml/TensorFlow/keras-frcnn/images/reduced_dataset/wheelchair_134.jpg,36,243,423,504,,,,
/home/inavarro/Desktop/Workspace/ml/TensorFlow/keras-frcnn/images/reduced_dataset/wheelchair_126.jpg,171,18,395,425,,,,
/home/inavarro/Desktop/Workspace/ml/TensorFlow/keras-frcnn/images/reduced_dataset/wheelchair_266.jpg,144,314,303,250,,,,
/home/inavarro/Desktop/Workspace/ml/TensorFlow/keras-frcnn/images/reduced_dataset/wheelchair_3.jpg,162,110,182,165,,,,
/home/inavarro/Desktop/Workspace/ml/TensorFlow/keras-frcnn/images/reduced_dataset/wheelchair_228.jpg,3,17,119,140,,,,
/home/inavarro/Desktop/Workspace/ml/TensorFlow/keras-frcnn/images/reduced_dataset/wheelchair_328.jpg,134,83,337,398,,,,
/home/inavarro/Desktop/Workspace/ml/TensorFlow/keras-frcnn/images/reduced_dataset/wheelchair_547.jpg,5,47,220,200,,,,
/home/inavarro/Desktop/Workspace/ml/TensorFlow/keras-frcnn/images/reduced_dataset/wheelchair_615.jpg,154,245,276,176,,,,
/home/inavarro/Desktop/Workspace/ml/TensorFlow/keras-frcnn/images/reduced_dataset/wheelchair_329.jpg,30,83,317,282,,,,
/home/inavarro/Desktop/Workspace/ml/TensorFlow/keras-frcnn/images/reduced_dataset/wheelchair_555.jpg,76,131,99,85,,,,
/home/inavarro/Desktop/Workspace/ml/TensorFlow/keras-frcnn/images/reduced_dataset/wheelchair_385.jpg,17,17,111,122,,,,
/home/inavarro/Desktop/Workspace/ml/TensorFlow/keras-frcnn/images/reduced_dataset/wheelchair_181.jpg,466,32,220,235,,,,
/home/inavarro/Desktop/Workspace/ml/TensorFlow/keras-frcnn/images/reduced_dataset/wheelchair_392.jpg,109,158,146,102,,,,
/home/inavarro/Desktop/Workspace/ml/TensorFlow/keras-frcnn/images/reduced_dataset/wheelchair_580.jpg,247,166,215,312,,,,
/home/inavarro/Desktop/Workspace/ml/TensorFlow/keras-frcnn/images/reduced_dataset/wheelchair_527.jpg,72,118,141,96,,,,
/home/inavarro/Desktop/Workspace/ml/TensorFlow/keras-frcnn/images/reduced_dataset/wheelchair_666.JPG,473,261,201,193,,,,
/home/inavarro/Desktop/Workspace/ml/TensorFlow/keras-frcnn/images/reduced_dataset/wheelchair_638.JPG,427,303,128,130,,,,
/home/inavarro/Desktop/Workspace/ml/TensorFlow/keras-frcnn/images/reduced_dataset/wheelchair_641.JPG,410,266,161,165,,,,
/home/inavarro/Desktop/Workspace/ml/TensorFlow/keras-frcnn/images/reduced_dataset/wheelchair_131.jpg,19,67,268,284,,,,
/home/inavarro/Desktop/Workspace/ml/TensorFlow/keras-frcnn/images/reduced_dataset/wheelchair_569.jpg,84,315,267,206,,,,
/home/inavarro/Desktop/Workspace/ml/TensorFlow/keras-frcnn/images/reduced_dataset/wheelchair_121.jpg,48,147,329,298,,,,
/home/inavarro/Desktop/Workspace/ml/TensorFlow/keras-frcnn/images/reduced_dataset/wheelchair_115.jpg,24,91,451,412,,,,
/home/inavarro/Desktop/Workspace/ml/TensorFlow/keras-frcnn/images/reduced_dataset/wheelchair_523.jpg,17,85,95,84,,,,
/home/inavarro/Desktop/Workspace/ml/TensorFlow/keras-frcnn/images/reduced_dataset/wheelchair_111.jpg,219,114,227,282,,,,
/home/inavarro/Desktop/Workspace/ml/TensorFlow/keras-frcnn/images/reduced_dataset/wheelchair_524.jpg,17,98,132,106,,,,
/home/inavarro/Desktop/Workspace/ml/TensorFlow/keras-frcnn/images/reduced_dataset/wheelchair_508.jpg,137,90,92,77,,,,
/home/inavarro/Desktop/Workspace/ml/TensorFlow/keras-frcnn/images/reduced_dataset/wheelchair_74.jpg,211,309,188,180,,,,
/home/inavarro/Desktop/Workspace/ml/TensorFlow/keras-frcnn/images/reduced_dataset/wheelchair_479.jpg,9,77,102,86,,,,
/home/inavarro/Desktop/Workspace/ml/TensorFlow/keras-frcnn/images/reduced_dataset/wheelchair_616.JPG,323,325,150,126,,,,
/home/inavarro/Desktop/Workspace/ml/TensorFlow/keras-frcnn/images/reduced_dataset/wheelchair_504.jpg,10,95,135,89,,,,
/home/inavarro/Desktop/Workspace/ml/TensorFlow/keras-frcnn/images/reduced_dataset/wheelchair_219.jpg,15,25,114,130,,,,
/home/inavarro/Desktop/Workspace/ml/TensorFlow/keras-frcnn/images/reduced_dataset/wheelchair_196.jpg,174,207,245,203,,,,
/home/inavarro/Desktop/Workspace/ml/TensorFlow/keras-frcnn/images/reduced_dataset/wheelchair_165.jpg,280,157,180,197,,,,
/home/inavarro/Desktop/Workspace/ml/TensorFlow/keras-frcnn/images/reduced_dataset/wheelchair_357.jpg,33,253,265,223,,,,
/home/inavarro/Desktop/Workspace/ml/TensorFlow/keras-frcnn/images/reduced_dataset/wheelchair_11.jpg,139,221,171,140,,,,
/home/inavarro/Desktop/Workspace/ml/TensorFlow/keras-frcnn/images/reduced_dataset/wheelchair_79.jpg,138,78,149,131,,,,
/home/inavarro/Desktop/Workspace/ml/TensorFlow/keras-frcnn/images/reduced_dataset/wheelchair_259.jpg,46,195,292,215,,,,
/home/inavarro/Desktop/Workspace/ml/TensorFlow/keras-frcnn/images/reduced_dataset/wheelchair_648.JPG,537,344,183,175,,,,
/home/inavarro/Desktop/Workspace/ml/TensorFlow/keras-frcnn/images/reduced_dataset/wheelchair_595.jpg,135,108,77,64,,,,
/home/inavarro/Desktop/Workspace/ml/TensorFlow/keras-frcnn/images/reduced_dataset/wheelchair_124.jpg,101,99,233,267,,,,
/home/inavarro/Desktop/Workspace/ml/TensorFlow/keras-frcnn/images/reduced_dataset/wheelchair_168.jpg,33,39,187,208,,,,
/home/inavarro/Desktop/Workspace/ml/TensorFlow/keras-frcnn/images/reduced_dataset/wheelchair_40.jpg,32,38,169,209,,,,
/home/inavarro/Desktop/Workspace/ml/TensorFlow/keras-frcnn/images/reduced_dataset/wheelchair_515.jpg,57,71,69,58,,,,
/home/inavarro/Desktop/Workspace/ml/TensorFlow/keras-frcnn/images/reduced_dataset/wheelchair_80.jpg,134,129,98,145,,,,
/home/inavarro/Desktop/Workspace/ml/TensorFlow/keras-frcnn/images/reduced_dataset/wheelchair_510.jpg,38,172,152,139,,,,
/home/inavarro/Desktop/Workspace/ml/TensorFlow/keras-frcnn/images/reduced_dataset/wheelchair_159.jpg,78,87,251,268,,,,
/home/inavarro/Desktop/Workspace/ml/TensorFlow/keras-frcnn/images/reduced_dataset/wheelchair_114.jpg,168,129,393,399,,,,
/home/inavarro/Desktop/Workspace/ml/TensorFlow/keras-frcnn/images/reduced_dataset/wheelchair_15.jpg,36,377,300,315,,,,
/home/inavarro/Desktop/Workspace/ml/TensorFlow/keras-frcnn/images/reduced_dataset/wheelchair_345.jpg,397,237,135,219,,,,
/home/inavarro/Desktop/Workspace/ml/TensorFlow/keras-frcnn/images/reduced_dataset/wheelchair_30.jpg,141,450,346,321,,,,
/home/inavarro/Desktop/Workspace/ml/TensorFlow/keras-frcnn/images/reduced_dataset/wheelchair_602.jpg,4,66,246,195,,,,
/home/inavarro/Desktop/Workspace/ml/TensorFlow/keras-frcnn/images/reduced_dataset/wheelchair_557.jpg,358,226,196,168,,,,
/home/inavarro/Desktop/Workspace/ml/TensorFlow/keras-frcnn/images/reduced_dataset/wheelchair_554.jpg,6,100,166,113,,,,
/home/inavarro/Desktop/Workspace/ml/TensorFlow/keras-frcnn/images/reduced_dataset/wheelchair_543.jpg,132,227,114,132,,,,
/home/inavarro/Desktop/Workspace/ml/TensorFlow/keras-frcnn/images/reduced_dataset/wheelchair_571.jpg,79,215,160,268,,,,
/home/inavarro/Desktop/Workspace/ml/TensorFlow/keras-frcnn/images/reduced_dataset/wheelchair_123.jpg,56,82,79,76,,,,
/home/inavarro/Desktop/Workspace/ml/TensorFlow/keras-frcnn/images/reduced_dataset/wheelchair_123.jpg,87,91,87,83,,,,
/home/inavarro/Desktop/Workspace/ml/TensorFlow/keras-frcnn/images/reduced_dataset/wheelchair_123.jpg,269,122,1,88,,,,
/home/inavarro/Desktop/Workspace/ml/TensorFlow/keras-frcnn/images/reduced_dataset/wheelchair_39.jpg,16,183,284,256,,,,
/home/inavarro/Desktop/Workspace/ml/TensorFlow/keras-frcnn/images/reduced_dataset/wheelchair_52.jpg,4,390,285,219,,,,
/home/inavarro/Desktop/Workspace/ml/TensorFlow/keras-frcnn/images/reduced_dataset/wheelchair_104.jpg,32,65,227,243,,,,
/home/inavarro/Desktop/Workspace/ml/TensorFlow/keras-frcnn/images/reduced_dataset/wheelchair_207.jpg,45,49,205,223,,,,
/home/inavarro/Desktop/Workspace/ml/TensorFlow/keras-frcnn/images/reduced_dataset/wheelchair_537.jpg,161,306,351,223,,,,
/home/inavarro/Desktop/Workspace/ml/TensorFlow/keras-frcnn/images/reduced_dataset/wheelchair_51.jpg,87,252,251,247,,,,
/home/inavarro/Desktop/Workspace/ml/TensorFlow/keras-frcnn/images/reduced_dataset/wheelchair_402.jpg,3,22,92,97,,,,
/home/inavarro/Desktop/Workspace/ml/TensorFlow/keras-frcnn/images/reduced_dataset/wheelchair_570.jpg,11,227,219,191,,,,
/home/inavarro/Desktop/Workspace/ml/TensorFlow/keras-frcnn/images/reduced_dataset/wheelchair_415.jpg,3,24,126,122,,,,
/home/inavarro/Desktop/Workspace/ml/TensorFlow/keras-frcnn/images/reduced_dataset/wheelchair_661.JPG,50,475,166,168,,,,
/home/inavarro/Desktop/Workspace/ml/TensorFlow/keras-frcnn/images/reduced_dataset/wheelchair_275.jpg,148,58,83,106,,,,
/home/inavarro/Desktop/Workspace/ml/TensorFlow/keras-frcnn/images/reduced_dataset/wheelchair_234.jpg,32,115,166,179,,,,
/home/inavarro/Desktop/Workspace/ml/TensorFlow/keras-frcnn/images/reduced_dataset/wheelchair_363.jpg,161,157,101,106,,,,
/home/inavarro/Desktop/Workspace/ml/TensorFlow/keras-frcnn/images/reduced_dataset/wheelchair_7.jpg,40,171,171,135,,,,
/home/inavarro/Desktop/Workspace/ml/TensorFlow/keras-frcnn/images/reduced_dataset/wheelchair_82.jpg,223,316,167,308,,,,
/home/inavarro/Desktop/Workspace/ml/TensorFlow/keras-frcnn/images/reduced_dataset/wheelchair_113.jpg,72,152,299,198,,,,
/home/inavarro/Desktop/Workspace/ml/TensorFlow/keras-frcnn/images/reduced_dataset/wheelchair_139.jpg,150,136,359,274,,,,
/home/inavarro/Desktop/Workspace/ml/TensorFlow/keras-frcnn/images/reduced_dataset/wheelchair_8.jpg,96,342,401,307,,,,
/home/inavarro/Desktop/Workspace/ml/TensorFlow/keras-frcnn/images/reduced_dataset/wheelchair_63.jpg,481,294,235,198,,,,
/home/inavarro/Desktop/Workspace/ml/TensorFlow/keras-frcnn/images/reduced_dataset/wheelchair_477.jpg,77,423,356,287,,,,
/home/inavarro/Desktop/Workspace/ml/TensorFlow/keras-frcnn/images/reduced_dataset/wheelchair_310.jpg,44,23,351,373,,,,
/home/inavarro/Desktop/Workspace/ml/TensorFlow/keras-frcnn/images/reduced_dataset/wheelchair_376.jpg,103,258,174,153,,,,
/home/inavarro/Desktop/Workspace/ml/TensorFlow/keras-frcnn/images/reduced_dataset/wheelchair_147.jpg,79,96,280,297,,,,
/home/inavarro/Desktop/Workspace/ml/TensorFlow/keras-frcnn/images/reduced_dataset/wheelchair_498.jpg,100,187,122,134,,,,
/home/inavarro/Desktop/Workspace/ml/TensorFlow/keras-frcnn/images/reduced_dataset/wheelchair_526.jpg,14,98,116,86,,,,
/home/inavarro/Desktop/Workspace/ml/TensorFlow/keras-frcnn/images/reduced_dataset/wheelchair_217.jpg,105,55,312,335,,,,
/home/inavarro/Desktop/Workspace/ml/TensorFlow/keras-frcnn/images/reduced_dataset/wheelchair_636.JPG,389,239,179,158,,,,
/home/inavarro/Desktop/Workspace/ml/TensorFlow/keras-frcnn/images/reduced_dataset/wheelchair_622.JPG,442,318,185,193,,,,
/home/inavarro/Desktop/Workspace/ml/TensorFlow/keras-frcnn/images/reduced_dataset/wheelchair_597.jpg,381,289,402,371,,,,
/home/inavarro/Desktop/Workspace/ml/TensorFlow/keras-frcnn/images/reduced_dataset/wheelchair_390.jpg,4,25,116,117,,,,
/home/inavarro/Desktop/Workspace/ml/TensorFlow/keras-frcnn/images/reduced_dataset/wheelchair_611.jpg,96,392,483,406,,,,
/home/inavarro/Desktop/Workspace/ml/TensorFlow/keras-frcnn/images/reduced_dataset/wheelchair_225.jpg,76,55,428,471,,,,
/home/inavarro/Desktop/Workspace/ml/TensorFlow/keras-frcnn/images/reduced_dataset/wheelchair_647.JPG,213,275,214,197,,,,
/home/inavarro/Desktop/Workspace/ml/TensorFlow/keras-frcnn/images/reduced_dataset/wheelchair_485.jpg,120,371,576,691,,,,
/home/inavarro/Desktop/Workspace/ml/TensorFlow/keras-frcnn/images/reduced_dataset/wheelchair_103.jpg,1,198,678,737,,,,
/home/inavarro/Desktop/Workspace/ml/TensorFlow/keras-frcnn/images/reduced_dataset/wheelchair_604.jpg,61,184,218,232,,,,
/home/inavarro/Desktop/Workspace/ml/TensorFlow/keras-frcnn/images/reduced_dataset/wheelchair_117.jpg,21,75,327,296,,,,
/home/inavarro/Desktop/Workspace/ml/TensorFlow/keras-frcnn/images/reduced_dataset/wheelchair_199.jpg,152,186,166,140,,,,
/home/inavarro/Desktop/Workspace/ml/TensorFlow/keras-frcnn/images/reduced_dataset/wheelchair_593.jpg,79,103,57,48,,,,
/home/inavarro/Desktop/Workspace/ml/TensorFlow/keras-frcnn/images/reduced_dataset/wheelchair_596.jpg,144,127,163,168,,,,
/home/inavarro/Desktop/Workspace/ml/TensorFlow/keras-frcnn/images/reduced_dataset/wheelchair_444.jpg,108,388,367,314,,,,
/home/inavarro/Desktop/Workspace/ml/TensorFlow/keras-frcnn/images/reduced_dataset/wheelchair_511.jpg,87,108,108,78,,,,
/home/inavarro/Desktop/Workspace/ml/TensorFlow/keras-frcnn/images/reduced_dataset/wheelchair_55.jpg,454,302,277,255,,,,
/home/inavarro/Desktop/Workspace/ml/TensorFlow/keras-frcnn/images/reduced_dataset/wheelchair_558.jpg,383,221,472,375,,,,
/home/inavarro/Desktop/Workspace/ml/TensorFlow/keras-frcnn/images/reduced_dataset/wheelchair_157.jpg,97,101,450,501,,,,
/home/inavarro/Desktop/Workspace/ml/TensorFlow/keras-frcnn/images/reduced_dataset/wheelchair_585.jpg,16,325,360,256,,,,
/home/inavarro/Desktop/Workspace/ml/TensorFlow/keras-frcnn/images/reduced_dataset/wheelchair_152.jpg,158,33,391,338,,,,
/home/inavarro/Desktop/Workspace/ml/TensorFlow/keras-frcnn/images/reduced_dataset/wheelchair_221.jpg,273,194,197,179,,,,
/home/inavarro/Desktop/Workspace/ml/TensorFlow/keras-frcnn/images/reduced_dataset/wheelchair_72.jpg,240,86,290,404,,,,
/home/inavarro/Desktop/Workspace/ml/TensorFlow/keras-frcnn/images/reduced_dataset/wheelchair_522.jpg,114,97,92,77,,,,
/home/inavarro/Desktop/Workspace/ml/TensorFlow/keras-frcnn/images/reduced_dataset/wheelchair_13.jpg,173,124,132,127,,,,
/home/inavarro/Desktop/Workspace/ml/TensorFlow/keras-frcnn/images/reduced_dataset/wheelchair_657.JPG,348,293,251,211,,,,
/home/inavarro/Desktop/Workspace/ml/TensorFlow/keras-frcnn/images/reduced_dataset/wheelchair_566.jpg,49,326,253,247,,,,
/home/inavarro/Desktop/Workspace/ml/TensorFlow/keras-frcnn/images/reduced_dataset/wheelchair_332.jpg,240,320,208,174,,,,
/home/inavarro/Desktop/Workspace/ml/TensorFlow/keras-frcnn/images/reduced_dataset/wheelchair_560.jpg,1,35,397,407,,,,
/home/inavarro/Desktop/Workspace/ml/TensorFlow/keras-frcnn/images/reduced_dataset/wheelchair_120.jpg,46,88,416,372,,,,
/home/inavarro/Desktop/Workspace/ml/TensorFlow/keras-frcnn/images/reduced_dataset/wheelchair_22.jpg,625,391,173,198,,,,
/home/inavarro/Desktop/Workspace/ml/TensorFlow/keras-frcnn/images/reduced_dataset/wheelchair_424.jpg,12,22,79,76,,,,
/home/inavarro/Desktop/Workspace/ml/TensorFlow/keras-frcnn/images/reduced_dataset/wheelchair_19.jpg,93,309,115,118,,,,
/home/inavarro/Desktop/Workspace/ml/TensorFlow/keras-frcnn/images/reduced_dataset/wheelchair_416.jpg,13,27,123,137,,,,
/home/inavarro/Desktop/Workspace/ml/TensorFlow/keras-frcnn/images/reduced_dataset/wheelchair_565.jpg,147,40,213,196,,,,
/home/inavarro/Desktop/Workspace/ml/TensorFlow/keras-frcnn/images/reduced_dataset/wheelchair_664.JPG,364,264,209,198,,,,
/home/inavarro/Desktop/Workspace/ml/TensorFlow/keras-frcnn/images/reduced_dataset/wheelchair_34.jpg,117,206,192,171,,,,
/home/inavarro/Desktop/Workspace/ml/TensorFlow/keras-frcnn/images/reduced_dataset/wheelchair_372.jpg,213,163,182,184,,,,
/home/inavarro/Desktop/Workspace/ml/TensorFlow/keras-frcnn/images/reduced_dataset/wheelchair_173.jpg,104,53,218,194,,,,
/home/inavarro/Desktop/Workspace/ml/TensorFlow/keras-frcnn/images/reduced_dataset/wheelchair_188.jpg,198,110,148,137,,,,
/home/inavarro/Desktop/Workspace/ml/TensorFlow/keras-frcnn/images/reduced_dataset/wheelchair_183.jpg,60,252,263,319,,,,
/home/inavarro/Desktop/Workspace/ml/TensorFlow/keras-frcnn/images/reduced_dataset/wheelchair_85.jpg,422,465,453,356,,,,
/home/inavarro/Desktop/Workspace/ml/TensorFlow/keras-frcnn/images/reduced_dataset/wheelchair_27.jpg,55,58,179,199,,,,
/home/inavarro/Desktop/Workspace/ml/TensorFlow/keras-frcnn/images/reduced_dataset/wheelchair_178.jpg,193,118,434,478,,,,
/home/inavarro/Desktop/Workspace/ml/TensorFlow/keras-frcnn/images/reduced_dataset/wheelchair_506.jpg,87,136,101,129,,,,
/home/inavarro/Desktop/Workspace/ml/TensorFlow/keras-frcnn/images/reduced_dataset/wheelchair_20.jpg,51,278,263,217,,,,
/home/inavarro/Desktop/Workspace/ml/TensorFlow/keras-frcnn/images/reduced_dataset/wheelchair_150.jpg,123,45,429,471,,,,
/home/inavarro/Desktop/Workspace/ml/TensorFlow/keras-frcnn/images/reduced_dataset/wheelchair_650.JPG,413,315,192,189,,,,
/home/inavarro/Desktop/Workspace/ml/TensorFlow/keras-frcnn/images/reduced_dataset/wheelchair_626.JPG,407,380,137,122,,,,
/home/inavarro/Desktop/Workspace/ml/TensorFlow/keras-frcnn/images/reduced_dataset/wheelchair_655.JPG,363,317,192,171,,,,
/home/inavarro/Desktop/Workspace/ml/TensorFlow/keras-frcnn/images/reduced_dataset/wheelchair_237.jpg,1,27,204,188,,,,
/home/inavarro/Desktop/Workspace/ml/TensorFlow/keras-frcnn/images/reduced_dataset/wheelchair_490.jpg,50,194,233,147,,,,
/home/inavarro/Desktop/Workspace/ml/TensorFlow/keras-frcnn/images/reduced_dataset/wheelchair_203.jpg,37,32,139,205,,,,
/home/inavarro/Desktop/Workspace/ml/TensorFlow/keras-frcnn/images/reduced_dataset/wheelchair_189.jpg,274,150,313,283,,,,
/home/inavarro/Desktop/Workspace/ml/TensorFlow/keras-frcnn/images/reduced_dataset/wheelchair_253.jpg,300,279,501,730,,,,
/home/inavarro/Desktop/Workspace/ml/TensorFlow/keras-frcnn/images/reduced_dataset/wheelchair_458.jpg,13,114,157,136,,,,
/home/inavarro/Desktop/Workspace/ml/TensorFlow/keras-frcnn/images/reduced_dataset/wheelchair_535.jpg,303,173,121,98,,,,
/home/inavarro/Desktop/Workspace/ml/TensorFlow/keras-frcnn/images/reduced_dataset/wheelchair_460.jpg,104,126,396,335,,,,
/home/inavarro/Desktop/Workspace/ml/TensorFlow/keras-frcnn/images/reduced_dataset/wheelchair_295.jpg,14,352,357,467,,,,
/home/inavarro/Desktop/Workspace/ml/TensorFlow/keras-frcnn/images/reduced_dataset/wheelchair_92.jpg,58,225,216,186,,,,
/home/inavarro/Desktop/Workspace/ml/TensorFlow/keras-frcnn/images/reduced_dataset/wheelchair_9.jpg,114,417,384,317,,,,
/home/inavarro/Desktop/Workspace/ml/TensorFlow/keras-frcnn/images/reduced_dataset/wheelchair_97.jpg,278,179,180,171,,,,
/home/inavarro/Desktop/Workspace/ml/TensorFlow/keras-frcnn/images/reduced_dataset/wheelchair_307.jpg,333,293,300,241,,,,
/home/inavarro/Desktop/Workspace/ml/TensorFlow/keras-frcnn/images/reduced_dataset/wheelchair_68.jpg,261,361,455,280,,,,
/home/inavarro/Desktop/Workspace/ml/TensorFlow/keras-frcnn/images/reduced_dataset/wheelchair_149.jpg,142,89,378,325,,,,
/home/inavarro/Desktop/Workspace/ml/TensorFlow/keras-frcnn/images/reduced_dataset/wheelchair_456.jpg,22,89,190,211,,,,
/home/inavarro/Desktop/Workspace/ml/TensorFlow/keras-frcnn/images/reduced_dataset/wheelchair_288.jpg,105,170,211,168,,,,
/home/inavarro/Desktop/Workspace/ml/TensorFlow/keras-frcnn/images/reduced_dataset/wheelchair_158.jpg,108,151,359,318,,,,
/home/inavarro/Desktop/Workspace/ml/TensorFlow/keras-frcnn/images/reduced_dataset/wheelchair_190.jpg,437,295,178,156,,,,
/home/inavarro/Desktop/Workspace/ml/TensorFlow/keras-frcnn/images/reduced_dataset/wheelchair_144.jpg,43,354,463,373,,,,
/home/inavarro/Desktop/Workspace/ml/TensorFlow/keras-frcnn/images/reduced_dataset/wheelchair_93.jpg,194,153,146,144,,,,
/home/inavarro/Desktop/Workspace/ml/TensorFlow/keras-frcnn/images/reduced_dataset/wheelchair_507.jpg,81,75,99,75,,,,
/home/inavarro/Desktop/Workspace/ml/TensorFlow/keras-frcnn/images/reduced_dataset/wheelchair_32.jpg,96,227,274,227,,,,
/home/inavarro/Desktop/Workspace/ml/TensorFlow/keras-frcnn/images/reduced_dataset/wheelchair_45.jpg,78,207,203,182,,,,
/home/inavarro/Desktop/Workspace/ml/TensorFlow/keras-frcnn/images/reduced_dataset/wheelchair_423.jpg,19,43,200,215,,,,
/home/inavarro/Desktop/Workspace/ml/TensorFlow/keras-frcnn/images/reduced_dataset/wheelchair_192.jpg,57,107,363,345,,,,
/home/inavarro/Desktop/Workspace/ml/TensorFlow/keras-frcnn/images/reduced_dataset/wheelchair_426.jpg,12,21,99,115,,,,
/home/inavarro/Desktop/Workspace/ml/TensorFlow/keras-frcnn/images/reduced_dataset/wheelchair_293.jpg,167,186,132,139,,,,
/home/inavarro/Desktop/Workspace/ml/TensorFlow/keras-frcnn/images/reduced_dataset/wheelchair_388.jpg,146,162,152,156,,,,
/home/inavarro/Desktop/Workspace/ml/TensorFlow/keras-frcnn/images/reduced_dataset/wheelchair_388.jpg,270,48,158,171,,,,
/home/inavarro/Desktop/Workspace/ml/TensorFlow/keras-frcnn/images/reduced_dataset/wheelchair_437.jpg,119,100,161,148,,,,
/home/inavarro/Desktop/Workspace/ml/TensorFlow/keras-frcnn/images/reduced_dataset/wheelchair_583.jpg,296,175,213,158,,,,
/home/inavarro/Desktop/Workspace/ml/TensorFlow/keras-frcnn/images/reduced_dataset/wheelchair_31.jpg,187,110,107,89,,,,
/home/inavarro/Desktop/Workspace/ml/TensorFlow/keras-frcnn/images/reduced_dataset/wheelchair_610.jpg,28,234,319,254,,,,
/home/inavarro/Desktop/Workspace/ml/TensorFlow/keras-frcnn/images/reduced_dataset/wheelchair_624.JPG,351,328,217,182,,,,
/home/inavarro/Desktop/Workspace/ml/TensorFlow/keras-frcnn/images/reduced_dataset/wheelchair_50.jpg,252,185,160,134,,,,
/home/inavarro/Desktop/Workspace/ml/TensorFlow/keras-frcnn/images/reduced_dataset/wheelchair_603.jpg,174,141,196,156,,,,
/home/inavarro/Desktop/Workspace/ml/TensorFlow/keras-frcnn/images/reduced_dataset/wheelchair_517.jpg,47,110,150,100,,,,
/home/inavarro/Desktop/Workspace/ml/TensorFlow/keras-frcnn/images/reduced_dataset/wheelchair_634.JPG,182,356,200,154,,,,
/home/inavarro/Desktop/Workspace/ml/TensorFlow/keras-frcnn/images/reduced_dataset/wheelchair_29.jpg,53,230,269,277,,,,
/home/inavarro/Desktop/Workspace/ml/TensorFlow/keras-frcnn/images/reduced_dataset/wheelchair_227.jpg,64,248,466,567,,,,
/home/inavarro/Desktop/Workspace/ml/TensorFlow/keras-frcnn/images/reduced_dataset/wheelchair_582.jpg,73,67,340,290,,,,
/home/inavarro/Desktop/Workspace/ml/TensorFlow/keras-frcnn/images/reduced_dataset/wheelchair_406.jpg,48,69,504,494,,,,
/home/inavarro/Desktop/Workspace/ml/TensorFlow/keras-frcnn/images/reduced_dataset/wheelchair_122.jpg,264,208,178,211,,,,
/home/inavarro/Desktop/Workspace/ml/TensorFlow/keras-frcnn/images/reduced_dataset/wheelchair_73.jpg,174,147,201,191,,,,
/home/inavarro/Desktop/Workspace/ml/TensorFlow/keras-frcnn/images/reduced_dataset/wheelchair_59.jpg,69,139,151,127,,,,
/home/inavarro/Desktop/Workspace/ml/TensorFlow/keras-frcnn/images/reduced_dataset/wheelchair_142.jpg,175,105,265,345,,,,
/home/inavarro/Desktop/Workspace/ml/TensorFlow/keras-frcnn/images/reduced_dataset/wheelchair_427.jpg,25,46,166,145,,,,
/home/inavarro/Desktop/Workspace/ml/TensorFlow/keras-frcnn/images/reduced_dataset/wheelchair_559.jpg,57,197,188,158,,,,
/home/inavarro/Desktop/Workspace/ml/TensorFlow/keras-frcnn/images/reduced_dataset/wheelchair_187.jpg,34,80,169,157,,,,
/home/inavarro/Desktop/Workspace/ml/TensorFlow/keras-frcnn/images/reduced_dataset/wheelchair_106.jpg,54,32,36,79,,,,
/home/inavarro/Desktop/Workspace/ml/TensorFlow/keras-frcnn/images/reduced_dataset/wheelchair_25.jpg,267,150,164,138,,,,
/home/inavarro/Desktop/Workspace/ml/TensorFlow/keras-frcnn/images/reduced_dataset/wheelchair_285.jpg,135,143,101,108,,,,
/home/inavarro/Desktop/Workspace/ml/TensorFlow/keras-frcnn/images/reduced_dataset/wheelchair_285.jpg,233,77,140,115,,,,
/home/inavarro/Desktop/Workspace/ml/TensorFlow/keras-frcnn/images/reduced_dataset/wheelchair_489.jpg,410,269,228,214,,,,
/home/inavarro/Desktop/Workspace/ml/TensorFlow/keras-frcnn/images/reduced_dataset/wheelchair_182.jpg,64,72,332,424,,,,
/home/inavarro/Desktop/Workspace/ml/TensorFlow/keras-frcnn/images/reduced_dataset/wheelchair_129.jpg,147,135,549,641,,,,
/home/inavarro/Desktop/Workspace/ml/TensorFlow/keras-frcnn/images/reduced_dataset/wheelchair_67.jpg,52,48,172,169,,,,
/home/inavarro/Desktop/Workspace/ml/TensorFlow/keras-frcnn/images/reduced_dataset/wheelchair_258.jpg,293,351,484,401,,,,
/home/inavarro/Desktop/Workspace/ml/TensorFlow/keras-frcnn/images/reduced_dataset/wheelchair_550.jpg,152,209,159,147,,,,
/home/inavarro/Desktop/Workspace/ml/TensorFlow/keras-frcnn/images/reduced_dataset/wheelchair_540.jpg,90,103,92,81,,,,
/home/inavarro/Desktop/Workspace/ml/TensorFlow/keras-frcnn/images/reduced_dataset/wheelchair_483.jpg,68,273,395,394,,,,
/home/inavarro/Desktop/Workspace/ml/TensorFlow/keras-frcnn/images/reduced_dataset/wheelchair_632.JPG,306,341,169,170,,,,
/home/inavarro/Desktop/Workspace/ml/TensorFlow/keras-frcnn/images/reduced_dataset/wheelchair_299.jpg,203,603,695,627,,,,
/home/inavarro/Desktop/Workspace/ml/TensorFlow/keras-frcnn/images/reduced_dataset/wheelchair_172.jpg,169,85,323,264,,,,
/home/inavarro/Desktop/Workspace/ml/TensorFlow/keras-frcnn/images/reduced_dataset/wheelchair_576.jpg,109,193,90,175,,,,
/home/inavarro/Desktop/Workspace/ml/TensorFlow/keras-frcnn/images/reduced_dataset/wheelchair_576.jpg,350,184,129,213,,,,
/home/inavarro/Desktop/Workspace/ml/TensorFlow/keras-frcnn/images/reduced_dataset/wheelchair_588.jpg,66,170,98,113,,,,
/home/inavarro/Desktop/Workspace/ml/TensorFlow/keras-frcnn/images/reduced_dataset/wheelchair_514.jpg,124,90,60,70,,,,
/home/inavarro/Desktop/Workspace/ml/TensorFlow/keras-frcnn/images/reduced_dataset/wheelchair_162.jpg,93,77,370,467,,,,
/home/inavarro/Desktop/Workspace/ml/TensorFlow/keras-frcnn/images/reduced_dataset/wheelchair_512.jpg,47,38,197,184,,,,
/home/inavarro/Desktop/Workspace/ml/TensorFlow/keras-frcnn/images/reduced_dataset/wheelchair_1.jpg,193,220,216,191,,,,
/home/inavarro/Desktop/Workspace/ml/TensorFlow/keras-frcnn/images/reduced_dataset/wheelchair_191.jpg,3,3,187,198,,,,
/home/inavarro/Desktop/Workspace/ml/TensorFlow/keras-frcnn/images/reduced_dataset/wheelchair_631.JPG,367,277,201,191,,,,
/home/inavarro/Desktop/Workspace/ml/TensorFlow/keras-frcnn/images/reduced_dataset/wheelchair_170.jpg,94,225,329,291,,,,
/home/inavarro/Desktop/Workspace/ml/TensorFlow/keras-frcnn/images/reduced_dataset/wheelchair_465.jpg,37,72,197,200,,,,
/home/inavarro/Desktop/Workspace/ml/TensorFlow/keras-frcnn/images/reduced_dataset/wheelchair_160.jpg,482,159,227,180,,,,
/home/inavarro/Desktop/Workspace/ml/TensorFlow/keras-frcnn/images/reduced_dataset/wheelchair_6.jpg,77,288,173,131,,,,
/home/inavarro/Desktop/Workspace/ml/TensorFlow/keras-frcnn/images/reduced_dataset/wheelchair_451.jpg,64,113,302,317,,,,
/home/inavarro/Desktop/Workspace/ml/TensorFlow/keras-frcnn/images/reduced_dataset/wheelchair_28.jpg,115,226,340,200,,,,
/home/inavarro/Desktop/Workspace/ml/TensorFlow/keras-frcnn/images/reduced_dataset/wheelchair_608.jpg,44,168,147,146,,,,
/home/inavarro/Desktop/Workspace/ml/TensorFlow/keras-frcnn/images/reduced_dataset/wheelchair_418.jpg,286,239,195,234,,,,
/home/inavarro/Desktop/Workspace/ml/TensorFlow/keras-frcnn/images/reduced_dataset/wheelchair_338.jpg,133,141,88,72,,,,
/home/inavarro/Desktop/Workspace/ml/TensorFlow/keras-frcnn/images/reduced_dataset/wheelchair_501.jpg,183,151,143,199,,,,
/home/inavarro/Desktop/Workspace/ml/TensorFlow/keras-frcnn/images/reduced_dataset/wheelchair_509.jpg,6,97,101,73,,,,
/home/inavarro/Desktop/Workspace/ml/TensorFlow/keras-frcnn/images/reduced_dataset/wheelchair_153.jpg,107,70,222,224,,,,
/home/inavarro/Desktop/Workspace/ml/TensorFlow/keras-frcnn/images/reduced_dataset/wheelchair_198.jpg,34,113,435,487,,,,
/home/inavarro/Desktop/Workspace/ml/TensorFlow/keras-frcnn/images/reduced_dataset/wheelchair_101.jpg,30,98,168,146,,,,
/home/inavarro/Desktop/Workspace/ml/TensorFlow/keras-frcnn/images/reduced_dataset/wheelchair_356.jpg,127,159,85,77,,,,
/home/inavarro/Desktop/Workspace/ml/TensorFlow/keras-frcnn/images/reduced_dataset/wheelchair_382.jpg,266,181,249,174,,,,
/home/inavarro/Desktop/Workspace/ml/TensorFlow/keras-frcnn/images/reduced_dataset/wheelchair_155.jpg,50,198,302,279,,,,
/home/inavarro/Desktop/Workspace/ml/TensorFlow/keras-frcnn/images/reduced_dataset/wheelchair_21.jpg,20,300,263,274,,,,
/home/inavarro/Desktop/Workspace/ml/TensorFlow/keras-frcnn/images/reduced_dataset/wheelchair_49.jpg,120,184,124,139,,,,
/home/inavarro/Desktop/Workspace/ml/TensorFlow/keras-frcnn/images/reduced_dataset/wheelchair_99.jpg,34,260,348,261,,,,
/home/inavarro/Desktop/Workspace/ml/TensorFlow/keras-frcnn/images/reduced_dataset/wheelchair_599.jpg,28,160,218,191,,,,
/home/inavarro/Desktop/Workspace/ml/TensorFlow/keras-frcnn/images/reduced_dataset/wheelchair_81.jpg,148,93,78,60,,,,
/home/inavarro/Desktop/Workspace/ml/TensorFlow/keras-frcnn/images/reduced_dataset/wheelchair_127.jpg,64,154,321,301,,,,
/home/inavarro/Desktop/Workspace/ml/TensorFlow/keras-frcnn/images/reduced_dataset/wheelchair_590.jpg,194,214,295,249,,,,
/home/inavarro/Desktop/Workspace/ml/TensorFlow/keras-frcnn/images/reduced_dataset/wheelchair_625.JPG,308,343,224,168,,,,
/home/inavarro/Desktop/Workspace/ml/TensorFlow/keras-frcnn/images/reduced_dataset/wheelchair_572.jpg,7,209,276,187,,,,
/home/inavarro/Desktop/Workspace/ml/TensorFlow/keras-frcnn/images/reduced_dataset/wheelchair_137.jpg,143,100,291,290,,,,
/home/inavarro/Desktop/Workspace/ml/TensorFlow/keras-frcnn/images/reduced_dataset/wheelchair_289.jpg,181,84,312,294,,,,
/home/inavarro/Desktop/Workspace/ml/TensorFlow/keras-frcnn/images/reduced_dataset/wheelchair_492.jpg,17,81,90,110,,,,
/home/inavarro/Desktop/Workspace/ml/TensorFlow/keras-frcnn/images/reduced_dataset/wheelchair_268.jpg,144,237,107,92,,,,
/home/inavarro/Desktop/Workspace/ml/TensorFlow/keras-frcnn/images/reduced_dataset/wheelchair_617.JPG,300,328,151,148,,,,
/home/inavarro/Desktop/Workspace/ml/TensorFlow/keras-frcnn/images/reduced_dataset/wheelchair_333.jpg,227,286,262,273,,,,
/home/inavarro/Desktop/Workspace/ml/TensorFlow/keras-frcnn/images/reduced_dataset/wheelchair_180.jpg,8,79,388,449,,,,
/home/inavarro/Desktop/Workspace/ml/TensorFlow/keras-frcnn/images/reduced_dataset/wheelchair_414.jpg,40,27,199,184,,,,
/home/inavarro/Desktop/Workspace/ml/TensorFlow/keras-frcnn/images/reduced_dataset/wheelchair_562.jpg,35,81,107,94,,,,
/home/inavarro/Desktop/Workspace/ml/TensorFlow/keras-frcnn/images/reduced_dataset/wheelchair_525.jpg,1,125,188,140,,,,
/home/inavarro/Desktop/Workspace/ml/TensorFlow/keras-frcnn/images/reduced_dataset/wheelchair_591.jpg,186,180,227,177,,,,
/home/inavarro/Desktop/Workspace/ml/TensorFlow/keras-frcnn/images/reduced_dataset/wheelchair_319.jpg,186,60,88,113,72,64,59,56
/home/inavarro/Desktop/Workspace/ml/TensorFlow/keras-frcnn/images/reduced_dataset/wheelchair_623.JPG,482,156,149,159,,,,
/home/inavarro/Desktop/Workspace/ml/TensorFlow/keras-frcnn/images/reduced_dataset/wheelchair_594.jpg,15,255,160,156,,,,
/home/inavarro/Desktop/Workspace/ml/TensorFlow/keras-frcnn/images/reduced_dataset/wheelchair_532.jpg,55,187,165,133,,,,
/home/inavarro/Desktop/Workspace/ml/TensorFlow/keras-frcnn/images/reduced_dataset/wheelchair_607.jpg,2,232,234,207,,,,
/home/inavarro/Desktop/Workspace/ml/TensorFlow/keras-frcnn/images/reduced_dataset/wheelchair_222.jpg,85,313,346,308,,,,
/home/inavarro/Desktop/Workspace/ml/TensorFlow/keras-frcnn/images/reduced_dataset/wheelchair_410.jpg,245,378,141,254,,,,
/home/inavarro/Desktop/Workspace/ml/TensorFlow/keras-frcnn/images/reduced_dataset/wheelchair_614.jpg,22,55,179,192,,,,
/home/inavarro/Desktop/Workspace/ml/TensorFlow/keras-frcnn/images/reduced_dataset/wheelchair_240.jpg,106,40,120,118,,,,
/home/inavarro/Desktop/Workspace/ml/TensorFlow/keras-frcnn/images/reduced_dataset/wheelchair_420.jpg,5,82,392,405,,,,
/home/inavarro/Desktop/Workspace/ml/TensorFlow/keras-frcnn/images/reduced_dataset/wheelchair_69.jpg,162,177,238,221,,,,
/home/inavarro/Desktop/Workspace/ml/TensorFlow/keras-frcnn/images/reduced_dataset/wheelchair_589.jpg,100,291,210,232,,,,
/home/inavarro/Desktop/Workspace/ml/TensorFlow/keras-frcnn/images/reduced_dataset/wheelchair_5.jpg,112,117,148,131,,,,
/home/inavarro/Desktop/Workspace/ml/TensorFlow/keras-frcnn/images/reduced_dataset/wheelchair_17.jpg,66,224,309,281,,,,
/home/inavarro/Desktop/Workspace/ml/TensorFlow/keras-frcnn/images/reduced_dataset/wheelchair_531.jpg,163,182,118,105,,,,
/home/inavarro/Desktop/Workspace/ml/TensorFlow/keras-frcnn/images/reduced_dataset/wheelchair_84.jpg,22,245,197,170,,,,
/home/inavarro/Desktop/Workspace/ml/TensorFlow/keras-frcnn/images/reduced_dataset/wheelchair_208.jpg,48,357,213,270,,,,
/home/inavarro/Desktop/Workspace/ml/TensorFlow/keras-frcnn/images/reduced_dataset/wheelchair_10.jpg,152,502,387,306,,,,
/home/inavarro/Desktop/Workspace/ml/TensorFlow/keras-frcnn/images/reduced_dataset/wheelchair_163.jpg,119,107,332,307,,,,
/home/inavarro/Desktop/Workspace/ml/TensorFlow/keras-frcnn/images/reduced_dataset/wheelchair_47.jpg,12,271,295,216,,,,
/home/inavarro/Desktop/Workspace/ml/TensorFlow/keras-frcnn/images/reduced_dataset/wheelchair_174.jpg,20,73,247,255,,,,
/home/inavarro/Desktop/Workspace/ml/TensorFlow/keras-frcnn/images/reduced_dataset/wheelchair_484.jpg,179,106,145,132,,,,
/home/inavarro/Desktop/Workspace/ml/TensorFlow/keras-frcnn/images/reduced_dataset/wheelchair_381.jpg,25,209,241,231,,,,
/home/inavarro/Desktop/Workspace/ml/TensorFlow/keras-frcnn/images/reduced_dataset/wheelchair_87.jpg,164,211,153,149,,,,
/home/inavarro/Desktop/Workspace/ml/TensorFlow/keras-frcnn/images/reduced_dataset/wheelchair_62.jpg,29,154,174,151,,,,
/home/inavarro/Desktop/Workspace/ml/TensorFlow/keras-frcnn/images/reduced_dataset/wheelchair_521.jpg,127,99,309,231,,,,
/home/inavarro/Desktop/Workspace/ml/TensorFlow/keras-frcnn/images/reduced_dataset/wheelchair_41.jpg,9,172,189,141,,,,
/home/inavarro/Desktop/Workspace/ml/TensorFlow/keras-frcnn/images/reduced_dataset/wheelchair_496.jpg,41,89,118,100,,,,
/home/inavarro/Desktop/Workspace/ml/TensorFlow/keras-frcnn/images/reduced_dataset/wheelchair_56.jpg,118,325,185,143,,,,
/home/inavarro/Desktop/Workspace/ml/TensorFlow/keras-frcnn/images/reduced_dataset/wheelchair_135.jpg,75,45,160,135,,,,
/home/inavarro/Desktop/Workspace/ml/TensorFlow/keras-frcnn/images/reduced_dataset/wheelchair_175.jpg,41,86,263,212,,,,
/home/inavarro/Desktop/Workspace/ml/TensorFlow/keras-frcnn/images/reduced_dataset/wheelchair_171.jpg,371,92,430,456,,,,
/home/inavarro/Desktop/Workspace/ml/TensorFlow/keras-frcnn/images/reduced_dataset/wheelchair_125.jpg,166,221,300,312,,,,
/home/inavarro/Desktop/Workspace/ml/TensorFlow/keras-frcnn/images/reduced_dataset/wheelchair_26.jpg,279,270,268,192,,,,
/home/inavarro/Desktop/Workspace/ml/TensorFlow/keras-frcnn/images/reduced_dataset/wheelchair_230.jpg,89,46,176,192,,,,
/home/inavarro/Desktop/Workspace/ml/TensorFlow/keras-frcnn/images/reduced_dataset/wheelchair_166.jpg,219,212,244,189,,,,
/home/inavarro/Desktop/Workspace/ml/TensorFlow/keras-frcnn/images/reduced_dataset/wheelchair_169.jpg,78,106,301,273,,,,
/home/inavarro/Desktop/Workspace/ml/TensorFlow/keras-frcnn/images/reduced_dataset/wheelchair_44.jpg,217,133,296,335,,,,
/home/inavarro/Desktop/Workspace/ml/TensorFlow/keras-frcnn/images/reduced_dataset/wheelchair_551.jpg,172,174,176,159,,,,
/home/inavarro/Desktop/Workspace/ml/TensorFlow/keras-frcnn/images/reduced_dataset/wheelchair_23.jpg,114,108,107,91,,,,
/home/inavarro/Desktop/Workspace/ml/TensorFlow/keras-frcnn/images/reduced_dataset/wheelchair_344.jpg,156,206,245,199,,,,
/home/inavarro/Desktop/Workspace/ml/TensorFlow/keras-frcnn/images/reduced_dataset/wheelchair_499.jpg,251,155,159,165,,,,
/home/inavarro/Desktop/Workspace/ml/TensorFlow/keras-frcnn/images/reduced_dataset/wheelchair_246.jpg,179,239,161,178,,,,
/home/inavarro/Desktop/Workspace/ml/TensorFlow/keras-frcnn/images/reduced_dataset/wheelchair_161.jpg,234,85,347,496,,,,
/home/inavarro/Desktop/Workspace/ml/TensorFlow/keras-frcnn/images/reduced_dataset/wheelchair_564.jpg,112,78,128,101,,,,
/home/inavarro/Desktop/Workspace/ml/TensorFlow/keras-frcnn/images/reduced_dataset/wheelchair_518.jpg,15,97,99,93,,,,
/home/inavarro/Desktop/Workspace/ml/TensorFlow/keras-frcnn/images/reduced_dataset/wheelchair_556.jpg,108,225,245,221,,,,
/home/inavarro/Desktop/Workspace/ml/TensorFlow/keras-frcnn/images/reduced_dataset/wheelchair_549.jpg,2,173,226,196,,,,
/home/inavarro/Desktop/Workspace/ml/TensorFlow/keras-frcnn/images/reduced_dataset/wheelchair_164.jpg,79,84,365,416,,,,
/home/inavarro/Desktop/Workspace/ml/TensorFlow/keras-frcnn/images/reduced_dataset/wheelchair_35.jpg,232,195,184,160,,,,
/home/inavarro/Desktop/Workspace/ml/TensorFlow/keras-frcnn/images/reduced_dataset/wheelchair_42.jpg,616,441,346,411,,,,
/home/inavarro/Desktop/Workspace/ml/TensorFlow/keras-frcnn/images/reduced_dataset/wheelchair_138.jpg,127,103,312,281,,,,
