imageFilename,wheelchair_1,wheelchair_2,wheelchair_3,wheelchair_4,wheelchair_5,wheelchair_6,wheelchair_7,wheelchair_8
/home/inavarro/Desktop/Workspace/ml/TensorFlow/keras-frcnn/wheelchair_files/wheelchair_images/ROI_wc/wheelchair_355.jpg,50,368,430,359,,,,
/home/inavarro/Desktop/Workspace/ml/TensorFlow/keras-frcnn/wheelchair_files/wheelchair_images/ROI_wc/wheelchair_402.jpg,76,56,255,303,,,,
/home/inavarro/Desktop/Workspace/ml/TensorFlow/keras-frcnn/wheelchair_files/wheelchair_images/ROI_wc/wheelchair_16.jpg,139,183,212,161,,,,
/home/inavarro/Desktop/Workspace/ml/TensorFlow/keras-frcnn/wheelchair_files/wheelchair_images/ROI_wc/wheelchair_139.jpg,181,239,205,177,,,,
/home/inavarro/Desktop/Workspace/ml/TensorFlow/keras-frcnn/wheelchair_files/wheelchair_images/ROI_wc/wheelchair_268.jpg,152,98,350,309,,,,
/home/inavarro/Desktop/Workspace/ml/TensorFlow/keras-frcnn/wheelchair_files/wheelchair_images/ROI_wc/wheelchair_103.jpg,31,10,388,398,,,,
/home/inavarro/Desktop/Workspace/ml/TensorFlow/keras-frcnn/wheelchair_files/wheelchair_images/ROI_wc/wheelchair_108.jpg,77,281,172,139,,,,
/home/inavarro/Desktop/Workspace/ml/TensorFlow/keras-frcnn/wheelchair_files/wheelchair_images/ROI_wc/wheelchair_375.jpg,486,296,228,194,,,,
/home/inavarro/Desktop/Workspace/ml/TensorFlow/keras-frcnn/wheelchair_files/wheelchair_images/ROI_wc/wheelchair_312.jpg,91,85,144,98,,,,
/home/inavarro/Desktop/Workspace/ml/TensorFlow/keras-frcnn/wheelchair_files/wheelchair_images/ROI_wc/wheelchair_222.jpg,175,259,276,222,,,,
/home/inavarro/Desktop/Workspace/ml/TensorFlow/keras-frcnn/wheelchair_files/wheelchair_images/ROI_wc/wheelchair_180.jpg,20,32,321,319,,,,
/home/inavarro/Desktop/Workspace/ml/TensorFlow/keras-frcnn/wheelchair_files/wheelchair_images/ROI_wc/wheelchair_109.jpg,84,108,111,79,,,,
/home/inavarro/Desktop/Workspace/ml/TensorFlow/keras-frcnn/wheelchair_files/wheelchair_images/ROI_wc/wheelchair_157.jpg,143,126,123,90,,,,
/home/inavarro/Desktop/Workspace/ml/TensorFlow/keras-frcnn/wheelchair_files/wheelchair_images/ROI_wc/wheelchair_224.jpg,13,152,207,157,,,,
/home/inavarro/Desktop/Workspace/ml/TensorFlow/keras-frcnn/wheelchair_files/wheelchair_images/ROI_wc/wheelchair_349.jpg,123,23,251,299,,,,
/home/inavarro/Desktop/Workspace/ml/TensorFlow/keras-frcnn/wheelchair_files/wheelchair_images/ROI_wc/wheelchair_394.jpg,110,101,149,143,,,,
/home/inavarro/Desktop/Workspace/ml/TensorFlow/keras-frcnn/wheelchair_files/wheelchair_images/ROI_wc/wheelchair_387.jpg,191,216,224,194,,,,
/home/inavarro/Desktop/Workspace/ml/TensorFlow/keras-frcnn/wheelchair_files/wheelchair_images/ROI_wc/wheelchair_126.jpg,107,35,117,122,,,,
/home/inavarro/Desktop/Workspace/ml/TensorFlow/keras-frcnn/wheelchair_files/wheelchair_images/ROI_wc/wheelchair_232.jpg,70,7,671,839,,,,
/home/inavarro/Desktop/Workspace/ml/TensorFlow/keras-frcnn/wheelchair_files/wheelchair_images/ROI_wc/wheelchair_172.jpg,109,416,276,192,,,,
/home/inavarro/Desktop/Workspace/ml/TensorFlow/keras-frcnn/wheelchair_files/wheelchair_images/ROI_wc/wheelchair_202.jpg,14,189,283,248,,,,
/home/inavarro/Desktop/Workspace/ml/TensorFlow/keras-frcnn/wheelchair_files/wheelchair_images/ROI_wc/wheelchair_27.jpg,21,57,260,276,,,,
/home/inavarro/Desktop/Workspace/ml/TensorFlow/keras-frcnn/wheelchair_files/wheelchair_images/ROI_wc/wheelchair_115.jpg,1,7,297,351,,,,
/home/inavarro/Desktop/Workspace/ml/TensorFlow/keras-frcnn/wheelchair_files/wheelchair_images/ROI_wc/wheelchair_325.jpg,291,143,160,153,,,,
/home/inavarro/Desktop/Workspace/ml/TensorFlow/keras-frcnn/wheelchair_files/wheelchair_images/ROI_wc/wheelchair_277.jpg,163,149,149,121,,,,
/home/inavarro/Desktop/Workspace/ml/TensorFlow/keras-frcnn/wheelchair_files/wheelchair_images/ROI_wc/wheelchair_223.jpg,15,31,223,208,,,,
/home/inavarro/Desktop/Workspace/ml/TensorFlow/keras-frcnn/wheelchair_files/wheelchair_images/ROI_wc/wheelchair_193.jpg,159,106,104,153,,,,
/home/inavarro/Desktop/Workspace/ml/TensorFlow/keras-frcnn/wheelchair_files/wheelchair_images/ROI_wc/wheelchair_36.jpg,79,120,356,385,,,,
/home/inavarro/Desktop/Workspace/ml/TensorFlow/keras-frcnn/wheelchair_files/wheelchair_images/ROI_wc/wheelchair_182.jpg,151,167,109,134,,,,
/home/inavarro/Desktop/Workspace/ml/TensorFlow/keras-frcnn/wheelchair_files/wheelchair_images/ROI_wc/wheelchair_151.jpg,211,83,157,273,,,,
/home/inavarro/Desktop/Workspace/ml/TensorFlow/keras-frcnn/wheelchair_files/wheelchair_images/ROI_wc/wheelchair_230.jpg,5,231,302,253,,,,
/home/inavarro/Desktop/Workspace/ml/TensorFlow/keras-frcnn/wheelchair_files/wheelchair_images/ROI_wc/wheelchair_17.jpg,40,9,173,235,,,,
/home/inavarro/Desktop/Workspace/ml/TensorFlow/keras-frcnn/wheelchair_files/wheelchair_images/ROI_wc/wheelchair_6.jpg,174,123,137,131,,,,
/home/inavarro/Desktop/Workspace/ml/TensorFlow/keras-frcnn/wheelchair_files/wheelchair_images/ROI_wc/wheelchair_292.jpg,17,97,132,108,,,,
/home/inavarro/Desktop/Workspace/ml/TensorFlow/keras-frcnn/wheelchair_files/wheelchair_images/ROI_wc/wheelchair_62.jpg,59,83,212,244,,,,
/home/inavarro/Desktop/Workspace/ml/TensorFlow/keras-frcnn/wheelchair_files/wheelchair_images/ROI_wc/wheelchair_301.jpg,53,188,224,156,,,,
/home/inavarro/Desktop/Workspace/ml/TensorFlow/keras-frcnn/wheelchair_files/wheelchair_images/ROI_wc/wheelchair_247.jpg,2,3,77,110,,,,
/home/inavarro/Desktop/Workspace/ml/TensorFlow/keras-frcnn/wheelchair_files/wheelchair_images/ROI_wc/wheelchair_314.jpg,69,96,449,505,,,,
/home/inavarro/Desktop/Workspace/ml/TensorFlow/keras-frcnn/wheelchair_files/wheelchair_images/ROI_wc/wheelchair_43.jpg,86,42,294,337,,,,
/home/inavarro/Desktop/Workspace/ml/TensorFlow/keras-frcnn/wheelchair_files/wheelchair_images/ROI_wc/wheelchair_194.jpg,99,326,223,172,,,,
/home/inavarro/Desktop/Workspace/ml/TensorFlow/keras-frcnn/wheelchair_files/wheelchair_images/ROI_wc/wheelchair_382.jpg,46,326,355,242,,,,
/home/inavarro/Desktop/Workspace/ml/TensorFlow/keras-frcnn/wheelchair_files/wheelchair_images/ROI_wc/wheelchair_323.jpg,326,295,218,197,,,,
/home/inavarro/Desktop/Workspace/ml/TensorFlow/keras-frcnn/wheelchair_files/wheelchair_images/ROI_wc/wheelchair_221.jpg,192,220,295,246,,,,
/home/inavarro/Desktop/Workspace/ml/TensorFlow/keras-frcnn/wheelchair_files/wheelchair_images/ROI_wc/wheelchair_267.jpg,40,11,259,266,,,,
/home/inavarro/Desktop/Workspace/ml/TensorFlow/keras-frcnn/wheelchair_files/wheelchair_images/ROI_wc/wheelchair_149.jpg,5,14,126,132,,,,
/home/inavarro/Desktop/Workspace/ml/TensorFlow/keras-frcnn/wheelchair_files/wheelchair_images/ROI_wc/wheelchair_207.jpg,27,17,157,220,,,,
/home/inavarro/Desktop/Workspace/ml/TensorFlow/keras-frcnn/wheelchair_files/wheelchair_images/ROI_wc/wheelchair_324.jpg,126,116,79,80,,,,
/home/inavarro/Desktop/Workspace/ml/TensorFlow/keras-frcnn/wheelchair_files/wheelchair_images/ROI_wc/wheelchair_179.jpg,155,122,55,79,,,,
/home/inavarro/Desktop/Workspace/ml/TensorFlow/keras-frcnn/wheelchair_files/wheelchair_images/ROI_wc/wheelchair_204.jpg,1,235,232,235,,,,
/home/inavarro/Desktop/Workspace/ml/TensorFlow/keras-frcnn/wheelchair_files/wheelchair_images/ROI_wc/wheelchair_217.jpg,198,209,246,207,,,,
/home/inavarro/Desktop/Workspace/ml/TensorFlow/keras-frcnn/wheelchair_files/wheelchair_images/ROI_wc/wheelchair_184.jpg,134,217,176,144,,,,
/home/inavarro/Desktop/Workspace/ml/TensorFlow/keras-frcnn/wheelchair_files/wheelchair_images/ROI_wc/wheelchair_100.jpg,133,16,268,243,,,,
/home/inavarro/Desktop/Workspace/ml/TensorFlow/keras-frcnn/wheelchair_files/wheelchair_images/ROI_wc/wheelchair_389.jpg,24,172,175,176,,,,
/home/inavarro/Desktop/Workspace/ml/TensorFlow/keras-frcnn/wheelchair_files/wheelchair_images/ROI_wc/wheelchair_390.jpg,164,98,181,170,,,,
/home/inavarro/Desktop/Workspace/ml/TensorFlow/keras-frcnn/wheelchair_files/wheelchair_images/ROI_wc/wheelchair_212.jpg,23,37,214,243,,,,
/home/inavarro/Desktop/Workspace/ml/TensorFlow/keras-frcnn/wheelchair_files/wheelchair_images/ROI_wc/wheelchair_12.jpg,82,53,102,98,,,,
/home/inavarro/Desktop/Workspace/ml/TensorFlow/keras-frcnn/wheelchair_files/wheelchair_images/ROI_wc/wheelchair_116.jpg,35,174,599,642,,,,
/home/inavarro/Desktop/Workspace/ml/TensorFlow/keras-frcnn/wheelchair_files/wheelchair_images/ROI_wc/wheelchair_67.jpg,6,26,108,114,,,,
/home/inavarro/Desktop/Workspace/ml/TensorFlow/keras-frcnn/wheelchair_files/wheelchair_images/ROI_wc/wheelchair_250.jpg,19,2,131,135,,,,
/home/inavarro/Desktop/Workspace/ml/TensorFlow/keras-frcnn/wheelchair_files/wheelchair_images/ROI_wc/wheelchair_357.jpg,13,226,226,185,,,,
/home/inavarro/Desktop/Workspace/ml/TensorFlow/keras-frcnn/wheelchair_files/wheelchair_images/ROI_wc/wheelchair_111.jpg,6,201,290,195,,,,
/home/inavarro/Desktop/Workspace/ml/TensorFlow/keras-frcnn/wheelchair_files/wheelchair_images/ROI_wc/wheelchair_317.jpg,555,438,470,375,,,,
/home/inavarro/Desktop/Workspace/ml/TensorFlow/keras-frcnn/wheelchair_files/wheelchair_images/ROI_wc/wheelchair_358.jpg,58,171,162,149,,,,
/home/inavarro/Desktop/Workspace/ml/TensorFlow/keras-frcnn/wheelchair_files/wheelchair_images/ROI_wc/wheelchair_77.jpg,73,62,257,256,,,,
/home/inavarro/Desktop/Workspace/ml/TensorFlow/keras-frcnn/wheelchair_files/wheelchair_images/ROI_wc/wheelchair_347.jpg,112,76,126,102,,,,
/home/inavarro/Desktop/Workspace/ml/TensorFlow/keras-frcnn/wheelchair_files/wheelchair_images/ROI_wc/wheelchair_225.jpg,10,22,167,167,,,,
/home/inavarro/Desktop/Workspace/ml/TensorFlow/keras-frcnn/wheelchair_files/wheelchair_images/ROI_wc/wheelchair_144.jpg,23,42,149,219,,,,
/home/inavarro/Desktop/Workspace/ml/TensorFlow/keras-frcnn/wheelchair_files/wheelchair_images/ROI_wc/wheelchair_238.jpg,81,246,263,227,,,,
/home/inavarro/Desktop/Workspace/ml/TensorFlow/keras-frcnn/wheelchair_files/wheelchair_images/ROI_wc/wheelchair_134.jpg,277,224,326,300,,,,
/home/inavarro/Desktop/Workspace/ml/TensorFlow/keras-frcnn/wheelchair_files/wheelchair_images/ROI_wc/wheelchair_395.jpg,83,74,331,254,,,,
/home/inavarro/Desktop/Workspace/ml/TensorFlow/keras-frcnn/wheelchair_files/wheelchair_images/ROI_wc/wheelchair_383.jpg,192,99,101,100,,,,
/home/inavarro/Desktop/Workspace/ml/TensorFlow/keras-frcnn/wheelchair_files/wheelchair_images/ROI_wc/wheelchair_273.jpg,49,29,301,351,,,,
/home/inavarro/Desktop/Workspace/ml/TensorFlow/keras-frcnn/wheelchair_files/wheelchair_images/ROI_wc/wheelchair_42.jpg,27,19,195,228,,,,
/home/inavarro/Desktop/Workspace/ml/TensorFlow/keras-frcnn/wheelchair_files/wheelchair_images/ROI_wc/wheelchair_290.jpg,110,361,585,699,,,,
/home/inavarro/Desktop/Workspace/ml/TensorFlow/keras-frcnn/wheelchair_files/wheelchair_images/ROI_wc/wheelchair_170.jpg,5,6,191,249,,,,
/home/inavarro/Desktop/Workspace/ml/TensorFlow/keras-frcnn/wheelchair_files/wheelchair_images/ROI_wc/wheelchair_398.jpg,234,72,133,118,131,144,110,104
/home/inavarro/Desktop/Workspace/ml/TensorFlow/keras-frcnn/wheelchair_files/wheelchair_images/ROI_wc/wheelchair_257.jpg,20,17,142,172,,,,
/home/inavarro/Desktop/Workspace/ml/TensorFlow/keras-frcnn/wheelchair_files/wheelchair_images/ROI_wc/wheelchair_71.jpg,273,152,312,280,,,,
/home/inavarro/Desktop/Workspace/ml/TensorFlow/keras-frcnn/wheelchair_files/wheelchair_images/ROI_wc/wheelchair_405.jpg,152,484,384,320,,,,
/home/inavarro/Desktop/Workspace/ml/TensorFlow/keras-frcnn/wheelchair_files/wheelchair_images/ROI_wc/wheelchair_168.jpg,52,38,766,837,,,,
/home/inavarro/Desktop/Workspace/ml/TensorFlow/keras-frcnn/wheelchair_files/wheelchair_images/ROI_wc/wheelchair_333.jpg,151,5,404,366,,,,
/home/inavarro/Desktop/Workspace/ml/TensorFlow/keras-frcnn/wheelchair_files/wheelchair_images/ROI_wc/wheelchair_326.jpg,90,30,149,129,,,,
/home/inavarro/Desktop/Workspace/ml/TensorFlow/keras-frcnn/wheelchair_files/wheelchair_images/ROI_wc/wheelchair_92.jpg,294,146,135,141,,,,
/home/inavarro/Desktop/Workspace/ml/TensorFlow/keras-frcnn/wheelchair_files/wheelchair_images/ROI_wc/wheelchair_106.jpg,36,16,325,370,,,,
/home/inavarro/Desktop/Workspace/ml/TensorFlow/keras-frcnn/wheelchair_files/wheelchair_images/ROI_wc/wheelchair_335.jpg,216,482,356,296,,,,
/home/inavarro/Desktop/Workspace/ml/TensorFlow/keras-frcnn/wheelchair_files/wheelchair_images/ROI_wc/wheelchair_160.jpg,46,96,150,114,,,,
/home/inavarro/Desktop/Workspace/ml/TensorFlow/keras-frcnn/wheelchair_files/wheelchair_images/ROI_wc/wheelchair_275.jpg,64,70,187,267,,,,
/home/inavarro/Desktop/Workspace/ml/TensorFlow/keras-frcnn/wheelchair_files/wheelchair_images/ROI_wc/wheelchair_121.jpg,89,8,175,228,,,,
/home/inavarro/Desktop/Workspace/ml/TensorFlow/keras-frcnn/wheelchair_files/wheelchair_images/ROI_wc/wheelchair_175.jpg,83,203,202,186,,,,
/home/inavarro/Desktop/Workspace/ml/TensorFlow/keras-frcnn/wheelchair_files/wheelchair_images/ROI_wc/wheelchair_422.jpg,75,132,157,142,,,,
/home/inavarro/Desktop/Workspace/ml/TensorFlow/keras-frcnn/wheelchair_files/wheelchair_images/ROI_wc/wheelchair_385.jpg,163,243,268,177,,,,
/home/inavarro/Desktop/Workspace/ml/TensorFlow/keras-frcnn/wheelchair_files/wheelchair_images/ROI_wc/wheelchair_216.jpg,206,197,160,133,,,,
/home/inavarro/Desktop/Workspace/ml/TensorFlow/keras-frcnn/wheelchair_files/wheelchair_images/ROI_wc/wheelchair_228.jpg,117,102,194,147,,,,
/home/inavarro/Desktop/Workspace/ml/TensorFlow/keras-frcnn/wheelchair_files/wheelchair_images/ROI_wc/wheelchair_359.jpg,69,132,150,133,,,,
/home/inavarro/Desktop/Workspace/ml/TensorFlow/keras-frcnn/wheelchair_files/wheelchair_images/ROI_wc/wheelchair_78.jpg,54,70,395,382,,,,
/home/inavarro/Desktop/Workspace/ml/TensorFlow/keras-frcnn/wheelchair_files/wheelchair_images/ROI_wc/wheelchair_321.jpg,133,106,81,68,,,,
/home/inavarro/Desktop/Workspace/ml/TensorFlow/keras-frcnn/wheelchair_files/wheelchair_images/ROI_wc/wheelchair_311.jpg,118,165,218,123,,,,
/home/inavarro/Desktop/Workspace/ml/TensorFlow/keras-frcnn/wheelchair_files/wheelchair_images/ROI_wc/wheelchair_218.jpg,246,205,184,168,,,,
/home/inavarro/Desktop/Workspace/ml/TensorFlow/keras-frcnn/wheelchair_files/wheelchair_images/ROI_wc/wheelchair_363.jpg,40,160,206,188,,,,
/home/inavarro/Desktop/Workspace/ml/TensorFlow/keras-frcnn/wheelchair_files/wheelchair_images/ROI_wc/wheelchair_320.jpg,113,153,140,109,,,,
/home/inavarro/Desktop/Workspace/ml/TensorFlow/keras-frcnn/wheelchair_files/wheelchair_images/ROI_wc/wheelchair_205.jpg,121,65,387,457,,,,
/home/inavarro/Desktop/Workspace/ml/TensorFlow/keras-frcnn/wheelchair_files/wheelchair_images/ROI_wc/wheelchair_69.jpg,29,80,260,270,,,,
/home/inavarro/Desktop/Workspace/ml/TensorFlow/keras-frcnn/wheelchair_files/wheelchair_images/ROI_wc/wheelchair_141.jpg,292,307,216,187,,,,
/home/inavarro/Desktop/Workspace/ml/TensorFlow/keras-frcnn/wheelchair_files/wheelchair_images/ROI_wc/wheelchair_37.jpg,104,5,329,369,,,,
/home/inavarro/Desktop/Workspace/ml/TensorFlow/keras-frcnn/wheelchair_files/wheelchair_images/ROI_wc/wheelchair_56.jpg,43,79,261,225,,,,
/home/inavarro/Desktop/Workspace/ml/TensorFlow/keras-frcnn/wheelchair_files/wheelchair_images/ROI_wc/wheelchair_368.jpg,180,212,211,204,,,,
/home/inavarro/Desktop/Workspace/ml/TensorFlow/keras-frcnn/wheelchair_files/wheelchair_images/ROI_wc/wheelchair_112.jpg,45,68,333,381,,,,
/home/inavarro/Desktop/Workspace/ml/TensorFlow/keras-frcnn/wheelchair_files/wheelchair_images/ROI_wc/wheelchair_208.jpg,13,121,212,211,,,,
/home/inavarro/Desktop/Workspace/ml/TensorFlow/keras-frcnn/wheelchair_files/wheelchair_images/ROI_wc/wheelchair_412.jpg,87,50,358,346,,,,
/home/inavarro/Desktop/Workspace/ml/TensorFlow/keras-frcnn/wheelchair_files/wheelchair_images/ROI_wc/wheelchair_397.jpg,49,9,159,242,,,,
/home/inavarro/Desktop/Workspace/ml/TensorFlow/keras-frcnn/wheelchair_files/wheelchair_images/ROI_wc/wheelchair_384.jpg,20,26,196,226,,,,
/home/inavarro/Desktop/Workspace/ml/TensorFlow/keras-frcnn/wheelchair_files/wheelchair_images/ROI_wc/wheelchair_164.jpg,117,134,74,76,,,,
/home/inavarro/Desktop/Workspace/ml/TensorFlow/keras-frcnn/wheelchair_files/wheelchair_images/ROI_wc/wheelchair_261.jpg,56,186,189,141,,,,
/home/inavarro/Desktop/Workspace/ml/TensorFlow/keras-frcnn/wheelchair_files/wheelchair_images/ROI_wc/wheelchair_410.jpg,71,24,163,156,,,,
/home/inavarro/Desktop/Workspace/ml/TensorFlow/keras-frcnn/wheelchair_files/wheelchair_images/ROI_wc/wheelchair_269.jpg,37,55,224,211,,,,
/home/inavarro/Desktop/Workspace/ml/TensorFlow/keras-frcnn/wheelchair_files/wheelchair_images/ROI_wc/wheelchair_393.jpg,230,141,195,154,,,,
/home/inavarro/Desktop/Workspace/ml/TensorFlow/keras-frcnn/wheelchair_files/wheelchair_images/ROI_wc/wheelchair_188.jpg,92,318,446,426,,,,
/home/inavarro/Desktop/Workspace/ml/TensorFlow/keras-frcnn/wheelchair_files/wheelchair_images/ROI_wc/wheelchair_215.jpg,27,24,172,167,,,,
/home/inavarro/Desktop/Workspace/ml/TensorFlow/keras-frcnn/wheelchair_files/wheelchair_images/ROI_wc/wheelchair_128.jpg,81,150,180,152,,,,
/home/inavarro/Desktop/Workspace/ml/TensorFlow/keras-frcnn/wheelchair_files/wheelchair_images/ROI_wc/wheelchair_236.jpg,124,106,201,137,,,,
/home/inavarro/Desktop/Workspace/ml/TensorFlow/keras-frcnn/wheelchair_files/wheelchair_images/ROI_wc/wheelchair_72.jpg,436,261,181,192,,,,
/home/inavarro/Desktop/Workspace/ml/TensorFlow/keras-frcnn/wheelchair_files/wheelchair_images/ROI_wc/wheelchair_114.jpg,74,68,431,457,,,,
/home/inavarro/Desktop/Workspace/ml/TensorFlow/keras-frcnn/wheelchair_files/wheelchair_images/ROI_wc/wheelchair_341.jpg,1,21,400,428,,,,
/home/inavarro/Desktop/Workspace/ml/TensorFlow/keras-frcnn/wheelchair_files/wheelchair_images/ROI_wc/wheelchair_138.jpg,324,312,307,222,,,,
/home/inavarro/Desktop/Workspace/ml/TensorFlow/keras-frcnn/wheelchair_files/wheelchair_images/ROI_wc/wheelchair_255.jpg,185,53,380,450,,,,
/home/inavarro/Desktop/Workspace/ml/TensorFlow/keras-frcnn/wheelchair_files/wheelchair_images/ROI_wc/wheelchair_203.jpg,10,38,382,442,,,,
/home/inavarro/Desktop/Workspace/ml/TensorFlow/keras-frcnn/wheelchair_files/wheelchair_images/ROI_wc/wheelchair_376.jpg,176,346,278,364,,,,
/home/inavarro/Desktop/Workspace/ml/TensorFlow/keras-frcnn/wheelchair_files/wheelchair_images/ROI_wc/wheelchair_287.jpg,68,378,392,337,,,,
/home/inavarro/Desktop/Workspace/ml/TensorFlow/keras-frcnn/wheelchair_files/wheelchair_images/ROI_wc/wheelchair_25.jpg,144,229,104,102,,,,
/home/inavarro/Desktop/Workspace/ml/TensorFlow/keras-frcnn/wheelchair_files/wheelchair_images/ROI_wc/wheelchair_46.jpg,87,197,336,323,,,,
/home/inavarro/Desktop/Workspace/ml/TensorFlow/keras-frcnn/wheelchair_files/wheelchair_images/ROI_wc/wheelchair_396.jpg,40,24,184,194,,,,
/home/inavarro/Desktop/Workspace/ml/TensorFlow/keras-frcnn/wheelchair_files/wheelchair_images/ROI_wc/wheelchair_192.jpg,13,26,381,395,,,,
/home/inavarro/Desktop/Workspace/ml/TensorFlow/keras-frcnn/wheelchair_files/wheelchair_images/ROI_wc/wheelchair_150.jpg,234,211,179,145,,,,
/home/inavarro/Desktop/Workspace/ml/TensorFlow/keras-frcnn/wheelchair_files/wheelchair_images/ROI_wc/wheelchair_187.jpg,11,124,102,128,,,,
/home/inavarro/Desktop/Workspace/ml/TensorFlow/keras-frcnn/wheelchair_files/wheelchair_images/ROI_wc/wheelchair_74.jpg,167,186,132,138,,,,
/home/inavarro/Desktop/Workspace/ml/TensorFlow/keras-frcnn/wheelchair_files/wheelchair_images/ROI_wc/wheelchair_334.jpg,337,224,216,172,,,,
/home/inavarro/Desktop/Workspace/ml/TensorFlow/keras-frcnn/wheelchair_files/wheelchair_images/ROI_wc/wheelchair_213.jpg,20,3,101,137,,,,
/home/inavarro/Desktop/Workspace/ml/TensorFlow/keras-frcnn/wheelchair_files/wheelchair_images/ROI_wc/wheelchair_145.jpg,190,237,431,328,,,,
/home/inavarro/Desktop/Workspace/ml/TensorFlow/keras-frcnn/wheelchair_files/wheelchair_images/ROI_wc/wheelchair_244.jpg,250,249,276,195,,,,
/home/inavarro/Desktop/Workspace/ml/TensorFlow/keras-frcnn/wheelchair_files/wheelchair_images/ROI_wc/wheelchair_280.jpg,39,6,264,335,,,,
/home/inavarro/Desktop/Workspace/ml/TensorFlow/keras-frcnn/wheelchair_files/wheelchair_images/ROI_wc/wheelchair_303.jpg,93,231,193,198,,,,
/home/inavarro/Desktop/Workspace/ml/TensorFlow/keras-frcnn/wheelchair_files/wheelchair_images/ROI_wc/wheelchair_416.jpg,105,302,160,141,,,,
/home/inavarro/Desktop/Workspace/ml/TensorFlow/keras-frcnn/wheelchair_files/wheelchair_images/ROI_wc/wheelchair_154.jpg,101,61,367,414,,,,
/home/inavarro/Desktop/Workspace/ml/TensorFlow/keras-frcnn/wheelchair_files/wheelchair_images/ROI_wc/wheelchair_424.jpg,51,323,341,295,,,,
/home/inavarro/Desktop/Workspace/ml/TensorFlow/keras-frcnn/wheelchair_files/wheelchair_images/ROI_wc/wheelchair_51.jpg,167,90,327,255,,,,
/home/inavarro/Desktop/Workspace/ml/TensorFlow/keras-frcnn/wheelchair_files/wheelchair_images/ROI_wc/wheelchair_348.jpg,35,43,182,209,,,,
/home/inavarro/Desktop/Workspace/ml/TensorFlow/keras-frcnn/wheelchair_files/wheelchair_images/ROI_wc/wheelchair_400.jpg,164,171,222,227,,,,
/home/inavarro/Desktop/Workspace/ml/TensorFlow/keras-frcnn/wheelchair_files/wheelchair_images/ROI_wc/wheelchair_338.jpg,22,124,324,353,,,,
/home/inavarro/Desktop/Workspace/ml/TensorFlow/keras-frcnn/wheelchair_files/wheelchair_images/ROI_wc/wheelchair_196.jpg,15,94,102,95,,,,
/home/inavarro/Desktop/Workspace/ml/TensorFlow/keras-frcnn/wheelchair_files/wheelchair_images/ROI_wc/wheelchair_226.jpg,261,45,155,166,156,166,154,158
/home/inavarro/Desktop/Workspace/ml/TensorFlow/keras-frcnn/wheelchair_files/wheelchair_images/ROI_wc/wheelchair_322.jpg,5,15,219,234,,,,
/home/inavarro/Desktop/Workspace/ml/TensorFlow/keras-frcnn/wheelchair_files/wheelchair_images/ROI_wc/wheelchair_8.jpg,269,215,109,146,,,,
/home/inavarro/Desktop/Workspace/ml/TensorFlow/keras-frcnn/wheelchair_files/wheelchair_images/ROI_wc/wheelchair_104.jpg,47,94,149,136,,,,
/home/inavarro/Desktop/Workspace/ml/TensorFlow/keras-frcnn/wheelchair_files/wheelchair_images/ROI_wc/wheelchair_356.jpg,76,292,270,224,,,,
/home/inavarro/Desktop/Workspace/ml/TensorFlow/keras-frcnn/wheelchair_files/wheelchair_images/ROI_wc/wheelchair_237.jpg,30,9,265,333,,,,
/home/inavarro/Desktop/Workspace/ml/TensorFlow/keras-frcnn/wheelchair_files/wheelchair_images/ROI_wc/wheelchair_119.jpg,38,7,205,286,,,,
/home/inavarro/Desktop/Workspace/ml/TensorFlow/keras-frcnn/wheelchair_files/wheelchair_images/ROI_wc/wheelchair_258.jpg,407,336,240,186,,,,
/home/inavarro/Desktop/Workspace/ml/TensorFlow/keras-frcnn/wheelchair_files/wheelchair_images/ROI_wc/wheelchair_47.jpg,21,34,330,340,,,,
/home/inavarro/Desktop/Workspace/ml/TensorFlow/keras-frcnn/wheelchair_files/wheelchair_images/ROI_wc/wheelchair_362.jpg,255,247,178,193,,,,
/home/inavarro/Desktop/Workspace/ml/TensorFlow/keras-frcnn/wheelchair_files/wheelchair_images/ROI_wc/wheelchair_29.jpg,161,7,336,372,,,,
/home/inavarro/Desktop/Workspace/ml/TensorFlow/keras-frcnn/wheelchair_files/wheelchair_images/ROI_wc/wheelchair_52.jpg,105,36,218,210,,,,
/home/inavarro/Desktop/Workspace/ml/TensorFlow/keras-frcnn/wheelchair_files/wheelchair_images/ROI_wc/wheelchair_117.jpg,182,118,283,213,,,,
/home/inavarro/Desktop/Workspace/ml/TensorFlow/keras-frcnn/wheelchair_files/wheelchair_images/ROI_wc/wheelchair_391.jpg,25,145,211,173,,,,
/home/inavarro/Desktop/Workspace/ml/TensorFlow/keras-frcnn/wheelchair_files/wheelchair_images/ROI_wc/wheelchair_84.jpg,4,44,234,245,,,,
/home/inavarro/Desktop/Workspace/ml/TensorFlow/keras-frcnn/wheelchair_files/wheelchair_images/ROI_wc/wheelchair_2.jpg,19,255,210,152,,,,
/home/inavarro/Desktop/Workspace/ml/TensorFlow/keras-frcnn/wheelchair_files/wheelchair_images/ROI_wc/wheelchair_93.jpg,119,229,174,161,,,,
/home/inavarro/Desktop/Workspace/ml/TensorFlow/keras-frcnn/wheelchair_files/wheelchair_images/ROI_wc/wheelchair_177.jpg,51,7,199,214,,,,
/home/inavarro/Desktop/Workspace/ml/TensorFlow/keras-frcnn/wheelchair_files/wheelchair_images/ROI_wc/wheelchair_350.jpg,61,49,115,76,,,,
/home/inavarro/Desktop/Workspace/ml/TensorFlow/keras-frcnn/wheelchair_files/wheelchair_images/ROI_wc/wheelchair_95.jpg,4,53,268,248,,,,
/home/inavarro/Desktop/Workspace/ml/TensorFlow/keras-frcnn/wheelchair_files/wheelchair_images/ROI_wc/wheelchair_65.jpg,127,162,246,265,,,,
/home/inavarro/Desktop/Workspace/ml/TensorFlow/keras-frcnn/wheelchair_files/wheelchair_images/ROI_wc/wheelchair_423.jpg,74,57,323,307,,,,
/home/inavarro/Desktop/Workspace/ml/TensorFlow/keras-frcnn/wheelchair_files/wheelchair_images/ROI_wc/wheelchair_279.jpg,45,58,162,187,,,,
/home/inavarro/Desktop/Workspace/ml/TensorFlow/keras-frcnn/wheelchair_files/wheelchair_images/ROI_wc/wheelchair_14.jpg,107,196,333,395,,,,
/home/inavarro/Desktop/Workspace/ml/TensorFlow/keras-frcnn/wheelchair_files/wheelchair_images/ROI_wc/wheelchair_140.jpg,119,203,198,176,,,,
/home/inavarro/Desktop/Workspace/ml/TensorFlow/keras-frcnn/wheelchair_files/wheelchair_images/ROI_wc/wheelchair_7.jpg,230,25,347,556,,,,
/home/inavarro/Desktop/Workspace/ml/TensorFlow/keras-frcnn/wheelchair_files/wheelchair_images/ROI_wc/wheelchair_296.jpg,14,83,116,100,,,,
/home/inavarro/Desktop/Workspace/ml/TensorFlow/keras-frcnn/wheelchair_files/wheelchair_images/ROI_wc/wheelchair_33.jpg,35,32,209,260,,,,
/home/inavarro/Desktop/Workspace/ml/TensorFlow/keras-frcnn/wheelchair_files/wheelchair_images/ROI_wc/wheelchair_313.jpg,94,69,504,609,,,,
/home/inavarro/Desktop/Workspace/ml/TensorFlow/keras-frcnn/wheelchair_files/wheelchair_images/ROI_wc/wheelchair_173.jpg,29,156,105,88,,,,
/home/inavarro/Desktop/Workspace/ml/TensorFlow/keras-frcnn/wheelchair_files/wheelchair_images/ROI_wc/wheelchair_10.jpg,23,15,348,474,,,,
/home/inavarro/Desktop/Workspace/ml/TensorFlow/keras-frcnn/wheelchair_files/wheelchair_images/ROI_wc/wheelchair_136.jpg,74,422,511,408,,,,
/home/inavarro/Desktop/Workspace/ml/TensorFlow/keras-frcnn/wheelchair_files/wheelchair_images/ROI_wc/wheelchair_34.jpg,36,272,342,249,,,,
/home/inavarro/Desktop/Workspace/ml/TensorFlow/keras-frcnn/wheelchair_files/wheelchair_images/ROI_wc/wheelchair_197.jpg,638,46,584,710,,,,
/home/inavarro/Desktop/Workspace/ml/TensorFlow/keras-frcnn/wheelchair_files/wheelchair_images/ROI_wc/wheelchair_264.jpg,238,327,204,168,,,,
/home/inavarro/Desktop/Workspace/ml/TensorFlow/keras-frcnn/wheelchair_files/wheelchair_images/ROI_wc/wheelchair_174.jpg,198,583,704,641,,,,
/home/inavarro/Desktop/Workspace/ml/TensorFlow/keras-frcnn/wheelchair_files/wheelchair_images/ROI_wc/wheelchair_113.jpg,34,48,168,185,,,,
/home/inavarro/Desktop/Workspace/ml/TensorFlow/keras-frcnn/wheelchair_files/wheelchair_images/ROI_wc/wheelchair_370.jpg,157,325,200,247,,,,
/home/inavarro/Desktop/Workspace/ml/TensorFlow/keras-frcnn/wheelchair_files/wheelchair_images/ROI_wc/wheelchair_23.jpg,98,11,362,540,,,,
/home/inavarro/Desktop/Workspace/ml/TensorFlow/keras-frcnn/wheelchair_files/wheelchair_images/ROI_wc/wheelchair_329.jpg,116,320,302,212,,,,
/home/inavarro/Desktop/Workspace/ml/TensorFlow/keras-frcnn/wheelchair_files/wheelchair_images/ROI_wc/wheelchair_388.jpg,246,194,474,346,,,,
/home/inavarro/Desktop/Workspace/ml/TensorFlow/keras-frcnn/wheelchair_files/wheelchair_images/ROI_wc/wheelchair_132.jpg,16,158,172,181,,,,
/home/inavarro/Desktop/Workspace/ml/TensorFlow/keras-frcnn/wheelchair_files/wheelchair_images/ROI_wc/wheelchair_73.jpg,82,432,347,275,,,,
/home/inavarro/Desktop/Workspace/ml/TensorFlow/keras-frcnn/wheelchair_files/wheelchair_images/ROI_wc/wheelchair_162.jpg,15,9,143,153,,,,
/home/inavarro/Desktop/Workspace/ml/TensorFlow/keras-frcnn/wheelchair_files/wheelchair_images/ROI_wc/wheelchair_327.jpg,152,209,160,145,,,,
/home/inavarro/Desktop/Workspace/ml/TensorFlow/keras-frcnn/wheelchair_files/wheelchair_images/ROI_wc/wheelchair_124.jpg,2,8,201,207,,,,
/home/inavarro/Desktop/Workspace/ml/TensorFlow/keras-frcnn/wheelchair_files/wheelchair_images/ROI_wc/wheelchair_185.jpg,129,166,84,71,,,,
/home/inavarro/Desktop/Workspace/ml/TensorFlow/keras-frcnn/wheelchair_files/wheelchair_images/ROI_wc/wheelchair_409.jpg,176,154,200,186,,,,
/home/inavarro/Desktop/Workspace/ml/TensorFlow/keras-frcnn/wheelchair_files/wheelchair_images/ROI_wc/wheelchair_15.jpg,282,151,176,198,,,,
/home/inavarro/Desktop/Workspace/ml/TensorFlow/keras-frcnn/wheelchair_files/wheelchair_images/ROI_wc/wheelchair_281.jpg,10,80,101,85,,,,
/home/inavarro/Desktop/Workspace/ml/TensorFlow/keras-frcnn/wheelchair_files/wheelchair_images/ROI_wc/wheelchair_61.jpg,138,87,90,78,,,,
/home/inavarro/Desktop/Workspace/ml/TensorFlow/keras-frcnn/wheelchair_files/wheelchair_images/ROI_wc/wheelchair_9.jpg,69,41,227,317,,,,
/home/inavarro/Desktop/Workspace/ml/TensorFlow/keras-frcnn/wheelchair_files/wheelchair_images/ROI_wc/wheelchair_163.jpg,57,54,291,284,,,,
/home/inavarro/Desktop/Workspace/ml/TensorFlow/keras-frcnn/wheelchair_files/wheelchair_images/ROI_wc/wheelchair_148.jpg,55,68,79,61,,,,
/home/inavarro/Desktop/Workspace/ml/TensorFlow/keras-frcnn/wheelchair_files/wheelchair_images/ROI_wc/wheelchair_413.jpg,145,149,89,101,,,,
/home/inavarro/Desktop/Workspace/ml/TensorFlow/keras-frcnn/wheelchair_files/wheelchair_images/ROI_wc/wheelchair_254.jpg,106,23,392,430,,,,
/home/inavarro/Desktop/Workspace/ml/TensorFlow/keras-frcnn/wheelchair_files/wheelchair_images/ROI_wc/wheelchair_403.jpg,109,27,203,260,,,,
/home/inavarro/Desktop/Workspace/ml/TensorFlow/keras-frcnn/wheelchair_files/wheelchair_images/ROI_wc/wheelchair_276.jpg,251,167,159,152,,,,
/home/inavarro/Desktop/Workspace/ml/TensorFlow/keras-frcnn/wheelchair_files/wheelchair_images/ROI_wc/wheelchair_219.jpg,3,38,156,179,,,,
/home/inavarro/Desktop/Workspace/ml/TensorFlow/keras-frcnn/wheelchair_files/wheelchair_images/ROI_wc/wheelchair_310.jpg,240,211,159,195,,,,
/home/inavarro/Desktop/Workspace/ml/TensorFlow/keras-frcnn/wheelchair_files/wheelchair_images/ROI_wc/wheelchair_35.jpg,141,95,310,316,,,,
/home/inavarro/Desktop/Workspace/ml/TensorFlow/keras-frcnn/wheelchair_files/wheelchair_images/ROI_wc/wheelchair_48.jpg,358,1,443,547,,,,
/home/inavarro/Desktop/Workspace/ml/TensorFlow/keras-frcnn/wheelchair_files/wheelchair_images/ROI_wc/wheelchair_220.jpg,30,44,522,459,,,,
/home/inavarro/Desktop/Workspace/ml/TensorFlow/keras-frcnn/wheelchair_files/wheelchair_images/ROI_wc/wheelchair_331.jpg,118,37,436,479,,,,
/home/inavarro/Desktop/Workspace/ml/TensorFlow/keras-frcnn/wheelchair_files/wheelchair_images/ROI_wc/wheelchair_337.jpg,56,207,194,149,,,,
/home/inavarro/Desktop/Workspace/ml/TensorFlow/keras-frcnn/wheelchair_files/wheelchair_images/ROI_wc/wheelchair_54.jpg,21,19,244,308,,,,
/home/inavarro/Desktop/Workspace/ml/TensorFlow/keras-frcnn/wheelchair_files/wheelchair_images/ROI_wc/wheelchair_206.jpg,97,213,185,200,,,,
/home/inavarro/Desktop/Workspace/ml/TensorFlow/keras-frcnn/wheelchair_files/wheelchair_images/ROI_wc/wheelchair_425.jpg,20,138,170,127,,,,
/home/inavarro/Desktop/Workspace/ml/TensorFlow/keras-frcnn/wheelchair_files/wheelchair_images/ROI_wc/wheelchair_418.jpg,203,215,235,218,,,,
/home/inavarro/Desktop/Workspace/ml/TensorFlow/keras-frcnn/wheelchair_files/wheelchair_images/ROI_wc/wheelchair_240.jpg,247,245,163,156,,,,
/home/inavarro/Desktop/Workspace/ml/TensorFlow/keras-frcnn/wheelchair_files/wheelchair_images/ROI_wc/wheelchair_274.jpg,112,71,299,395,,,,
/home/inavarro/Desktop/Workspace/ml/TensorFlow/keras-frcnn/wheelchair_files/wheelchair_images/ROI_wc/wheelchair_252.jpg,17,111,152,135,,,,
/home/inavarro/Desktop/Workspace/ml/TensorFlow/keras-frcnn/wheelchair_files/wheelchair_images/ROI_wc/wheelchair_166.jpg,14,327,379,258,,,,
/home/inavarro/Desktop/Workspace/ml/TensorFlow/keras-frcnn/wheelchair_files/wheelchair_images/ROI_wc/wheelchair_58.jpg,24,58,233,232,,,,
/home/inavarro/Desktop/Workspace/ml/TensorFlow/keras-frcnn/wheelchair_files/wheelchair_images/ROI_wc/wheelchair_129.jpg,171,18,396,426,,,,
/home/inavarro/Desktop/Workspace/ml/TensorFlow/keras-frcnn/wheelchair_files/wheelchair_images/ROI_wc/wheelchair_377.jpg,58,156,268,197,,,,
/home/inavarro/Desktop/Workspace/ml/TensorFlow/keras-frcnn/wheelchair_files/wheelchair_images/ROI_wc/wheelchair_372.jpg,96,50,456,555,,,,
/home/inavarro/Desktop/Workspace/ml/TensorFlow/keras-frcnn/wheelchair_files/wheelchair_images/ROI_wc/wheelchair_4.jpg,154,113,176,148,,,,
/home/inavarro/Desktop/Workspace/ml/TensorFlow/keras-frcnn/wheelchair_files/wheelchair_images/ROI_wc/wheelchair_249.jpg,13,6,124,144,,,,
/home/inavarro/Desktop/Workspace/ml/TensorFlow/keras-frcnn/wheelchair_files/wheelchair_images/ROI_wc/wheelchair_101.jpg,9,8,308,340,,,,
/home/inavarro/Desktop/Workspace/ml/TensorFlow/keras-frcnn/wheelchair_files/wheelchair_images/ROI_wc/wheelchair_87.jpg,14,351,429,467,,,,
/home/inavarro/Desktop/Workspace/ml/TensorFlow/keras-frcnn/wheelchair_files/wheelchair_images/ROI_wc/wheelchair_38.jpg,67,273,246,224,,,,
/home/inavarro/Desktop/Workspace/ml/TensorFlow/keras-frcnn/wheelchair_files/wheelchair_images/ROI_wc/wheelchair_243.jpg,143,153,205,201,,,,
/home/inavarro/Desktop/Workspace/ml/TensorFlow/keras-frcnn/wheelchair_files/wheelchair_images/ROI_wc/wheelchair_245.jpg,183,282,210,293,,,,
/home/inavarro/Desktop/Workspace/ml/TensorFlow/keras-frcnn/wheelchair_files/wheelchair_images/ROI_wc/wheelchair_28.jpg,69,76,163,245,,,,
/home/inavarro/Desktop/Workspace/ml/TensorFlow/keras-frcnn/wheelchair_files/wheelchair_images/ROI_wc/wheelchair_286.jpg,157,15,267,256,,,,
/home/inavarro/Desktop/Workspace/ml/TensorFlow/keras-frcnn/wheelchair_files/wheelchair_images/ROI_wc/wheelchair_57.jpg,18,291,253,283,,,,
/home/inavarro/Desktop/Workspace/ml/TensorFlow/keras-frcnn/wheelchair_files/wheelchair_images/ROI_wc/wheelchair_31.jpg,34,7,175,217,,,,
/home/inavarro/Desktop/Workspace/ml/TensorFlow/keras-frcnn/wheelchair_files/wheelchair_images/ROI_wc/wheelchair_102.jpg,97,205,286,251,,,,
/home/inavarro/Desktop/Workspace/ml/TensorFlow/keras-frcnn/wheelchair_files/wheelchair_images/ROI_wc/wheelchair_248.jpg,23,49,186,249,,,,
/home/inavarro/Desktop/Workspace/ml/TensorFlow/keras-frcnn/wheelchair_files/wheelchair_images/ROI_wc/wheelchair_371.jpg,134,200,197,158,,,,
/home/inavarro/Desktop/Workspace/ml/TensorFlow/keras-frcnn/wheelchair_files/wheelchair_images/ROI_wc/wheelchair_378.jpg,66,141,93,67,,,,
/home/inavarro/Desktop/Workspace/ml/TensorFlow/keras-frcnn/wheelchair_files/wheelchair_images/ROI_wc/wheelchair_68.jpg,232,229,231,171,,,,
/home/inavarro/Desktop/Workspace/ml/TensorFlow/keras-frcnn/wheelchair_files/wheelchair_images/ROI_wc/wheelchair_251.jpg,129,54,343,329,,,,
/home/inavarro/Desktop/Workspace/ml/TensorFlow/keras-frcnn/wheelchair_files/wheelchair_images/ROI_wc/wheelchair_364.jpg,5,68,243,193,,,,
/home/inavarro/Desktop/Workspace/ml/TensorFlow/keras-frcnn/wheelchair_files/wheelchair_images/ROI_wc/wheelchair_20.jpg,55,23,145,210,,,,
/home/inavarro/Desktop/Workspace/ml/TensorFlow/keras-frcnn/wheelchair_files/wheelchair_images/ROI_wc/wheelchair_18.jpg,7,9,192,214,,,,
/home/inavarro/Desktop/Workspace/ml/TensorFlow/keras-frcnn/wheelchair_files/wheelchair_images/ROI_wc/wheelchair_153.jpg,55,229,267,277,,,,
/home/inavarro/Desktop/Workspace/ml/TensorFlow/keras-frcnn/wheelchair_files/wheelchair_images/ROI_wc/wheelchair_146.jpg,46,85,660,691,,,,
/home/inavarro/Desktop/Workspace/ml/TensorFlow/keras-frcnn/wheelchair_files/wheelchair_images/ROI_wc/wheelchair_201.jpg,29,167,48,54,,,,
/home/inavarro/Desktop/Workspace/ml/TensorFlow/keras-frcnn/wheelchair_files/wheelchair_images/ROI_wc/wheelchair_266.jpg,221,261,132,153,,,,
/home/inavarro/Desktop/Workspace/ml/TensorFlow/keras-frcnn/wheelchair_files/wheelchair_images/ROI_wc/wheelchair_374.jpg,44,150,143,163,,,,
/home/inavarro/Desktop/Workspace/ml/TensorFlow/keras-frcnn/wheelchair_files/wheelchair_images/ROI_wc/wheelchair_189.jpg,7,82,68,65,,,,
/home/inavarro/Desktop/Workspace/ml/TensorFlow/keras-frcnn/wheelchair_files/wheelchair_images/ROI_wc/wheelchair_262.jpg,102,332,389,317,,,,
/home/inavarro/Desktop/Workspace/ml/TensorFlow/keras-frcnn/wheelchair_files/wheelchair_images/ROI_wc/wheelchair_288.jpg,23,11,231,293,,,,
/home/inavarro/Desktop/Workspace/ml/TensorFlow/keras-frcnn/wheelchair_files/wheelchair_images/ROI_wc/wheelchair_293.jpg,1,120,188,145,,,,
/home/inavarro/Desktop/Workspace/ml/TensorFlow/keras-frcnn/wheelchair_files/wheelchair_images/ROI_wc/wheelchair_171.jpg,278,257,266,190,,,,
/home/inavarro/Desktop/Workspace/ml/TensorFlow/keras-frcnn/wheelchair_files/wheelchair_images/ROI_wc/wheelchair_304.jpg,249,157,163,161,,,,
/home/inavarro/Desktop/Workspace/ml/TensorFlow/keras-frcnn/wheelchair_files/wheelchair_images/ROI_wc/wheelchair_142.jpg,127,171,208,159,,,,
/home/inavarro/Desktop/Workspace/ml/TensorFlow/keras-frcnn/wheelchair_files/wheelchair_images/ROI_wc/wheelchair_85.jpg,111,390,363,308,,,,
/home/inavarro/Desktop/Workspace/ml/TensorFlow/keras-frcnn/wheelchair_files/wheelchair_images/ROI_wc/wheelchair_308.jpg,130,326,169,139,,,,
/home/inavarro/Desktop/Workspace/ml/TensorFlow/keras-frcnn/wheelchair_files/wheelchair_images/ROI_wc/wheelchair_407.jpg,237,109,241,212,,,,
/home/inavarro/Desktop/Workspace/ml/TensorFlow/keras-frcnn/wheelchair_files/wheelchair_images/ROI_wc/wheelchair_82.jpg,127,10,420,582,,,,
/home/inavarro/Desktop/Workspace/ml/TensorFlow/keras-frcnn/wheelchair_files/wheelchair_images/ROI_wc/wheelchair_125.jpg,26,8,254,283,,,,
/home/inavarro/Desktop/Workspace/ml/TensorFlow/keras-frcnn/wheelchair_files/wheelchair_images/ROI_wc/wheelchair_105.jpg,33,179,291,266,,,,
/home/inavarro/Desktop/Workspace/ml/TensorFlow/keras-frcnn/wheelchair_files/wheelchair_images/ROI_wc/wheelchair_367.jpg,60,154,221,265,,,,
/home/inavarro/Desktop/Workspace/ml/TensorFlow/keras-frcnn/wheelchair_files/wheelchair_images/ROI_wc/wheelchair_90.jpg,49,349,212,281,,,,
/home/inavarro/Desktop/Workspace/ml/TensorFlow/keras-frcnn/wheelchair_files/wheelchair_images/ROI_wc/wheelchair_143.jpg,45,13,188,151,,,,
/home/inavarro/Desktop/Workspace/ml/TensorFlow/keras-frcnn/wheelchair_files/wheelchair_images/ROI_wc/wheelchair_346.jpg,63,78,257,261,,,,
/home/inavarro/Desktop/Workspace/ml/TensorFlow/keras-frcnn/wheelchair_files/wheelchair_images/ROI_wc/wheelchair_344.jpg,353,199,427,461,,,,
/home/inavarro/Desktop/Workspace/ml/TensorFlow/keras-frcnn/wheelchair_files/wheelchair_images/ROI_wc/wheelchair_39.jpg,54,119,491,434,,,,
/home/inavarro/Desktop/Workspace/ml/TensorFlow/keras-frcnn/wheelchair_files/wheelchair_images/ROI_wc/wheelchair_404.jpg,18,29,174,208,,,,
/home/inavarro/Desktop/Workspace/ml/TensorFlow/keras-frcnn/wheelchair_files/wheelchair_images/ROI_wc/wheelchair_306.jpg,319,176,106,95,,,,
/home/inavarro/Desktop/Workspace/ml/TensorFlow/keras-frcnn/wheelchair_files/wheelchair_images/ROI_wc/wheelchair_41.jpg,2,26,354,405,,,,
/home/inavarro/Desktop/Workspace/ml/TensorFlow/keras-frcnn/wheelchair_files/wheelchair_images/ROI_wc/wheelchair_167.jpg,127,138,93,76,,,,
/home/inavarro/Desktop/Workspace/ml/TensorFlow/keras-frcnn/wheelchair_files/wheelchair_images/ROI_wc/wheelchair_5.jpg,165,230,151,126,,,,
/home/inavarro/Desktop/Workspace/ml/TensorFlow/keras-frcnn/wheelchair_files/wheelchair_images/ROI_wc/wheelchair_297.jpg,72,118,140,94,,,,
/home/inavarro/Desktop/Workspace/ml/TensorFlow/keras-frcnn/wheelchair_files/wheelchair_images/ROI_wc/wheelchair_99.jpg,104,33,230,261,,,,
/home/inavarro/Desktop/Workspace/ml/TensorFlow/keras-frcnn/wheelchair_files/wheelchair_images/ROI_wc/wheelchair_96.jpg,30,40,178,235,,,,
/home/inavarro/Desktop/Workspace/ml/TensorFlow/keras-frcnn/wheelchair_files/wheelchair_images/ROI_wc/wheelchair_107.jpg,153,158,165,169,,,,
/home/inavarro/Desktop/Workspace/ml/TensorFlow/keras-frcnn/wheelchair_files/wheelchair_images/ROI_wc/wheelchair_298.jpg,127,102,91,133,,,,
/home/inavarro/Desktop/Workspace/ml/TensorFlow/keras-frcnn/wheelchair_files/wheelchair_images/ROI_wc/wheelchair_214.jpg,13,6,98,130,,,,
/home/inavarro/Desktop/Workspace/ml/TensorFlow/keras-frcnn/wheelchair_files/wheelchair_images/ROI_wc/wheelchair_50.jpg,48,180,300,294,,,,
/home/inavarro/Desktop/Workspace/ml/TensorFlow/keras-frcnn/wheelchair_files/wheelchair_images/ROI_wc/wheelchair_79.jpg,186,214,234,196,,,,
/home/inavarro/Desktop/Workspace/ml/TensorFlow/keras-frcnn/wheelchair_files/wheelchair_images/ROI_wc/wheelchair_231.jpg,10,6,215,297,,,,
/home/inavarro/Desktop/Workspace/ml/TensorFlow/keras-frcnn/wheelchair_files/wheelchair_images/ROI_wc/wheelchair_328.jpg,174,177,171,152,,,,
/home/inavarro/Desktop/Workspace/ml/TensorFlow/keras-frcnn/wheelchair_files/wheelchair_images/ROI_wc/wheelchair_340.jpg,115,463,369,305,,,,
/home/inavarro/Desktop/Workspace/ml/TensorFlow/keras-frcnn/wheelchair_files/wheelchair_images/ROI_wc/wheelchair_278.jpg,229,297,255,269,,,,
/home/inavarro/Desktop/Workspace/ml/TensorFlow/keras-frcnn/wheelchair_files/wheelchair_images/ROI_wc/wheelchair_283.jpg,18,75,94,94,,,,
/home/inavarro/Desktop/Workspace/ml/TensorFlow/keras-frcnn/wheelchair_files/wheelchair_images/ROI_wc/wheelchair_22.jpg,39,89,120,100,,,,
/home/inavarro/Desktop/Workspace/ml/TensorFlow/keras-frcnn/wheelchair_files/wheelchair_images/ROI_wc/wheelchair_426.jpg,76,129,110,86,,,,
/home/inavarro/Desktop/Workspace/ml/TensorFlow/keras-frcnn/wheelchair_files/wheelchair_images/ROI_wc/wheelchair_159.jpg,105,161,227,177,,,,
/home/inavarro/Desktop/Workspace/ml/TensorFlow/keras-frcnn/wheelchair_files/wheelchair_images/ROI_wc/wheelchair_32.jpg,73,114,297,240,,,,
/home/inavarro/Desktop/Workspace/ml/TensorFlow/keras-frcnn/wheelchair_files/wheelchair_images/ROI_wc/wheelchair_161.jpg,167,182,179,186,,,,
/home/inavarro/Desktop/Workspace/ml/TensorFlow/keras-frcnn/wheelchair_files/wheelchair_images/ROI_wc/wheelchair_191.jpg,121,246,252,185,,,,
/home/inavarro/Desktop/Workspace/ml/TensorFlow/keras-frcnn/wheelchair_files/wheelchair_images/ROI_wc/wheelchair_420.jpg,119,74,156,138,,,,
/home/inavarro/Desktop/Workspace/ml/TensorFlow/keras-frcnn/wheelchair_files/wheelchair_images/ROI_wc/wheelchair_259.jpg,410,265,229,218,,,,
/home/inavarro/Desktop/Workspace/ml/TensorFlow/keras-frcnn/wheelchair_files/wheelchair_images/ROI_wc/wheelchair_272.jpg,81,42,588,641,,,,
/home/inavarro/Desktop/Workspace/ml/TensorFlow/keras-frcnn/wheelchair_files/wheelchair_images/ROI_wc/wheelchair_89.jpg,45,38,207,231,,,,
/home/inavarro/Desktop/Workspace/ml/TensorFlow/keras-frcnn/wheelchair_files/wheelchair_images/ROI_wc/wheelchair_342.jpg,96,109,484,303,,,,
/home/inavarro/Desktop/Workspace/ml/TensorFlow/keras-frcnn/wheelchair_files/wheelchair_images/ROI_wc/wheelchair_44.jpg,24,57,264,322,,,,
/home/inavarro/Desktop/Workspace/ml/TensorFlow/keras-frcnn/wheelchair_files/wheelchair_images/ROI_wc/wheelchair_351.jpg,146,42,215,195,,,,
/home/inavarro/Desktop/Workspace/ml/TensorFlow/keras-frcnn/wheelchair_files/wheelchair_images/ROI_wc/wheelchair_130.jpg,181,58,380,466,,,,
/home/inavarro/Desktop/Workspace/ml/TensorFlow/keras-frcnn/wheelchair_files/wheelchair_images/ROI_wc/wheelchair_242.jpg,65,78,299,348,,,,
/home/inavarro/Desktop/Workspace/ml/TensorFlow/keras-frcnn/wheelchair_files/wheelchair_images/ROI_wc/wheelchair_66.jpg,141,237,199,232,,,,
/home/inavarro/Desktop/Workspace/ml/TensorFlow/keras-frcnn/wheelchair_files/wheelchair_images/ROI_wc/wheelchair_24.jpg,33,20,227,288,,,,
/home/inavarro/Desktop/Workspace/ml/TensorFlow/keras-frcnn/wheelchair_files/wheelchair_images/ROI_wc/wheelchair_183.jpg,273,197,197,177,,,,
/home/inavarro/Desktop/Workspace/ml/TensorFlow/keras-frcnn/wheelchair_files/wheelchair_images/ROI_wc/wheelchair_45.jpg,13,75,126,112,,,,
/home/inavarro/Desktop/Workspace/ml/TensorFlow/keras-frcnn/wheelchair_files/wheelchair_images/ROI_wc/wheelchair_263.jpg,42,23,335,334,,,,
/home/inavarro/Desktop/Workspace/ml/TensorFlow/keras-frcnn/wheelchair_files/wheelchair_images/ROI_wc/wheelchair_211.jpg,33,102,419,637,,,,
/home/inavarro/Desktop/Workspace/ml/TensorFlow/keras-frcnn/wheelchair_files/wheelchair_images/ROI_wc/wheelchair_399.jpg,265,370,447,271,,,,
/home/inavarro/Desktop/Workspace/ml/TensorFlow/keras-frcnn/wheelchair_files/wheelchair_images/ROI_wc/wheelchair_3.jpg,422,490,456,333,,,,
/home/inavarro/Desktop/Workspace/ml/TensorFlow/keras-frcnn/wheelchair_files/wheelchair_images/ROI_wc/wheelchair_332.jpg,146,116,173,176,,,,
/home/inavarro/Desktop/Workspace/ml/TensorFlow/keras-frcnn/wheelchair_files/wheelchair_images/ROI_wc/wheelchair_289.jpg,180,118,142,120,,,,
/home/inavarro/Desktop/Workspace/ml/TensorFlow/keras-frcnn/wheelchair_files/wheelchair_images/ROI_wc/wheelchair_195.jpg,96,29,236,272,,,,
/home/inavarro/Desktop/Workspace/ml/TensorFlow/keras-frcnn/wheelchair_files/wheelchair_images/ROI_wc/wheelchair_198.jpg,83,309,349,311,,,,
/home/inavarro/Desktop/Workspace/ml/TensorFlow/keras-frcnn/wheelchair_files/wheelchair_images/ROI_wc/wheelchair_401.jpg,11,91,133,93,,,,
/home/inavarro/Desktop/Workspace/ml/TensorFlow/keras-frcnn/wheelchair_files/wheelchair_images/ROI_wc/wheelchair_229.jpg,49,10,158,231,,,,
/home/inavarro/Desktop/Workspace/ml/TensorFlow/keras-frcnn/wheelchair_files/wheelchair_images/ROI_wc/wheelchair_75.jpg,23,51,263,310,,,,
/home/inavarro/Desktop/Workspace/ml/TensorFlow/keras-frcnn/wheelchair_files/wheelchair_images/ROI_wc/wheelchair_199.jpg,296,179,215,159,,,,
/home/inavarro/Desktop/Workspace/ml/TensorFlow/keras-frcnn/wheelchair_files/wheelchair_images/ROI_wc/wheelchair_55.jpg,223,104,164,184,,,,
/home/inavarro/Desktop/Workspace/ml/TensorFlow/keras-frcnn/wheelchair_files/wheelchair_images/ROI_wc/wheelchair_40.jpg,25,228,247,214,,,,
/home/inavarro/Desktop/Workspace/ml/TensorFlow/keras-frcnn/wheelchair_files/wheelchair_images/ROI_wc/wheelchair_235.jpg,69,60,368,332,,,,
/home/inavarro/Desktop/Workspace/ml/TensorFlow/keras-frcnn/wheelchair_files/wheelchair_images/ROI_wc/wheelchair_369.jpg,130,386,313,414,,,,
/home/inavarro/Desktop/Workspace/ml/TensorFlow/keras-frcnn/wheelchair_files/wheelchair_images/ROI_wc/wheelchair_392.jpg,60,80,269,249,,,,
/home/inavarro/Desktop/Workspace/ml/TensorFlow/keras-frcnn/wheelchair_files/wheelchair_images/ROI_wc/wheelchair_354.jpg,305,179,125,117,,,,
/home/inavarro/Desktop/Workspace/ml/TensorFlow/keras-frcnn/wheelchair_files/wheelchair_images/ROI_wc/wheelchair_13.jpg,91,258,268,241,,,,
/home/inavarro/Desktop/Workspace/ml/TensorFlow/keras-frcnn/wheelchair_files/wheelchair_images/ROI_wc/wheelchair_339.jpg,129,84,307,244,,,,
/home/inavarro/Desktop/Workspace/ml/TensorFlow/keras-frcnn/wheelchair_files/wheelchair_images/ROI_wc/wheelchair_227.jpg,203,335,569,415,,,,
/home/inavarro/Desktop/Workspace/ml/TensorFlow/keras-frcnn/wheelchair_files/wheelchair_images/ROI_wc/wheelchair_299.jpg,78,96,58,54,,,,
/home/inavarro/Desktop/Workspace/ml/TensorFlow/keras-frcnn/wheelchair_files/wheelchair_images/ROI_wc/wheelchair_381.jpg,103,107,146,150,,,,
/home/inavarro/Desktop/Workspace/ml/TensorFlow/keras-frcnn/wheelchair_files/wheelchair_images/ROI_wc/wheelchair_294.jpg,177,52,386,468,,,,
/home/inavarro/Desktop/Workspace/ml/TensorFlow/keras-frcnn/wheelchair_files/wheelchair_images/ROI_wc/wheelchair_70.jpg,115,108,106,92,,,,
/home/inavarro/Desktop/Workspace/ml/TensorFlow/keras-frcnn/wheelchair_files/wheelchair_images/ROI_wc/wheelchair_181.jpg,143,156,146,140,,,,
/home/inavarro/Desktop/Workspace/ml/TensorFlow/keras-frcnn/wheelchair_files/wheelchair_images/ROI_wc/wheelchair_316.jpg,99,53,285,252,,,,
/home/inavarro/Desktop/Workspace/ml/TensorFlow/keras-frcnn/wheelchair_files/wheelchair_images/ROI_wc/wheelchair_147.jpg,198,182,160,179,,,,
/home/inavarro/Desktop/Workspace/ml/TensorFlow/keras-frcnn/wheelchair_files/wheelchair_images/ROI_wc/wheelchair_233.jpg,186,185,275,171,,,,
/home/inavarro/Desktop/Workspace/ml/TensorFlow/keras-frcnn/wheelchair_files/wheelchair_images/ROI_wc/wheelchair_345.jpg,34,92,109,82,,,,
/home/inavarro/Desktop/Workspace/ml/TensorFlow/keras-frcnn/wheelchair_files/wheelchair_images/ROI_wc/wheelchair_302.jpg,162,181,119,105,,,,
/home/inavarro/Desktop/Workspace/ml/TensorFlow/keras-frcnn/wheelchair_files/wheelchair_images/ROI_wc/wheelchair_319.jpg,39,169,175,141,,,,
/home/inavarro/Desktop/Workspace/ml/TensorFlow/keras-frcnn/wheelchair_files/wheelchair_images/ROI_wc/wheelchair_120.jpg,19,7,220,204,,,,
/home/inavarro/Desktop/Workspace/ml/TensorFlow/keras-frcnn/wheelchair_files/wheelchair_images/ROI_wc/wheelchair_178.jpg,142,195,396,292,,,,
/home/inavarro/Desktop/Workspace/ml/TensorFlow/keras-frcnn/wheelchair_files/wheelchair_images/ROI_wc/wheelchair_64.jpg,57,247,265,323,,,,
/home/inavarro/Desktop/Workspace/ml/TensorFlow/keras-frcnn/wheelchair_files/wheelchair_images/ROI_wc/wheelchair_260.jpg,70,260,211,170,,,,
/home/inavarro/Desktop/Workspace/ml/TensorFlow/keras-frcnn/wheelchair_files/wheelchair_images/ROI_wc/wheelchair_169.jpg,190,155,153,213,,,,
/home/inavarro/Desktop/Workspace/ml/TensorFlow/keras-frcnn/wheelchair_files/wheelchair_images/ROI_wc/wheelchair_379.jpg,104,236,245,249,,,,
/home/inavarro/Desktop/Workspace/ml/TensorFlow/keras-frcnn/wheelchair_files/wheelchair_images/ROI_wc/wheelchair_270.jpg,44,3,92,112,,,,
/home/inavarro/Desktop/Workspace/ml/TensorFlow/keras-frcnn/wheelchair_files/wheelchair_images/ROI_wc/wheelchair_1.jpg,157,146,105,177,,,,
/home/inavarro/Desktop/Workspace/ml/TensorFlow/keras-frcnn/wheelchair_files/wheelchair_images/ROI_wc/wheelchair_21.jpg,1,175,695,765,,,,
/home/inavarro/Desktop/Workspace/ml/TensorFlow/keras-frcnn/wheelchair_files/wheelchair_images/ROI_wc/wheelchair_63.jpg,74,22,309,330,,,,
/home/inavarro/Desktop/Workspace/ml/TensorFlow/keras-frcnn/wheelchair_files/wheelchair_images/ROI_wc/wheelchair_256.jpg,622,401,173,187,,,,
/home/inavarro/Desktop/Workspace/ml/TensorFlow/keras-frcnn/wheelchair_files/wheelchair_images/ROI_wc/wheelchair_83.jpg,36,19,433,582,,,,
/home/inavarro/Desktop/Workspace/ml/TensorFlow/keras-frcnn/wheelchair_files/wheelchair_images/ROI_wc/wheelchair_190.jpg,245,241,234,232,,,,
/home/inavarro/Desktop/Workspace/ml/TensorFlow/keras-frcnn/wheelchair_files/wheelchair_images/ROI_wc/wheelchair_361.jpg,123,134,152,122,,,,
/home/inavarro/Desktop/Workspace/ml/TensorFlow/keras-frcnn/wheelchair_files/wheelchair_images/ROI_wc/wheelchair_284.jpg,34,25,353,419,,,,
/home/inavarro/Desktop/Workspace/ml/TensorFlow/keras-frcnn/wheelchair_files/wheelchair_images/ROI_wc/wheelchair_122.jpg,143,208,165,154,,,,
/home/inavarro/Desktop/Workspace/ml/TensorFlow/keras-frcnn/wheelchair_files/wheelchair_images/ROI_wc/wheelchair_386.jpg,109,49,337,424,,,,
/home/inavarro/Desktop/Workspace/ml/TensorFlow/keras-frcnn/wheelchair_files/wheelchair_images/ROI_wc/wheelchair_123.jpg,46,24,196,197,,,,
/home/inavarro/Desktop/Workspace/ml/TensorFlow/keras-frcnn/wheelchair_files/wheelchair_images/ROI_wc/wheelchair_53.jpg,19,15,279,300,,,,
/home/inavarro/Desktop/Workspace/ml/TensorFlow/keras-frcnn/wheelchair_files/wheelchair_images/ROI_wc/wheelchair_234.jpg,64,75,82,97,,,,
/home/inavarro/Desktop/Workspace/ml/TensorFlow/keras-frcnn/wheelchair_files/wheelchair_images/ROI_wc/wheelchair_158.jpg,109,569,366,644,,,,
/home/inavarro/Desktop/Workspace/ml/TensorFlow/keras-frcnn/wheelchair_files/wheelchair_images/ROI_wc/wheelchair_360.jpg,103,406,392,320,,,,
/home/inavarro/Desktop/Workspace/ml/TensorFlow/keras-frcnn/wheelchair_files/wheelchair_images/ROI_wc/wheelchair_414.jpg,67,117,214,198,,,,
/home/inavarro/Desktop/Workspace/ml/TensorFlow/keras-frcnn/wheelchair_files/wheelchair_images/ROI_wc/wheelchair_373.jpg,5,240,248,195,,,,
/home/inavarro/Desktop/Workspace/ml/TensorFlow/keras-frcnn/wheelchair_files/wheelchair_images/ROI_wc/wheelchair_300.jpg,124,386,411,405,,,,
/home/inavarro/Desktop/Workspace/ml/TensorFlow/keras-frcnn/wheelchair_files/wheelchair_images/ROI_wc/wheelchair_135.jpg,123,91,60,74,,,,
/home/inavarro/Desktop/Workspace/ml/TensorFlow/keras-frcnn/wheelchair_files/wheelchair_images/ROI_wc/wheelchair_152.jpg,216,140,166,175,,,,
/home/inavarro/Desktop/Workspace/ml/TensorFlow/keras-frcnn/wheelchair_files/wheelchair_images/ROI_wc/wheelchair_59.jpg,187,154,95,131,,,,
/home/inavarro/Desktop/Workspace/ml/TensorFlow/keras-frcnn/wheelchair_files/wheelchair_images/ROI_wc/wheelchair_330.jpg,104,206,246,238,,,,
/home/inavarro/Desktop/Workspace/ml/TensorFlow/keras-frcnn/wheelchair_files/wheelchair_images/ROI_wc/wheelchair_246.jpg,29,81,69,70,,,,
/home/inavarro/Desktop/Workspace/ml/TensorFlow/keras-frcnn/wheelchair_files/wheelchair_images/ROI_wc/wheelchair_91.jpg,191,105,157,140,,,,
/home/inavarro/Desktop/Workspace/ml/TensorFlow/keras-frcnn/wheelchair_files/wheelchair_images/ROI_wc/wheelchair_133.jpg,76,45,335,310,,,,
/home/inavarro/Desktop/Workspace/ml/TensorFlow/keras-frcnn/wheelchair_files/wheelchair_images/ROI_wc/wheelchair_11.jpg,349,182,128,215,109,207,90,170
/home/inavarro/Desktop/Workspace/ml/TensorFlow/keras-frcnn/wheelchair_files/wheelchair_images/ROI_wc/wheelchair_295.jpg,197,187,129,115,,,,
/home/inavarro/Desktop/Workspace/ml/TensorFlow/keras-frcnn/wheelchair_files/wheelchair_images/ROI_wc/wheelchair_291.jpg,35,43,200,270,,,,
/home/inavarro/Desktop/Workspace/ml/TensorFlow/keras-frcnn/wheelchair_files/wheelchair_images/ROI_wc/wheelchair_239.jpg,14,200,218,239,,,,
/home/inavarro/Desktop/Workspace/ml/TensorFlow/keras-frcnn/wheelchair_files/wheelchair_images/ROI_wc/wheelchair_186.jpg,153,252,147,224,,,,
/home/inavarro/Desktop/Workspace/ml/TensorFlow/keras-frcnn/wheelchair_files/wheelchair_images/ROI_wc/wheelchair_118.jpg,2,3,140,156,,,,
/home/inavarro/Desktop/Workspace/ml/TensorFlow/keras-frcnn/wheelchair_files/wheelchair_images/ROI_wc/wheelchair_209.jpg,32,26,188,210,,,,
/home/inavarro/Desktop/Workspace/ml/TensorFlow/keras-frcnn/wheelchair_files/wheelchair_images/ROI_wc/wheelchair_155.jpg,2,252,277,258,,,,
/home/inavarro/Desktop/Workspace/ml/TensorFlow/keras-frcnn/wheelchair_files/wheelchair_images/ROI_wc/wheelchair_253.jpg,11,16,276,272,,,,
/home/inavarro/Desktop/Workspace/ml/TensorFlow/keras-frcnn/wheelchair_files/wheelchair_images/ROI_wc/wheelchair_97.jpg,8,87,105,84,,,,
/home/inavarro/Desktop/Workspace/ml/TensorFlow/keras-frcnn/wheelchair_files/wheelchair_images/ROI_wc/wheelchair_305.jpg,127,216,134,180,,,,
/home/inavarro/Desktop/Workspace/ml/TensorFlow/keras-frcnn/wheelchair_files/wheelchair_images/ROI_wc/wheelchair_309.jpg,264,144,172,156,,,,
/home/inavarro/Desktop/Workspace/ml/TensorFlow/keras-frcnn/wheelchair_files/wheelchair_images/ROI_wc/wheelchair_315.jpg,21,15,555,578,,,,
/home/inavarro/Desktop/Workspace/ml/TensorFlow/keras-frcnn/wheelchair_files/wheelchair_images/ROI_wc/wheelchair_88.jpg,106,169,352,310,,,,
/home/inavarro/Desktop/Workspace/ml/TensorFlow/keras-frcnn/wheelchair_files/wheelchair_images/ROI_wc/wheelchair_366.jpg,174,149,195,151,,,,
/home/inavarro/Desktop/Workspace/ml/TensorFlow/keras-frcnn/wheelchair_files/wheelchair_images/ROI_wc/wheelchair_271.jpg,107,99,97,81,,,,
/home/inavarro/Desktop/Workspace/ml/TensorFlow/keras-frcnn/wheelchair_files/wheelchair_images/ROI_wc/wheelchair_417.jpg,126,128,128,127,,,,
/home/inavarro/Desktop/Workspace/ml/TensorFlow/keras-frcnn/wheelchair_files/wheelchair_images/ROI_wc/wheelchair_282.jpg,681,262,251,343,159,270,185,256
/home/inavarro/Desktop/Workspace/ml/TensorFlow/keras-frcnn/wheelchair_files/wheelchair_images/ROI_wc/wheelchair_421.jpg,220,127,198,163,,,,
/home/inavarro/Desktop/Workspace/ml/TensorFlow/keras-frcnn/wheelchair_files/wheelchair_images/ROI_wc/wheelchair_415.jpg,53,128,196,136,,,,
/home/inavarro/Desktop/Workspace/ml/TensorFlow/keras-frcnn/wheelchair_files/wheelchair_images/ROI_wc/wheelchair_210.jpg,22,28,280,386,,,,
/home/inavarro/Desktop/Workspace/ml/TensorFlow/keras-frcnn/wheelchair_files/wheelchair_images/ROI_wc/wheelchair_176.jpg,7,9,232,284,,,,
/home/inavarro/Desktop/Workspace/ml/TensorFlow/keras-frcnn/wheelchair_files/wheelchair_images/ROI_wc/wheelchair_81.jpg,14,106,406,456,,,,
/home/inavarro/Desktop/Workspace/ml/TensorFlow/keras-frcnn/wheelchair_files/wheelchair_images/ROI_wc/wheelchair_76.jpg,2,5,214,194,,,,
/home/inavarro/Desktop/Workspace/ml/TensorFlow/keras-frcnn/wheelchair_files/wheelchair_images/ROI_wc/wheelchair_60.jpg,161,52,463,546,,,,
/home/inavarro/Desktop/Workspace/ml/TensorFlow/keras-frcnn/wheelchair_files/wheelchair_images/ROI_wc/wheelchair_307.jpg,61,58,252,314,,,,
/home/inavarro/Desktop/Workspace/ml/TensorFlow/keras-frcnn/wheelchair_files/wheelchair_images/ROI_wc/wheelchair_406.jpg,171,136,170,112,,,,
/home/inavarro/Desktop/Workspace/ml/TensorFlow/keras-frcnn/wheelchair_files/wheelchair_images/ROI_wc/wheelchair_137.jpg,145,336,321,226,,,,
/home/inavarro/Desktop/Workspace/ml/TensorFlow/keras-frcnn/wheelchair_files/wheelchair_images/ROI_wc/wheelchair_131.jpg,57,231,185,214,,,,
/home/inavarro/Desktop/Workspace/ml/TensorFlow/keras-frcnn/wheelchair_files/wheelchair_images/ROI_wc/wheelchair_241.jpg,44,207,295,207,,,,
/home/inavarro/Desktop/Workspace/ml/TensorFlow/keras-frcnn/wheelchair_files/wheelchair_images/ROI_wc/wheelchair_408.jpg,243,82,484,405,,,,
/home/inavarro/Desktop/Workspace/ml/TensorFlow/keras-frcnn/wheelchair_files/wheelchair_images/ROI_wc/wheelchair_200.jpg,213,171,178,174,,,,
/home/inavarro/Desktop/Workspace/ml/TensorFlow/keras-frcnn/wheelchair_files/wheelchair_images/ROI_wc/wheelchair_86.jpg,33,43,160,194,,,,
/home/inavarro/Desktop/Workspace/ml/TensorFlow/keras-frcnn/wheelchair_files/wheelchair_images/ROI_wc/wheelchair_80.jpg,42,11,154,165,,,,
/home/inavarro/Desktop/Workspace/ml/TensorFlow/keras-frcnn/wheelchair_files/wheelchair_images/ROI_wc/wheelchair_353.jpg,31,119,140,93,,,,
/home/inavarro/Desktop/Workspace/ml/TensorFlow/keras-frcnn/wheelchair_files/wheelchair_images/ROI_wc/wheelchair_419.jpg,42,367,463,362,,,,
/home/inavarro/Desktop/Workspace/ml/TensorFlow/keras-frcnn/wheelchair_files/wheelchair_images/ROI_wc/wheelchair_165.jpg,25,72,139,110,,,,
/home/inavarro/Desktop/Workspace/ml/TensorFlow/keras-frcnn/wheelchair_files/wheelchair_images/ROI_wc/wheelchair_49.jpg,35,143,759,861,,,,
/home/inavarro/Desktop/Workspace/ml/TensorFlow/keras-frcnn/wheelchair_files/wheelchair_images/ROI_wc/wheelchair_411.jpg,217,298,185,195,,,,
/home/inavarro/Desktop/Workspace/ml/TensorFlow/keras-frcnn/wheelchair_files/wheelchair_images/ROI_wc/wheelchair_19.jpg,26,56,176,186,,,,
/home/inavarro/Desktop/Workspace/ml/TensorFlow/keras-frcnn/wheelchair_files/wheelchair_images/ROI_wc/wheelchair_336.jpg,352,241,503,348,,,,
/home/inavarro/Desktop/Workspace/ml/TensorFlow/keras-frcnn/wheelchair_files/wheelchair_images/ROI_wc/wheelchair_365.jpg,108,193,114,130,,,,
/home/inavarro/Desktop/Workspace/ml/TensorFlow/keras-frcnn/wheelchair_files/wheelchair_images/ROI_wc/wheelchair_110.jpg,4,176,227,196,,,,
/home/inavarro/Desktop/Workspace/ml/TensorFlow/keras-frcnn/wheelchair_files/wheelchair_images/ROI_wc/wheelchair_265.jpg,3,16,166,185,,,,
/home/inavarro/Desktop/Workspace/ml/TensorFlow/keras-frcnn/wheelchair_files/wheelchair_images/ROI_wc/wheelchair_94.jpg,51,27,474,432,,,,
/home/inavarro/Desktop/Workspace/ml/TensorFlow/keras-frcnn/wheelchair_files/wheelchair_images/ROI_wc/wheelchair_127.jpg,37,50,298,316,,,,
/home/inavarro/Desktop/Workspace/ml/TensorFlow/keras-frcnn/wheelchair_files/wheelchair_images/ROI_wc/wheelchair_30.jpg,167,185,206,130,,,,
/home/inavarro/Desktop/Workspace/ml/TensorFlow/keras-frcnn/wheelchair_files/wheelchair_images/ROI_wc/wheelchair_343.jpg,60,182,129,109,,,,
/home/inavarro/Desktop/Workspace/ml/TensorFlow/keras-frcnn/wheelchair_files/wheelchair_images/ROI_wc/wheelchair_156.jpg,34,46,315,320,,,,
/home/inavarro/Desktop/Workspace/ml/TensorFlow/keras-frcnn/wheelchair_files/wheelchair_images/ROI_wc/wheelchair_380.jpg,105,377,482,424,,,,
/home/inavarro/Desktop/Workspace/ml/TensorFlow/keras-frcnn/wheelchair_files/wheelchair_images/ROI_wc/wheelchair_98.jpg,7,14,225,274,,,,
/home/inavarro/Desktop/Workspace/ml/TensorFlow/keras-frcnn/wheelchair_files/wheelchair_images/ROI_wc/wheelchair_26.jpg,603,386,353,453,,,,
/home/inavarro/Desktop/Workspace/ml/TensorFlow/keras-frcnn/wheelchair_files/wheelchair_images/ROI_wc/wheelchair_352.jpg,176,521,392,297,,,,
