/home/inavarro/Desktop/Workspace/ml/TensorFlow/keras-frcnn/images/ROIorig/wheelchair_355.jpg,50,368,430,359,wheelchair
/home/inavarro/Desktop/Workspace/ml/TensorFlow/keras-frcnn/images/ROIorig/wheelchair_402.jpg,76,56,255,303,wheelchair
/home/inavarro/Desktop/Workspace/ml/TensorFlow/keras-frcnn/images/ROIorig/wheelchair_16.jpg,139,183,212,161,wheelchair
/home/inavarro/Desktop/Workspace/ml/TensorFlow/keras-frcnn/images/ROIorig/wheelchair_139.jpg,181,239,205,177,wheelchair
/home/inavarro/Desktop/Workspace/ml/TensorFlow/keras-frcnn/images/ROIorig/wheelchair_268.jpg,152,98,350,309,wheelchair
/home/inavarro/Desktop/Workspace/ml/TensorFlow/keras-frcnn/images/ROIorig/wheelchair_103.jpg,31,10,388,398,wheelchair
/home/inavarro/Desktop/Workspace/ml/TensorFlow/keras-frcnn/images/ROIorig/wheelchair_108.jpg,77,281,172,139,wheelchair
/home/inavarro/Desktop/Workspace/ml/TensorFlow/keras-frcnn/images/ROIorig/wheelchair_375.jpg,486,296,228,194,wheelchair
/home/inavarro/Desktop/Workspace/ml/TensorFlow/keras-frcnn/images/ROIorig/wheelchair_312.jpg,91,85,144,98,wheelchair
/home/inavarro/Desktop/Workspace/ml/TensorFlow/keras-frcnn/images/ROIorig/wheelchair_222.jpg,175,259,276,222,wheelchair
/home/inavarro/Desktop/Workspace/ml/TensorFlow/keras-frcnn/images/ROIorig/wheelchair_180.jpg,20,32,321,319,wheelchair
/home/inavarro/Desktop/Workspace/ml/TensorFlow/keras-frcnn/images/ROIorig/wheelchair_109.jpg,84,108,111,79,wheelchair
/home/inavarro/Desktop/Workspace/ml/TensorFlow/keras-frcnn/images/ROIorig/wheelchair_157.jpg,143,126,123,90,wheelchair
/home/inavarro/Desktop/Workspace/ml/TensorFlow/keras-frcnn/images/ROIorig/wheelchair_224.jpg,13,152,207,157,wheelchair
/home/inavarro/Desktop/Workspace/ml/TensorFlow/keras-frcnn/images/ROIorig/wheelchair_349.jpg,123,23,251,299,wheelchair
/home/inavarro/Desktop/Workspace/ml/TensorFlow/keras-frcnn/images/ROIorig/wheelchair_394.jpg,110,101,149,143,wheelchair
/home/inavarro/Desktop/Workspace/ml/TensorFlow/keras-frcnn/images/ROIorig/wheelchair_387.jpg,191,216,224,194,wheelchair
/home/inavarro/Desktop/Workspace/ml/TensorFlow/keras-frcnn/images/ROIorig/wheelchair_126.jpg,107,35,117,122,wheelchair
/home/inavarro/Desktop/Workspace/ml/TensorFlow/keras-frcnn/images/ROIorig/wheelchair_232.jpg,70,7,671,839,wheelchair
/home/inavarro/Desktop/Workspace/ml/TensorFlow/keras-frcnn/images/ROIorig/wheelchair_172.jpg,109,416,276,192,wheelchair
/home/inavarro/Desktop/Workspace/ml/TensorFlow/keras-frcnn/images/ROIorig/wheelchair_202.jpg,14,189,283,248,wheelchair
/home/inavarro/Desktop/Workspace/ml/TensorFlow/keras-frcnn/images/ROIorig/wheelchair_27.jpg,21,57,260,276,wheelchair
/home/inavarro/Desktop/Workspace/ml/TensorFlow/keras-frcnn/images/ROIorig/wheelchair_115.jpg,1,7,297,351,wheelchair
/home/inavarro/Desktop/Workspace/ml/TensorFlow/keras-frcnn/images/ROIorig/wheelchair_325.jpg,291,143,160,153,wheelchair
/home/inavarro/Desktop/Workspace/ml/TensorFlow/keras-frcnn/images/ROIorig/wheelchair_277.jpg,163,149,149,121,wheelchair
/home/inavarro/Desktop/Workspace/ml/TensorFlow/keras-frcnn/images/ROIorig/wheelchair_223.jpg,15,31,223,208,wheelchair
/home/inavarro/Desktop/Workspace/ml/TensorFlow/keras-frcnn/images/ROIorig/wheelchair_193.jpg,159,106,104,153,wheelchair
/home/inavarro/Desktop/Workspace/ml/TensorFlow/keras-frcnn/images/ROIorig/wheelchair_36.jpg,79,120,356,385,wheelchair
/home/inavarro/Desktop/Workspace/ml/TensorFlow/keras-frcnn/images/ROIorig/wheelchair_182.jpg,151,167,109,134,wheelchair
/home/inavarro/Desktop/Workspace/ml/TensorFlow/keras-frcnn/images/ROIorig/wheelchair_151.jpg,211,83,157,273,wheelchair
/home/inavarro/Desktop/Workspace/ml/TensorFlow/keras-frcnn/images/ROIorig/wheelchair_230.jpg,5,231,302,253,wheelchair
/home/inavarro/Desktop/Workspace/ml/TensorFlow/keras-frcnn/images/ROIorig/wheelchair_17.jpg,40,9,173,235,wheelchair
/home/inavarro/Desktop/Workspace/ml/TensorFlow/keras-frcnn/images/ROIorig/wheelchair_6.jpg,174,123,137,131,wheelchair
/home/inavarro/Desktop/Workspace/ml/TensorFlow/keras-frcnn/images/ROIorig/wheelchair_292.jpg,17,97,132,108,wheelchair
/home/inavarro/Desktop/Workspace/ml/TensorFlow/keras-frcnn/images/ROIorig/wheelchair_62.jpg,59,83,212,244,wheelchair
/home/inavarro/Desktop/Workspace/ml/TensorFlow/keras-frcnn/images/ROIorig/wheelchair_301.jpg,53,188,224,156,wheelchair
/home/inavarro/Desktop/Workspace/ml/TensorFlow/keras-frcnn/images/ROIorig/wheelchair_247.jpg,2,3,77,110,wheelchair
/home/inavarro/Desktop/Workspace/ml/TensorFlow/keras-frcnn/images/ROIorig/wheelchair_314.jpg,69,96,449,505,wheelchair
/home/inavarro/Desktop/Workspace/ml/TensorFlow/keras-frcnn/images/ROIorig/wheelchair_43.jpg,86,42,294,337,wheelchair
/home/inavarro/Desktop/Workspace/ml/TensorFlow/keras-frcnn/images/ROIorig/wheelchair_194.jpg,99,326,223,172,wheelchair
/home/inavarro/Desktop/Workspace/ml/TensorFlow/keras-frcnn/images/ROIorig/wheelchair_382.jpg,46,326,355,242,wheelchair
/home/inavarro/Desktop/Workspace/ml/TensorFlow/keras-frcnn/images/ROIorig/wheelchair_323.jpg,326,295,218,197,wheelchair
/home/inavarro/Desktop/Workspace/ml/TensorFlow/keras-frcnn/images/ROIorig/wheelchair_221.jpg,192,220,295,246,wheelchair
/home/inavarro/Desktop/Workspace/ml/TensorFlow/keras-frcnn/images/ROIorig/wheelchair_267.jpg,40,11,259,266,wheelchair
/home/inavarro/Desktop/Workspace/ml/TensorFlow/keras-frcnn/images/ROIorig/wheelchair_149.jpg,5,14,126,132,wheelchair
/home/inavarro/Desktop/Workspace/ml/TensorFlow/keras-frcnn/images/ROIorig/wheelchair_207.jpg,27,17,157,220,wheelchair
/home/inavarro/Desktop/Workspace/ml/TensorFlow/keras-frcnn/images/ROIorig/wheelchair_324.jpg,126,116,79,80,wheelchair
/home/inavarro/Desktop/Workspace/ml/TensorFlow/keras-frcnn/images/ROIorig/wheelchair_179.jpg,155,122,55,79,wheelchair
/home/inavarro/Desktop/Workspace/ml/TensorFlow/keras-frcnn/images/ROIorig/wheelchair_204.jpg,1,235,232,235,wheelchair
/home/inavarro/Desktop/Workspace/ml/TensorFlow/keras-frcnn/images/ROIorig/wheelchair_217.jpg,198,209,246,207,wheelchair
/home/inavarro/Desktop/Workspace/ml/TensorFlow/keras-frcnn/images/ROIorig/wheelchair_184.jpg,134,217,176,144,wheelchair
/home/inavarro/Desktop/Workspace/ml/TensorFlow/keras-frcnn/images/ROIorig/wheelchair_100.jpg,133,16,268,243,wheelchair
/home/inavarro/Desktop/Workspace/ml/TensorFlow/keras-frcnn/images/ROIorig/wheelchair_389.jpg,24,172,175,176,wheelchair
/home/inavarro/Desktop/Workspace/ml/TensorFlow/keras-frcnn/images/ROIorig/wheelchair_390.jpg,164,98,181,170,wheelchair
/home/inavarro/Desktop/Workspace/ml/TensorFlow/keras-frcnn/images/ROIorig/wheelchair_212.jpg,23,37,214,243,wheelchair
/home/inavarro/Desktop/Workspace/ml/TensorFlow/keras-frcnn/images/ROIorig/wheelchair_12.jpg,82,53,102,98,wheelchair
/home/inavarro/Desktop/Workspace/ml/TensorFlow/keras-frcnn/images/ROIorig/wheelchair_116.jpg,35,174,599,642,wheelchair
/home/inavarro/Desktop/Workspace/ml/TensorFlow/keras-frcnn/images/ROIorig/wheelchair_67.jpg,6,26,108,114,wheelchair
/home/inavarro/Desktop/Workspace/ml/TensorFlow/keras-frcnn/images/ROIorig/wheelchair_250.jpg,19,2,131,135,wheelchair
/home/inavarro/Desktop/Workspace/ml/TensorFlow/keras-frcnn/images/ROIorig/wheelchair_357.jpg,13,226,226,185,wheelchair
/home/inavarro/Desktop/Workspace/ml/TensorFlow/keras-frcnn/images/ROIorig/wheelchair_111.jpg,6,201,290,195,wheelchair
/home/inavarro/Desktop/Workspace/ml/TensorFlow/keras-frcnn/images/ROIorig/wheelchair_317.jpg,555,438,470,375,wheelchair
/home/inavarro/Desktop/Workspace/ml/TensorFlow/keras-frcnn/images/ROIorig/wheelchair_358.jpg,58,171,162,149,wheelchair
/home/inavarro/Desktop/Workspace/ml/TensorFlow/keras-frcnn/images/ROIorig/wheelchair_77.jpg,73,62,257,256,wheelchair
/home/inavarro/Desktop/Workspace/ml/TensorFlow/keras-frcnn/images/ROIorig/wheelchair_347.jpg,112,76,126,102,wheelchair
/home/inavarro/Desktop/Workspace/ml/TensorFlow/keras-frcnn/images/ROIorig/wheelchair_225.jpg,10,22,167,167,wheelchair
/home/inavarro/Desktop/Workspace/ml/TensorFlow/keras-frcnn/images/ROIorig/wheelchair_144.jpg,23,42,149,219,wheelchair
/home/inavarro/Desktop/Workspace/ml/TensorFlow/keras-frcnn/images/ROIorig/wheelchair_238.jpg,81,246,263,227,wheelchair
/home/inavarro/Desktop/Workspace/ml/TensorFlow/keras-frcnn/images/ROIorig/wheelchair_134.jpg,277,224,326,300,wheelchair
/home/inavarro/Desktop/Workspace/ml/TensorFlow/keras-frcnn/images/ROIorig/wheelchair_395.jpg,83,74,331,254,wheelchair
/home/inavarro/Desktop/Workspace/ml/TensorFlow/keras-frcnn/images/ROIorig/wheelchair_383.jpg,192,99,101,100,wheelchair
/home/inavarro/Desktop/Workspace/ml/TensorFlow/keras-frcnn/images/ROIorig/wheelchair_273.jpg,49,29,301,351,wheelchair
/home/inavarro/Desktop/Workspace/ml/TensorFlow/keras-frcnn/images/ROIorig/wheelchair_42.jpg,27,19,195,228,wheelchair
/home/inavarro/Desktop/Workspace/ml/TensorFlow/keras-frcnn/images/ROIorig/wheelchair_290.jpg,110,361,585,699,wheelchair
/home/inavarro/Desktop/Workspace/ml/TensorFlow/keras-frcnn/images/ROIorig/wheelchair_170.jpg,5,6,191,249,wheelchair
/home/inavarro/Desktop/Workspace/ml/TensorFlow/keras-frcnn/images/ROIorig/wheelchair_398.jpg,131,144,110,104,wheelchair
/home/inavarro/Desktop/Workspace/ml/TensorFlow/keras-frcnn/images/ROIorig/wheelchair_398.jpg,234,72,133,118,wheelchair
/home/inavarro/Desktop/Workspace/ml/TensorFlow/keras-frcnn/images/ROIorig/wheelchair_257.jpg,20,17,142,172,wheelchair
/home/inavarro/Desktop/Workspace/ml/TensorFlow/keras-frcnn/images/ROIorig/wheelchair_71.jpg,273,152,312,280,wheelchair
/home/inavarro/Desktop/Workspace/ml/TensorFlow/keras-frcnn/images/ROIorig/wheelchair_405.jpg,152,484,384,320,wheelchair
/home/inavarro/Desktop/Workspace/ml/TensorFlow/keras-frcnn/images/ROIorig/wheelchair_168.jpg,52,38,766,837,wheelchair
/home/inavarro/Desktop/Workspace/ml/TensorFlow/keras-frcnn/images/ROIorig/wheelchair_333.jpg,151,5,404,366,wheelchair
/home/inavarro/Desktop/Workspace/ml/TensorFlow/keras-frcnn/images/ROIorig/wheelchair_326.jpg,90,30,149,129,wheelchair
/home/inavarro/Desktop/Workspace/ml/TensorFlow/keras-frcnn/images/ROIorig/wheelchair_92.jpg,294,146,135,141,wheelchair
/home/inavarro/Desktop/Workspace/ml/TensorFlow/keras-frcnn/images/ROIorig/wheelchair_106.jpg,36,16,325,370,wheelchair
/home/inavarro/Desktop/Workspace/ml/TensorFlow/keras-frcnn/images/ROIorig/wheelchair_335.jpg,216,482,356,296,wheelchair
/home/inavarro/Desktop/Workspace/ml/TensorFlow/keras-frcnn/images/ROIorig/wheelchair_160.jpg,46,96,150,114,wheelchair
/home/inavarro/Desktop/Workspace/ml/TensorFlow/keras-frcnn/images/ROIorig/wheelchair_275.jpg,64,70,187,267,wheelchair
/home/inavarro/Desktop/Workspace/ml/TensorFlow/keras-frcnn/images/ROIorig/wheelchair_121.jpg,89,8,175,228,wheelchair
/home/inavarro/Desktop/Workspace/ml/TensorFlow/keras-frcnn/images/ROIorig/wheelchair_175.jpg,83,203,202,186,wheelchair
/home/inavarro/Desktop/Workspace/ml/TensorFlow/keras-frcnn/images/ROIorig/wheelchair_422.jpg,75,132,157,142,wheelchair
/home/inavarro/Desktop/Workspace/ml/TensorFlow/keras-frcnn/images/ROIorig/wheelchair_385.jpg,163,243,268,177,wheelchair
/home/inavarro/Desktop/Workspace/ml/TensorFlow/keras-frcnn/images/ROIorig/wheelchair_216.jpg,206,197,160,133,wheelchair
/home/inavarro/Desktop/Workspace/ml/TensorFlow/keras-frcnn/images/ROIorig/wheelchair_228.jpg,117,102,194,147,wheelchair
/home/inavarro/Desktop/Workspace/ml/TensorFlow/keras-frcnn/images/ROIorig/wheelchair_359.jpg,69,132,150,133,wheelchair
/home/inavarro/Desktop/Workspace/ml/TensorFlow/keras-frcnn/images/ROIorig/wheelchair_78.jpg,54,70,395,382,wheelchair
/home/inavarro/Desktop/Workspace/ml/TensorFlow/keras-frcnn/images/ROIorig/wheelchair_321.jpg,133,106,81,68,wheelchair
/home/inavarro/Desktop/Workspace/ml/TensorFlow/keras-frcnn/images/ROIorig/wheelchair_311.jpg,118,165,218,123,wheelchair
/home/inavarro/Desktop/Workspace/ml/TensorFlow/keras-frcnn/images/ROIorig/wheelchair_218.jpg,246,205,184,168,wheelchair
/home/inavarro/Desktop/Workspace/ml/TensorFlow/keras-frcnn/images/ROIorig/wheelchair_363.jpg,40,160,206,188,wheelchair
/home/inavarro/Desktop/Workspace/ml/TensorFlow/keras-frcnn/images/ROIorig/wheelchair_320.jpg,113,153,140,109,wheelchair
/home/inavarro/Desktop/Workspace/ml/TensorFlow/keras-frcnn/images/ROIorig/wheelchair_205.jpg,121,65,387,457,wheelchair
/home/inavarro/Desktop/Workspace/ml/TensorFlow/keras-frcnn/images/ROIorig/wheelchair_69.jpg,29,80,260,270,wheelchair
/home/inavarro/Desktop/Workspace/ml/TensorFlow/keras-frcnn/images/ROIorig/wheelchair_141.jpg,292,307,216,187,wheelchair
/home/inavarro/Desktop/Workspace/ml/TensorFlow/keras-frcnn/images/ROIorig/wheelchair_37.jpg,104,5,329,369,wheelchair
/home/inavarro/Desktop/Workspace/ml/TensorFlow/keras-frcnn/images/ROIorig/wheelchair_56.jpg,43,79,261,225,wheelchair
/home/inavarro/Desktop/Workspace/ml/TensorFlow/keras-frcnn/images/ROIorig/wheelchair_368.jpg,180,212,211,204,wheelchair
/home/inavarro/Desktop/Workspace/ml/TensorFlow/keras-frcnn/images/ROIorig/wheelchair_112.jpg,45,68,333,381,wheelchair
/home/inavarro/Desktop/Workspace/ml/TensorFlow/keras-frcnn/images/ROIorig/wheelchair_208.jpg,13,121,212,211,wheelchair
/home/inavarro/Desktop/Workspace/ml/TensorFlow/keras-frcnn/images/ROIorig/wheelchair_412.jpg,87,50,358,346,wheelchair
/home/inavarro/Desktop/Workspace/ml/TensorFlow/keras-frcnn/images/ROIorig/wheelchair_397.jpg,49,9,159,242,wheelchair
/home/inavarro/Desktop/Workspace/ml/TensorFlow/keras-frcnn/images/ROIorig/wheelchair_384.jpg,20,26,196,226,wheelchair
/home/inavarro/Desktop/Workspace/ml/TensorFlow/keras-frcnn/images/ROIorig/wheelchair_164.jpg,117,134,74,76,wheelchair
/home/inavarro/Desktop/Workspace/ml/TensorFlow/keras-frcnn/images/ROIorig/wheelchair_261.jpg,56,186,189,141,wheelchair
/home/inavarro/Desktop/Workspace/ml/TensorFlow/keras-frcnn/images/ROIorig/wheelchair_410.jpg,71,24,163,156,wheelchair
/home/inavarro/Desktop/Workspace/ml/TensorFlow/keras-frcnn/images/ROIorig/wheelchair_269.jpg,37,55,224,211,wheelchair
/home/inavarro/Desktop/Workspace/ml/TensorFlow/keras-frcnn/images/ROIorig/wheelchair_393.jpg,230,141,195,154,wheelchair
/home/inavarro/Desktop/Workspace/ml/TensorFlow/keras-frcnn/images/ROIorig/wheelchair_188.jpg,92,318,446,426,wheelchair
/home/inavarro/Desktop/Workspace/ml/TensorFlow/keras-frcnn/images/ROIorig/wheelchair_215.jpg,27,24,172,167,wheelchair
/home/inavarro/Desktop/Workspace/ml/TensorFlow/keras-frcnn/images/ROIorig/wheelchair_128.jpg,81,150,180,152,wheelchair
/home/inavarro/Desktop/Workspace/ml/TensorFlow/keras-frcnn/images/ROIorig/wheelchair_236.jpg,124,106,201,137,wheelchair
/home/inavarro/Desktop/Workspace/ml/TensorFlow/keras-frcnn/images/ROIorig/wheelchair_72.jpg,436,261,181,192,wheelchair
/home/inavarro/Desktop/Workspace/ml/TensorFlow/keras-frcnn/images/ROIorig/wheelchair_114.jpg,74,68,431,457,wheelchair
/home/inavarro/Desktop/Workspace/ml/TensorFlow/keras-frcnn/images/ROIorig/wheelchair_341.jpg,1,21,400,428,wheelchair
/home/inavarro/Desktop/Workspace/ml/TensorFlow/keras-frcnn/images/ROIorig/wheelchair_138.jpg,324,312,307,222,wheelchair
/home/inavarro/Desktop/Workspace/ml/TensorFlow/keras-frcnn/images/ROIorig/wheelchair_255.jpg,185,53,380,450,wheelchair
/home/inavarro/Desktop/Workspace/ml/TensorFlow/keras-frcnn/images/ROIorig/wheelchair_203.jpg,10,38,382,442,wheelchair
/home/inavarro/Desktop/Workspace/ml/TensorFlow/keras-frcnn/images/ROIorig/wheelchair_376.jpg,176,346,278,364,wheelchair
/home/inavarro/Desktop/Workspace/ml/TensorFlow/keras-frcnn/images/ROIorig/wheelchair_287.jpg,68,378,392,337,wheelchair
/home/inavarro/Desktop/Workspace/ml/TensorFlow/keras-frcnn/images/ROIorig/wheelchair_25.jpg,144,229,104,102,wheelchair
/home/inavarro/Desktop/Workspace/ml/TensorFlow/keras-frcnn/images/ROIorig/wheelchair_46.jpg,87,197,336,323,wheelchair
/home/inavarro/Desktop/Workspace/ml/TensorFlow/keras-frcnn/images/ROIorig/wheelchair_396.jpg,40,24,184,194,wheelchair
/home/inavarro/Desktop/Workspace/ml/TensorFlow/keras-frcnn/images/ROIorig/wheelchair_192.jpg,13,26,381,395,wheelchair
/home/inavarro/Desktop/Workspace/ml/TensorFlow/keras-frcnn/images/ROIorig/wheelchair_150.jpg,234,211,179,145,wheelchair
/home/inavarro/Desktop/Workspace/ml/TensorFlow/keras-frcnn/images/ROIorig/wheelchair_187.jpg,11,124,102,128,wheelchair
/home/inavarro/Desktop/Workspace/ml/TensorFlow/keras-frcnn/images/ROIorig/wheelchair_74.jpg,167,186,132,138,wheelchair
/home/inavarro/Desktop/Workspace/ml/TensorFlow/keras-frcnn/images/ROIorig/wheelchair_334.jpg,337,224,216,172,wheelchair
/home/inavarro/Desktop/Workspace/ml/TensorFlow/keras-frcnn/images/ROIorig/wheelchair_213.jpg,20,3,101,137,wheelchair
/home/inavarro/Desktop/Workspace/ml/TensorFlow/keras-frcnn/images/ROIorig/wheelchair_145.jpg,190,237,431,328,wheelchair
/home/inavarro/Desktop/Workspace/ml/TensorFlow/keras-frcnn/images/ROIorig/wheelchair_244.jpg,250,249,276,195,wheelchair
/home/inavarro/Desktop/Workspace/ml/TensorFlow/keras-frcnn/images/ROIorig/wheelchair_280.jpg,39,6,264,335,wheelchair
/home/inavarro/Desktop/Workspace/ml/TensorFlow/keras-frcnn/images/ROIorig/wheelchair_303.jpg,93,231,193,198,wheelchair
/home/inavarro/Desktop/Workspace/ml/TensorFlow/keras-frcnn/images/ROIorig/wheelchair_416.jpg,105,302,160,141,wheelchair
/home/inavarro/Desktop/Workspace/ml/TensorFlow/keras-frcnn/images/ROIorig/wheelchair_154.jpg,101,61,367,414,wheelchair
/home/inavarro/Desktop/Workspace/ml/TensorFlow/keras-frcnn/images/ROIorig/wheelchair_424.jpg,51,323,341,295,wheelchair
/home/inavarro/Desktop/Workspace/ml/TensorFlow/keras-frcnn/images/ROIorig/wheelchair_51.jpg,167,90,327,255,wheelchair
/home/inavarro/Desktop/Workspace/ml/TensorFlow/keras-frcnn/images/ROIorig/wheelchair_348.jpg,35,43,182,209,wheelchair
/home/inavarro/Desktop/Workspace/ml/TensorFlow/keras-frcnn/images/ROIorig/wheelchair_400.jpg,164,171,222,227,wheelchair
/home/inavarro/Desktop/Workspace/ml/TensorFlow/keras-frcnn/images/ROIorig/wheelchair_338.jpg,22,124,324,353,wheelchair
/home/inavarro/Desktop/Workspace/ml/TensorFlow/keras-frcnn/images/ROIorig/wheelchair_196.jpg,15,94,102,95,wheelchair
/home/inavarro/Desktop/Workspace/ml/TensorFlow/keras-frcnn/images/ROIorig/wheelchair_226.jpg,156,166,154,158,wheelchair
/home/inavarro/Desktop/Workspace/ml/TensorFlow/keras-frcnn/images/ROIorig/wheelchair_226.jpg,261,45,155,166,wheelchair
/home/inavarro/Desktop/Workspace/ml/TensorFlow/keras-frcnn/images/ROIorig/wheelchair_322.jpg,5,15,219,234,wheelchair
/home/inavarro/Desktop/Workspace/ml/TensorFlow/keras-frcnn/images/ROIorig/wheelchair_8.jpg,269,215,109,146,wheelchair
/home/inavarro/Desktop/Workspace/ml/TensorFlow/keras-frcnn/images/ROIorig/wheelchair_104.jpg,47,94,149,136,wheelchair
/home/inavarro/Desktop/Workspace/ml/TensorFlow/keras-frcnn/images/ROIorig/wheelchair_356.jpg,76,292,270,224,wheelchair
/home/inavarro/Desktop/Workspace/ml/TensorFlow/keras-frcnn/images/ROIorig/wheelchair_237.jpg,30,9,265,333,wheelchair
/home/inavarro/Desktop/Workspace/ml/TensorFlow/keras-frcnn/images/ROIorig/wheelchair_119.jpg,38,7,205,286,wheelchair
/home/inavarro/Desktop/Workspace/ml/TensorFlow/keras-frcnn/images/ROIorig/wheelchair_258.jpg,407,336,240,186,wheelchair
/home/inavarro/Desktop/Workspace/ml/TensorFlow/keras-frcnn/images/ROIorig/wheelchair_47.jpg,21,34,330,340,wheelchair
/home/inavarro/Desktop/Workspace/ml/TensorFlow/keras-frcnn/images/ROIorig/wheelchair_362.jpg,255,247,178,193,wheelchair
/home/inavarro/Desktop/Workspace/ml/TensorFlow/keras-frcnn/images/ROIorig/wheelchair_29.jpg,161,7,336,372,wheelchair
/home/inavarro/Desktop/Workspace/ml/TensorFlow/keras-frcnn/images/ROIorig/wheelchair_52.jpg,105,36,218,210,wheelchair
/home/inavarro/Desktop/Workspace/ml/TensorFlow/keras-frcnn/images/ROIorig/wheelchair_117.jpg,182,118,283,213,wheelchair
/home/inavarro/Desktop/Workspace/ml/TensorFlow/keras-frcnn/images/ROIorig/wheelchair_391.jpg,25,145,211,173,wheelchair
/home/inavarro/Desktop/Workspace/ml/TensorFlow/keras-frcnn/images/ROIorig/wheelchair_84.jpg,4,44,234,245,wheelchair
/home/inavarro/Desktop/Workspace/ml/TensorFlow/keras-frcnn/images/ROIorig/wheelchair_2.jpg,19,255,210,152,wheelchair
/home/inavarro/Desktop/Workspace/ml/TensorFlow/keras-frcnn/images/ROIorig/wheelchair_93.jpg,119,229,174,161,wheelchair
/home/inavarro/Desktop/Workspace/ml/TensorFlow/keras-frcnn/images/ROIorig/wheelchair_177.jpg,51,7,199,214,wheelchair
/home/inavarro/Desktop/Workspace/ml/TensorFlow/keras-frcnn/images/ROIorig/wheelchair_350.jpg,61,49,115,76,wheelchair
/home/inavarro/Desktop/Workspace/ml/TensorFlow/keras-frcnn/images/ROIorig/wheelchair_95.jpg,4,53,268,248,wheelchair
/home/inavarro/Desktop/Workspace/ml/TensorFlow/keras-frcnn/images/ROIorig/wheelchair_65.jpg,127,162,246,265,wheelchair
/home/inavarro/Desktop/Workspace/ml/TensorFlow/keras-frcnn/images/ROIorig/wheelchair_423.jpg,74,57,323,307,wheelchair
/home/inavarro/Desktop/Workspace/ml/TensorFlow/keras-frcnn/images/ROIorig/wheelchair_279.jpg,45,58,162,187,wheelchair
/home/inavarro/Desktop/Workspace/ml/TensorFlow/keras-frcnn/images/ROIorig/wheelchair_14.jpg,107,196,333,395,wheelchair
/home/inavarro/Desktop/Workspace/ml/TensorFlow/keras-frcnn/images/ROIorig/wheelchair_140.jpg,119,203,198,176,wheelchair
/home/inavarro/Desktop/Workspace/ml/TensorFlow/keras-frcnn/images/ROIorig/wheelchair_7.jpg,230,25,347,556,wheelchair
/home/inavarro/Desktop/Workspace/ml/TensorFlow/keras-frcnn/images/ROIorig/wheelchair_296.jpg,14,83,116,100,wheelchair
/home/inavarro/Desktop/Workspace/ml/TensorFlow/keras-frcnn/images/ROIorig/wheelchair_33.jpg,35,32,209,260,wheelchair
/home/inavarro/Desktop/Workspace/ml/TensorFlow/keras-frcnn/images/ROIorig/wheelchair_313.jpg,94,69,504,609,wheelchair
/home/inavarro/Desktop/Workspace/ml/TensorFlow/keras-frcnn/images/ROIorig/wheelchair_173.jpg,29,156,105,88,wheelchair
/home/inavarro/Desktop/Workspace/ml/TensorFlow/keras-frcnn/images/ROIorig/wheelchair_10.jpg,23,15,348,474,wheelchair
/home/inavarro/Desktop/Workspace/ml/TensorFlow/keras-frcnn/images/ROIorig/wheelchair_136.jpg,74,422,511,408,wheelchair
/home/inavarro/Desktop/Workspace/ml/TensorFlow/keras-frcnn/images/ROIorig/wheelchair_34.jpg,36,272,342,249,wheelchair
/home/inavarro/Desktop/Workspace/ml/TensorFlow/keras-frcnn/images/ROIorig/wheelchair_197.jpg,638,46,584,710,wheelchair
/home/inavarro/Desktop/Workspace/ml/TensorFlow/keras-frcnn/images/ROIorig/wheelchair_264.jpg,238,327,204,168,wheelchair
/home/inavarro/Desktop/Workspace/ml/TensorFlow/keras-frcnn/images/ROIorig/wheelchair_174.jpg,198,583,704,641,wheelchair
/home/inavarro/Desktop/Workspace/ml/TensorFlow/keras-frcnn/images/ROIorig/wheelchair_113.jpg,34,48,168,185,wheelchair
/home/inavarro/Desktop/Workspace/ml/TensorFlow/keras-frcnn/images/ROIorig/wheelchair_370.jpg,157,325,200,247,wheelchair
/home/inavarro/Desktop/Workspace/ml/TensorFlow/keras-frcnn/images/ROIorig/wheelchair_23.jpg,98,11,362,540,wheelchair
/home/inavarro/Desktop/Workspace/ml/TensorFlow/keras-frcnn/images/ROIorig/wheelchair_329.jpg,116,320,302,212,wheelchair
/home/inavarro/Desktop/Workspace/ml/TensorFlow/keras-frcnn/images/ROIorig/wheelchair_388.jpg,246,194,474,346,wheelchair
/home/inavarro/Desktop/Workspace/ml/TensorFlow/keras-frcnn/images/ROIorig/wheelchair_132.jpg,16,158,172,181,wheelchair
/home/inavarro/Desktop/Workspace/ml/TensorFlow/keras-frcnn/images/ROIorig/wheelchair_73.jpg,82,432,347,275,wheelchair
/home/inavarro/Desktop/Workspace/ml/TensorFlow/keras-frcnn/images/ROIorig/wheelchair_162.jpg,15,9,143,153,wheelchair
/home/inavarro/Desktop/Workspace/ml/TensorFlow/keras-frcnn/images/ROIorig/wheelchair_327.jpg,152,209,160,145,wheelchair
/home/inavarro/Desktop/Workspace/ml/TensorFlow/keras-frcnn/images/ROIorig/wheelchair_124.jpg,2,8,201,207,wheelchair
/home/inavarro/Desktop/Workspace/ml/TensorFlow/keras-frcnn/images/ROIorig/wheelchair_185.jpg,129,166,84,71,wheelchair
/home/inavarro/Desktop/Workspace/ml/TensorFlow/keras-frcnn/images/ROIorig/wheelchair_409.jpg,176,154,200,186,wheelchair
/home/inavarro/Desktop/Workspace/ml/TensorFlow/keras-frcnn/images/ROIorig/wheelchair_15.jpg,282,151,176,198,wheelchair
/home/inavarro/Desktop/Workspace/ml/TensorFlow/keras-frcnn/images/ROIorig/wheelchair_281.jpg,10,80,101,85,wheelchair
/home/inavarro/Desktop/Workspace/ml/TensorFlow/keras-frcnn/images/ROIorig/wheelchair_61.jpg,138,87,90,78,wheelchair
/home/inavarro/Desktop/Workspace/ml/TensorFlow/keras-frcnn/images/ROIorig/wheelchair_9.jpg,69,41,227,317,wheelchair
/home/inavarro/Desktop/Workspace/ml/TensorFlow/keras-frcnn/images/ROIorig/wheelchair_163.jpg,57,54,291,284,wheelchair
/home/inavarro/Desktop/Workspace/ml/TensorFlow/keras-frcnn/images/ROIorig/wheelchair_148.jpg,55,68,79,61,wheelchair
/home/inavarro/Desktop/Workspace/ml/TensorFlow/keras-frcnn/images/ROIorig/wheelchair_413.jpg,145,149,89,101,wheelchair
/home/inavarro/Desktop/Workspace/ml/TensorFlow/keras-frcnn/images/ROIorig/wheelchair_254.jpg,106,23,392,430,wheelchair
/home/inavarro/Desktop/Workspace/ml/TensorFlow/keras-frcnn/images/ROIorig/wheelchair_403.jpg,109,27,203,260,wheelchair
/home/inavarro/Desktop/Workspace/ml/TensorFlow/keras-frcnn/images/ROIorig/wheelchair_276.jpg,251,167,159,152,wheelchair
/home/inavarro/Desktop/Workspace/ml/TensorFlow/keras-frcnn/images/ROIorig/wheelchair_219.jpg,3,38,156,179,wheelchair
/home/inavarro/Desktop/Workspace/ml/TensorFlow/keras-frcnn/images/ROIorig/wheelchair_310.jpg,240,211,159,195,wheelchair
/home/inavarro/Desktop/Workspace/ml/TensorFlow/keras-frcnn/images/ROIorig/wheelchair_35.jpg,141,95,310,316,wheelchair
/home/inavarro/Desktop/Workspace/ml/TensorFlow/keras-frcnn/images/ROIorig/wheelchair_48.jpg,358,1,443,547,wheelchair
/home/inavarro/Desktop/Workspace/ml/TensorFlow/keras-frcnn/images/ROIorig/wheelchair_220.jpg,30,44,522,459,wheelchair
/home/inavarro/Desktop/Workspace/ml/TensorFlow/keras-frcnn/images/ROIorig/wheelchair_331.jpg,118,37,436,479,wheelchair
/home/inavarro/Desktop/Workspace/ml/TensorFlow/keras-frcnn/images/ROIorig/wheelchair_337.jpg,56,207,194,149,wheelchair
/home/inavarro/Desktop/Workspace/ml/TensorFlow/keras-frcnn/images/ROIorig/wheelchair_54.jpg,21,19,244,308,wheelchair
/home/inavarro/Desktop/Workspace/ml/TensorFlow/keras-frcnn/images/ROIorig/wheelchair_206.jpg,97,213,185,200,wheelchair
/home/inavarro/Desktop/Workspace/ml/TensorFlow/keras-frcnn/images/ROIorig/wheelchair_425.jpg,20,138,170,127,wheelchair
/home/inavarro/Desktop/Workspace/ml/TensorFlow/keras-frcnn/images/ROIorig/wheelchair_418.jpg,203,215,235,218,wheelchair
/home/inavarro/Desktop/Workspace/ml/TensorFlow/keras-frcnn/images/ROIorig/wheelchair_240.jpg,247,245,163,156,wheelchair
/home/inavarro/Desktop/Workspace/ml/TensorFlow/keras-frcnn/images/ROIorig/wheelchair_274.jpg,112,71,299,395,wheelchair
/home/inavarro/Desktop/Workspace/ml/TensorFlow/keras-frcnn/images/ROIorig/wheelchair_252.jpg,17,111,152,135,wheelchair
/home/inavarro/Desktop/Workspace/ml/TensorFlow/keras-frcnn/images/ROIorig/wheelchair_166.jpg,14,327,379,258,wheelchair
/home/inavarro/Desktop/Workspace/ml/TensorFlow/keras-frcnn/images/ROIorig/wheelchair_58.jpg,24,58,233,232,wheelchair
/home/inavarro/Desktop/Workspace/ml/TensorFlow/keras-frcnn/images/ROIorig/wheelchair_129.jpg,171,18,396,426,wheelchair
/home/inavarro/Desktop/Workspace/ml/TensorFlow/keras-frcnn/images/ROIorig/wheelchair_377.jpg,58,156,268,197,wheelchair
/home/inavarro/Desktop/Workspace/ml/TensorFlow/keras-frcnn/images/ROIorig/wheelchair_372.jpg,96,50,456,555,wheelchair
/home/inavarro/Desktop/Workspace/ml/TensorFlow/keras-frcnn/images/ROIorig/wheelchair_4.jpg,154,113,176,148,wheelchair
/home/inavarro/Desktop/Workspace/ml/TensorFlow/keras-frcnn/images/ROIorig/wheelchair_249.jpg,13,6,124,144,wheelchair
/home/inavarro/Desktop/Workspace/ml/TensorFlow/keras-frcnn/images/ROIorig/wheelchair_101.jpg,9,8,308,340,wheelchair
/home/inavarro/Desktop/Workspace/ml/TensorFlow/keras-frcnn/images/ROIorig/wheelchair_87.jpg,14,351,429,467,wheelchair
/home/inavarro/Desktop/Workspace/ml/TensorFlow/keras-frcnn/images/ROIorig/wheelchair_38.jpg,67,273,246,224,wheelchair
/home/inavarro/Desktop/Workspace/ml/TensorFlow/keras-frcnn/images/ROIorig/wheelchair_243.jpg,143,153,205,201,wheelchair
/home/inavarro/Desktop/Workspace/ml/TensorFlow/keras-frcnn/images/ROIorig/wheelchair_245.jpg,183,282,210,293,wheelchair
/home/inavarro/Desktop/Workspace/ml/TensorFlow/keras-frcnn/images/ROIorig/wheelchair_28.jpg,69,76,163,245,wheelchair
/home/inavarro/Desktop/Workspace/ml/TensorFlow/keras-frcnn/images/ROIorig/wheelchair_286.jpg,157,15,267,256,wheelchair
/home/inavarro/Desktop/Workspace/ml/TensorFlow/keras-frcnn/images/ROIorig/wheelchair_57.jpg,18,291,253,283,wheelchair
/home/inavarro/Desktop/Workspace/ml/TensorFlow/keras-frcnn/images/ROIorig/wheelchair_31.jpg,34,7,175,217,wheelchair
/home/inavarro/Desktop/Workspace/ml/TensorFlow/keras-frcnn/images/ROIorig/wheelchair_102.jpg,97,205,286,251,wheelchair
/home/inavarro/Desktop/Workspace/ml/TensorFlow/keras-frcnn/images/ROIorig/wheelchair_248.jpg,23,49,186,249,wheelchair
/home/inavarro/Desktop/Workspace/ml/TensorFlow/keras-frcnn/images/ROIorig/wheelchair_371.jpg,134,200,197,158,wheelchair
/home/inavarro/Desktop/Workspace/ml/TensorFlow/keras-frcnn/images/ROIorig/wheelchair_378.jpg,66,141,93,67,wheelchair
/home/inavarro/Desktop/Workspace/ml/TensorFlow/keras-frcnn/images/ROIorig/wheelchair_68.jpg,232,229,231,171,wheelchair
/home/inavarro/Desktop/Workspace/ml/TensorFlow/keras-frcnn/images/ROIorig/wheelchair_251.jpg,129,54,343,329,wheelchair
/home/inavarro/Desktop/Workspace/ml/TensorFlow/keras-frcnn/images/ROIorig/wheelchair_364.jpg,5,68,243,193,wheelchair
/home/inavarro/Desktop/Workspace/ml/TensorFlow/keras-frcnn/images/ROIorig/wheelchair_20.jpg,55,23,145,210,wheelchair
/home/inavarro/Desktop/Workspace/ml/TensorFlow/keras-frcnn/images/ROIorig/wheelchair_18.jpg,7,9,192,214,wheelchair
/home/inavarro/Desktop/Workspace/ml/TensorFlow/keras-frcnn/images/ROIorig/wheelchair_153.jpg,55,229,267,277,wheelchair
/home/inavarro/Desktop/Workspace/ml/TensorFlow/keras-frcnn/images/ROIorig/wheelchair_146.jpg,46,85,660,691,wheelchair
/home/inavarro/Desktop/Workspace/ml/TensorFlow/keras-frcnn/images/ROIorig/wheelchair_201.jpg,29,167,48,54,wheelchair
/home/inavarro/Desktop/Workspace/ml/TensorFlow/keras-frcnn/images/ROIorig/wheelchair_266.jpg,221,261,132,153,wheelchair
/home/inavarro/Desktop/Workspace/ml/TensorFlow/keras-frcnn/images/ROIorig/wheelchair_374.jpg,44,150,143,163,wheelchair
/home/inavarro/Desktop/Workspace/ml/TensorFlow/keras-frcnn/images/ROIorig/wheelchair_189.jpg,7,82,68,65,wheelchair
/home/inavarro/Desktop/Workspace/ml/TensorFlow/keras-frcnn/images/ROIorig/wheelchair_262.jpg,102,332,389,317,wheelchair
/home/inavarro/Desktop/Workspace/ml/TensorFlow/keras-frcnn/images/ROIorig/wheelchair_288.jpg,23,11,231,293,wheelchair
/home/inavarro/Desktop/Workspace/ml/TensorFlow/keras-frcnn/images/ROIorig/wheelchair_293.jpg,1,120,188,145,wheelchair
/home/inavarro/Desktop/Workspace/ml/TensorFlow/keras-frcnn/images/ROIorig/wheelchair_171.jpg,278,257,266,190,wheelchair
/home/inavarro/Desktop/Workspace/ml/TensorFlow/keras-frcnn/images/ROIorig/wheelchair_304.jpg,249,157,163,161,wheelchair
/home/inavarro/Desktop/Workspace/ml/TensorFlow/keras-frcnn/images/ROIorig/wheelchair_142.jpg,127,171,208,159,wheelchair
/home/inavarro/Desktop/Workspace/ml/TensorFlow/keras-frcnn/images/ROIorig/wheelchair_85.jpg,111,390,363,308,wheelchair
/home/inavarro/Desktop/Workspace/ml/TensorFlow/keras-frcnn/images/ROIorig/wheelchair_308.jpg,130,326,169,139,wheelchair
/home/inavarro/Desktop/Workspace/ml/TensorFlow/keras-frcnn/images/ROIorig/wheelchair_407.jpg,237,109,241,212,wheelchair
/home/inavarro/Desktop/Workspace/ml/TensorFlow/keras-frcnn/images/ROIorig/wheelchair_82.jpg,127,10,420,582,wheelchair
/home/inavarro/Desktop/Workspace/ml/TensorFlow/keras-frcnn/images/ROIorig/wheelchair_125.jpg,26,8,254,283,wheelchair
/home/inavarro/Desktop/Workspace/ml/TensorFlow/keras-frcnn/images/ROIorig/wheelchair_105.jpg,33,179,291,266,wheelchair
/home/inavarro/Desktop/Workspace/ml/TensorFlow/keras-frcnn/images/ROIorig/wheelchair_367.jpg,60,154,221,265,wheelchair
/home/inavarro/Desktop/Workspace/ml/TensorFlow/keras-frcnn/images/ROIorig/wheelchair_90.jpg,49,349,212,281,wheelchair
/home/inavarro/Desktop/Workspace/ml/TensorFlow/keras-frcnn/images/ROIorig/wheelchair_143.jpg,45,13,188,151,wheelchair
/home/inavarro/Desktop/Workspace/ml/TensorFlow/keras-frcnn/images/ROIorig/wheelchair_346.jpg,63,78,257,261,wheelchair
/home/inavarro/Desktop/Workspace/ml/TensorFlow/keras-frcnn/images/ROIorig/wheelchair_344.jpg,353,199,427,461,wheelchair
/home/inavarro/Desktop/Workspace/ml/TensorFlow/keras-frcnn/images/ROIorig/wheelchair_39.jpg,54,119,491,434,wheelchair
/home/inavarro/Desktop/Workspace/ml/TensorFlow/keras-frcnn/images/ROIorig/wheelchair_404.jpg,18,29,174,208,wheelchair
/home/inavarro/Desktop/Workspace/ml/TensorFlow/keras-frcnn/images/ROIorig/wheelchair_306.jpg,319,176,106,95,wheelchair
/home/inavarro/Desktop/Workspace/ml/TensorFlow/keras-frcnn/images/ROIorig/wheelchair_41.jpg,2,26,354,405,wheelchair
/home/inavarro/Desktop/Workspace/ml/TensorFlow/keras-frcnn/images/ROIorig/wheelchair_167.jpg,127,138,93,76,wheelchair
/home/inavarro/Desktop/Workspace/ml/TensorFlow/keras-frcnn/images/ROIorig/wheelchair_5.jpg,165,230,151,126,wheelchair
/home/inavarro/Desktop/Workspace/ml/TensorFlow/keras-frcnn/images/ROIorig/wheelchair_297.jpg,72,118,140,94,wheelchair
/home/inavarro/Desktop/Workspace/ml/TensorFlow/keras-frcnn/images/ROIorig/wheelchair_99.jpg,104,33,230,261,wheelchair
/home/inavarro/Desktop/Workspace/ml/TensorFlow/keras-frcnn/images/ROIorig/wheelchair_96.jpg,30,40,178,235,wheelchair
/home/inavarro/Desktop/Workspace/ml/TensorFlow/keras-frcnn/images/ROIorig/wheelchair_107.jpg,153,158,165,169,wheelchair
/home/inavarro/Desktop/Workspace/ml/TensorFlow/keras-frcnn/images/ROIorig/wheelchair_298.jpg,127,102,91,133,wheelchair
/home/inavarro/Desktop/Workspace/ml/TensorFlow/keras-frcnn/images/ROIorig/wheelchair_214.jpg,13,6,98,130,wheelchair
/home/inavarro/Desktop/Workspace/ml/TensorFlow/keras-frcnn/images/ROIorig/wheelchair_50.jpg,48,180,300,294,wheelchair
/home/inavarro/Desktop/Workspace/ml/TensorFlow/keras-frcnn/images/ROIorig/wheelchair_79.jpg,186,214,234,196,wheelchair
/home/inavarro/Desktop/Workspace/ml/TensorFlow/keras-frcnn/images/ROIorig/wheelchair_231.jpg,10,6,215,297,wheelchair
/home/inavarro/Desktop/Workspace/ml/TensorFlow/keras-frcnn/images/ROIorig/wheelchair_328.jpg,174,177,171,152,wheelchair
/home/inavarro/Desktop/Workspace/ml/TensorFlow/keras-frcnn/images/ROIorig/wheelchair_340.jpg,115,463,369,305,wheelchair
/home/inavarro/Desktop/Workspace/ml/TensorFlow/keras-frcnn/images/ROIorig/wheelchair_278.jpg,229,297,255,269,wheelchair
/home/inavarro/Desktop/Workspace/ml/TensorFlow/keras-frcnn/images/ROIorig/wheelchair_283.jpg,18,75,94,94,wheelchair
/home/inavarro/Desktop/Workspace/ml/TensorFlow/keras-frcnn/images/ROIorig/wheelchair_22.jpg,39,89,120,100,wheelchair
/home/inavarro/Desktop/Workspace/ml/TensorFlow/keras-frcnn/images/ROIorig/wheelchair_426.jpg,76,129,110,86,wheelchair
/home/inavarro/Desktop/Workspace/ml/TensorFlow/keras-frcnn/images/ROIorig/wheelchair_159.jpg,105,161,227,177,wheelchair
/home/inavarro/Desktop/Workspace/ml/TensorFlow/keras-frcnn/images/ROIorig/wheelchair_32.jpg,73,114,297,240,wheelchair
/home/inavarro/Desktop/Workspace/ml/TensorFlow/keras-frcnn/images/ROIorig/wheelchair_161.jpg,167,182,179,186,wheelchair
/home/inavarro/Desktop/Workspace/ml/TensorFlow/keras-frcnn/images/ROIorig/wheelchair_191.jpg,121,246,252,185,wheelchair
/home/inavarro/Desktop/Workspace/ml/TensorFlow/keras-frcnn/images/ROIorig/wheelchair_420.jpg,119,74,156,138,wheelchair
/home/inavarro/Desktop/Workspace/ml/TensorFlow/keras-frcnn/images/ROIorig/wheelchair_259.jpg,410,265,229,218,wheelchair
/home/inavarro/Desktop/Workspace/ml/TensorFlow/keras-frcnn/images/ROIorig/wheelchair_272.jpg,81,42,588,641,wheelchair
/home/inavarro/Desktop/Workspace/ml/TensorFlow/keras-frcnn/images/ROIorig/wheelchair_89.jpg,45,38,207,231,wheelchair
/home/inavarro/Desktop/Workspace/ml/TensorFlow/keras-frcnn/images/ROIorig/wheelchair_342.jpg,96,109,484,303,wheelchair
/home/inavarro/Desktop/Workspace/ml/TensorFlow/keras-frcnn/images/ROIorig/wheelchair_44.jpg,24,57,264,322,wheelchair
/home/inavarro/Desktop/Workspace/ml/TensorFlow/keras-frcnn/images/ROIorig/wheelchair_351.jpg,146,42,215,195,wheelchair
/home/inavarro/Desktop/Workspace/ml/TensorFlow/keras-frcnn/images/ROIorig/wheelchair_130.jpg,181,58,380,466,wheelchair
/home/inavarro/Desktop/Workspace/ml/TensorFlow/keras-frcnn/images/ROIorig/wheelchair_242.jpg,65,78,299,348,wheelchair
/home/inavarro/Desktop/Workspace/ml/TensorFlow/keras-frcnn/images/ROIorig/wheelchair_66.jpg,141,237,199,232,wheelchair
/home/inavarro/Desktop/Workspace/ml/TensorFlow/keras-frcnn/images/ROIorig/wheelchair_24.jpg,33,20,227,288,wheelchair
/home/inavarro/Desktop/Workspace/ml/TensorFlow/keras-frcnn/images/ROIorig/wheelchair_183.jpg,273,197,197,177,wheelchair
/home/inavarro/Desktop/Workspace/ml/TensorFlow/keras-frcnn/images/ROIorig/wheelchair_45.jpg,13,75,126,112,wheelchair
/home/inavarro/Desktop/Workspace/ml/TensorFlow/keras-frcnn/images/ROIorig/wheelchair_263.jpg,42,23,335,334,wheelchair
/home/inavarro/Desktop/Workspace/ml/TensorFlow/keras-frcnn/images/ROIorig/wheelchair_211.jpg,33,102,419,637,wheelchair
/home/inavarro/Desktop/Workspace/ml/TensorFlow/keras-frcnn/images/ROIorig/wheelchair_399.jpg,265,370,447,271,wheelchair
/home/inavarro/Desktop/Workspace/ml/TensorFlow/keras-frcnn/images/ROIorig/wheelchair_3.jpg,422,490,456,333,wheelchair
/home/inavarro/Desktop/Workspace/ml/TensorFlow/keras-frcnn/images/ROIorig/wheelchair_332.jpg,146,116,173,176,wheelchair
/home/inavarro/Desktop/Workspace/ml/TensorFlow/keras-frcnn/images/ROIorig/wheelchair_289.jpg,180,118,142,120,wheelchair
/home/inavarro/Desktop/Workspace/ml/TensorFlow/keras-frcnn/images/ROIorig/wheelchair_195.jpg,96,29,236,272,wheelchair
/home/inavarro/Desktop/Workspace/ml/TensorFlow/keras-frcnn/images/ROIorig/wheelchair_198.jpg,83,309,349,311,wheelchair
/home/inavarro/Desktop/Workspace/ml/TensorFlow/keras-frcnn/images/ROIorig/wheelchair_401.jpg,11,91,133,93,wheelchair
/home/inavarro/Desktop/Workspace/ml/TensorFlow/keras-frcnn/images/ROIorig/wheelchair_229.jpg,49,10,158,231,wheelchair
/home/inavarro/Desktop/Workspace/ml/TensorFlow/keras-frcnn/images/ROIorig/wheelchair_75.jpg,23,51,263,310,wheelchair
