/home/inavarro/Desktop/Workspace/ml/TensorFlow/wheelchair_files/ROI227_wc/wheelchair_670.jpg,7,35,168,178,wheelchair
/home/inavarro/Desktop/Workspace/ml/TensorFlow/wheelchair_files/ROI227_wc/wheelchair_189.jpg,36,63,260,315,wheelchair
/home/inavarro/Desktop/Workspace/ml/TensorFlow/wheelchair_files/ROI227_wc/wheelchair_256.jpg,190,117,288,195,wheelchair
/home/inavarro/Desktop/Workspace/ml/TensorFlow/wheelchair_files/ROI227_wc/wheelchair_502.jpg,32,16,256,276,wheelchair
/home/inavarro/Desktop/Workspace/ml/TensorFlow/wheelchair_files/ROI227_wc/wheelchair_106.jpg,7,177,131,292,wheelchair
/home/inavarro/Desktop/Workspace/ml/TensorFlow/wheelchair_files/ROI227_wc/wheelchair_4.jpg,132,90,266,182,wheelchair
/home/inavarro/Desktop/Workspace/ml/TensorFlow/wheelchair_files/ROI227_wc/wheelchair_181.jpg,91,116,200,214,wheelchair
/home/inavarro/Desktop/Workspace/ml/TensorFlow/wheelchair_files/ROI227_wc/wheelchair_319.jpg,61,59,276,294,wheelchair
/home/inavarro/Desktop/Workspace/ml/TensorFlow/wheelchair_files/ROI227_wc/wheelchair_456.jpg,136,105,247,203,wheelchair
/home/inavarro/Desktop/Workspace/ml/TensorFlow/wheelchair_files/ROI227_wc/wheelchair_334.jpg,74,46,314,298,wheelchair
/home/inavarro/Desktop/Workspace/ml/TensorFlow/wheelchair_files/ROI227_wc/wheelchair_697.jpg,14,134,231,312,wheelchair
/home/inavarro/Desktop/Workspace/ml/TensorFlow/wheelchair_files/ROI227_wc/wheelchair_424.jpg,82,4,248,193,wheelchair
/home/inavarro/Desktop/Workspace/ml/TensorFlow/wheelchair_files/ROI227_wc/wheelchair_372.jpg,46,23,267,283,wheelchair
/home/inavarro/Desktop/Workspace/ml/TensorFlow/wheelchair_files/ROI227_wc/wheelchair_467.jpg,116,153,295,321,wheelchair
/home/inavarro/Desktop/Workspace/ml/TensorFlow/wheelchair_files/ROI227_wc/wheelchair_145.jpg,75,91,217,236,wheelchair
/home/inavarro/Desktop/Workspace/ml/TensorFlow/wheelchair_files/ROI227_wc/wheelchair_270.jpg,49,53,242,318,wheelchair
/home/inavarro/Desktop/Workspace/ml/TensorFlow/wheelchair_files/ROI227_wc/wheelchair_513.jpg,64,7,321,283,wheelchair
/home/inavarro/Desktop/Workspace/ml/TensorFlow/wheelchair_files/ROI227_wc/wheelchair_243.jpg,129,121,288,214,wheelchair
/home/inavarro/Desktop/Workspace/ml/TensorFlow/wheelchair_files/ROI227_wc/wheelchair_408.jpg,210,152,289,214,wheelchair
/home/inavarro/Desktop/Workspace/ml/TensorFlow/wheelchair_files/ROI227_wc/wheelchair_392.jpg,20,58,226,305,wheelchair
/home/inavarro/Desktop/Workspace/ml/TensorFlow/wheelchair_files/ROI227_wc/wheelchair_704.jpg,25,43,183,241,wheelchair
/home/inavarro/Desktop/Workspace/ml/TensorFlow/wheelchair_files/ROI227_wc/wheelchair_373.jpg,3,37,254,304,wheelchair
/home/inavarro/Desktop/Workspace/ml/TensorFlow/wheelchair_files/ROI227_wc/wheelchair_249.jpg,96,54,236,199,wheelchair
/home/inavarro/Desktop/Workspace/ml/TensorFlow/wheelchair_files/ROI227_wc/wheelchair_140.jpg,142,121,199,198,wheelchair
/home/inavarro/Desktop/Workspace/ml/TensorFlow/wheelchair_files/ROI227_wc/wheelchair_593.jpg,28,61,110,132,wheelchair
/home/inavarro/Desktop/Workspace/ml/TensorFlow/wheelchair_files/ROI227_wc/wheelchair_304.jpg,14,70,180,251,wheelchair
/home/inavarro/Desktop/Workspace/ml/TensorFlow/wheelchair_files/ROI227_wc/wheelchair_387.jpg,24,28,257,310,wheelchair
/home/inavarro/Desktop/Workspace/ml/TensorFlow/wheelchair_files/ROI227_wc/wheelchair_77.jpg,124,91,218,175,wheelchair
/home/inavarro/Desktop/Workspace/ml/TensorFlow/wheelchair_files/ROI227_wc/wheelchair_468.jpg,185,99,262,217,wheelchair
/home/inavarro/Desktop/Workspace/ml/TensorFlow/wheelchair_files/ROI227_wc/wheelchair_496.jpg,46,108,165,216,wheelchair
/home/inavarro/Desktop/Workspace/ml/TensorFlow/wheelchair_files/ROI227_wc/wheelchair_131.jpg,66,109,202,215,wheelchair
/home/inavarro/Desktop/Workspace/ml/TensorFlow/wheelchair_files/ROI227_wc/wheelchair_142.jpg,35,126,100,218,wheelchair
/home/inavarro/Desktop/Workspace/ml/TensorFlow/wheelchair_files/ROI227_wc/wheelchair_707.jpg,188,108,306,231,wheelchair
/home/inavarro/Desktop/Workspace/ml/TensorFlow/wheelchair_files/ROI227_wc/wheelchair_649.jpg,111,150,209,280,wheelchair
/home/inavarro/Desktop/Workspace/ml/TensorFlow/wheelchair_files/ROI227_wc/wheelchair_267.jpg,41,123,178,214,wheelchair
/home/inavarro/Desktop/Workspace/ml/TensorFlow/wheelchair_files/ROI227_wc/wheelchair_401.jpg,88,161,196,241,wheelchair
/home/inavarro/Desktop/Workspace/ml/TensorFlow/wheelchair_files/ROI227_wc/wheelchair_341.jpg,20,52,287,321,wheelchair
/home/inavarro/Desktop/Workspace/ml/TensorFlow/wheelchair_files/ROI227_wc/wheelchair_461.jpg,110,119,229,240,wheelchair
/home/inavarro/Desktop/Workspace/ml/TensorFlow/wheelchair_files/ROI227_wc/wheelchair_480.jpg,21,74,257,317,wheelchair
/home/inavarro/Desktop/Workspace/ml/TensorFlow/wheelchair_files/ROI227_wc/wheelchair_246.jpg,92,103,230,233,wheelchair
/home/inavarro/Desktop/Workspace/ml/TensorFlow/wheelchair_files/ROI227_wc/wheelchair_253.jpg,96,101,211,207,wheelchair
/home/inavarro/Desktop/Workspace/ml/TensorFlow/wheelchair_files/ROI227_wc/wheelchair_300.jpg,83,36,277,251,wheelchair
/home/inavarro/Desktop/Workspace/ml/TensorFlow/wheelchair_files/ROI227_wc/wheelchair_450.jpg,118,180,262,430,wheelchair
/home/inavarro/Desktop/Workspace/ml/TensorFlow/wheelchair_files/ROI227_wc/wheelchair_450.jpg,203,1,273,64,wheelchair
/home/inavarro/Desktop/Workspace/ml/TensorFlow/wheelchair_files/ROI227_wc/wheelchair_527.jpg,5,7,263,292,wheelchair
/home/inavarro/Desktop/Workspace/ml/TensorFlow/wheelchair_files/ROI227_wc/wheelchair_477.jpg,123,138,206,241,wheelchair
/home/inavarro/Desktop/Workspace/ml/TensorFlow/wheelchair_files/ROI227_wc/wheelchair_438.jpg,41,137,175,313,wheelchair
/home/inavarro/Desktop/Workspace/ml/TensorFlow/wheelchair_files/ROI227_wc/wheelchair_379.jpg,60,51,254,305,wheelchair
/home/inavarro/Desktop/Workspace/ml/TensorFlow/wheelchair_files/ROI227_wc/wheelchair_100.jpg,62,48,304,267,wheelchair
/home/inavarro/Desktop/Workspace/ml/TensorFlow/wheelchair_files/ROI227_wc/wheelchair_104.jpg,68,115,134,195,wheelchair
/home/inavarro/Desktop/Workspace/ml/TensorFlow/wheelchair_files/ROI227_wc/wheelchair_366.jpg,33,145,215,277,wheelchair
/home/inavarro/Desktop/Workspace/ml/TensorFlow/wheelchair_files/ROI227_wc/wheelchair_580.jpg,54,102,119,199,wheelchair
/home/inavarro/Desktop/Workspace/ml/TensorFlow/wheelchair_files/ROI227_wc/wheelchair_580.jpg,255,95,351,221,wheelchair
/home/inavarro/Desktop/Workspace/ml/TensorFlow/wheelchair_files/ROI227_wc/wheelchair_214.jpg,42,159,178,280,wheelchair
/home/inavarro/Desktop/Workspace/ml/TensorFlow/wheelchair_files/ROI227_wc/wheelchair_687.jpg,137,121,258,211,wheelchair
/home/inavarro/Desktop/Workspace/ml/TensorFlow/wheelchair_files/ROI227_wc/wheelchair_641.jpg,31,145,207,318,wheelchair
/home/inavarro/Desktop/Workspace/ml/TensorFlow/wheelchair_files/ROI227_wc/wheelchair_568.jpg,25,90,285,283,wheelchair
/home/inavarro/Desktop/Workspace/ml/TensorFlow/wheelchair_files/ROI227_wc/wheelchair_95.jpg,32,122,171,210,wheelchair
/home/inavarro/Desktop/Workspace/ml/TensorFlow/wheelchair_files/ROI227_wc/wheelchair_400.jpg,137,64,222,182,wheelchair
/home/inavarro/Desktop/Workspace/ml/TensorFlow/wheelchair_files/ROI227_wc/wheelchair_569.jpg,74,4,227,195,wheelchair
/home/inavarro/Desktop/Workspace/ml/TensorFlow/wheelchair_files/ROI227_wc/wheelchair_539.jpg,20,6,230,316,wheelchair
/home/inavarro/Desktop/Workspace/ml/TensorFlow/wheelchair_files/ROI227_wc/wheelchair_328.jpg,40,89,185,227,wheelchair
/home/inavarro/Desktop/Workspace/ml/TensorFlow/wheelchair_files/ROI227_wc/wheelchair_557.jpg,72,112,151,224,wheelchair
/home/inavarro/Desktop/Workspace/ml/TensorFlow/wheelchair_files/ROI227_wc/wheelchair_423.jpg,153,125,241,246,wheelchair
/home/inavarro/Desktop/Workspace/ml/TensorFlow/wheelchair_files/ROI227_wc/wheelchair_137.jpg,79,162,186,265,wheelchair
/home/inavarro/Desktop/Workspace/ml/TensorFlow/wheelchair_files/ROI227_wc/wheelchair_420.jpg,103,101,181,171,wheelchair
/home/inavarro/Desktop/Workspace/ml/TensorFlow/wheelchair_files/ROI227_wc/wheelchair_459.jpg,114,91,215,174,wheelchair
/home/inavarro/Desktop/Workspace/ml/TensorFlow/wheelchair_files/ROI227_wc/wheelchair_482.jpg,7,121,115,255,wheelchair
/home/inavarro/Desktop/Workspace/ml/TensorFlow/wheelchair_files/ROI227_wc/wheelchair_642.jpg,8,159,115,297,wheelchair
/home/inavarro/Desktop/Workspace/ml/TensorFlow/wheelchair_files/ROI227_wc/wheelchair_403.jpg,61,177,187,321,wheelchair
/home/inavarro/Desktop/Workspace/ml/TensorFlow/wheelchair_files/ROI227_wc/wheelchair_173.jpg,103,91,217,212,wheelchair
/home/inavarro/Desktop/Workspace/ml/TensorFlow/wheelchair_files/ROI227_wc/wheelchair_428.jpg,111,126,201,217,wheelchair
/home/inavarro/Desktop/Workspace/ml/TensorFlow/wheelchair_files/ROI227_wc/wheelchair_362.jpg,36,50,236,316,wheelchair
/home/inavarro/Desktop/Workspace/ml/TensorFlow/wheelchair_files/ROI227_wc/wheelchair_96.jpg,58,153,181,267,wheelchair
/home/inavarro/Desktop/Workspace/ml/TensorFlow/wheelchair_files/ROI227_wc/wheelchair_284.jpg,97,28,248,231,wheelchair
/home/inavarro/Desktop/Workspace/ml/TensorFlow/wheelchair_files/ROI227_wc/wheelchair_579.jpg,11,99,139,203,wheelchair
/home/inavarro/Desktop/Workspace/ml/TensorFlow/wheelchair_files/ROI227_wc/wheelchair_229.jpg,111,122,280,282,wheelchair
/home/inavarro/Desktop/Workspace/ml/TensorFlow/wheelchair_files/ROI227_wc/wheelchair_198.jpg,44,174,208,304,wheelchair
/home/inavarro/Desktop/Workspace/ml/TensorFlow/wheelchair_files/ROI227_wc/wheelchair_698.jpg,4,95,238,298,wheelchair
/home/inavarro/Desktop/Workspace/ml/TensorFlow/wheelchair_files/ROI227_wc/wheelchair_116.jpg,22,164,237,321,wheelchair
/home/inavarro/Desktop/Workspace/ml/TensorFlow/wheelchair_files/ROI227_wc/wheelchair_176.jpg,12,148,221,318,wheelchair
/home/inavarro/Desktop/Workspace/ml/TensorFlow/wheelchair_files/ROI227_wc/wheelchair_139.jpg,110,93,260,193,wheelchair
/home/inavarro/Desktop/Workspace/ml/TensorFlow/wheelchair_files/ROI227_wc/wheelchair_73.jpg,110,102,223,225,wheelchair
/home/inavarro/Desktop/Workspace/ml/TensorFlow/wheelchair_files/ROI227_wc/wheelchair_643.jpg,9,56,131,212,wheelchair
/home/inavarro/Desktop/Workspace/ml/TensorFlow/wheelchair_files/ROI227_wc/wheelchair_85.jpg,53,112,177,223,wheelchair
/home/inavarro/Desktop/Workspace/ml/TensorFlow/wheelchair_files/ROI227_wc/wheelchair_199.jpg,52,185,214,316,wheelchair
/home/inavarro/Desktop/Workspace/ml/TensorFlow/wheelchair_files/ROI227_wc/wheelchair_274.jpg,1,53,198,269,wheelchair
/home/inavarro/Desktop/Workspace/ml/TensorFlow/wheelchair_files/ROI227_wc/wheelchair_44.jpg,82,77,148,144,wheelchair
/home/inavarro/Desktop/Workspace/ml/TensorFlow/wheelchair_files/ROI227_wc/wheelchair_44.jpg,218,68,323,199,wheelchair
/home/inavarro/Desktop/Workspace/ml/TensorFlow/wheelchair_files/ROI227_wc/wheelchair_117.jpg,122,113,207,192,wheelchair
/home/inavarro/Desktop/Workspace/ml/TensorFlow/wheelchair_files/ROI227_wc/wheelchair_275.jpg,30,20,258,307,wheelchair
/home/inavarro/Desktop/Workspace/ml/TensorFlow/wheelchair_files/ROI227_wc/wheelchair_648.jpg,154,27,311,232,wheelchair
/home/inavarro/Desktop/Workspace/ml/TensorFlow/wheelchair_files/ROI227_wc/wheelchair_525.jpg,58,9,292,310,wheelchair
/home/inavarro/Desktop/Workspace/ml/TensorFlow/wheelchair_files/ROI227_wc/wheelchair_634.jpg,93,113,253,241,wheelchair
/home/inavarro/Desktop/Workspace/ml/TensorFlow/wheelchair_files/ROI227_wc/wheelchair_149.jpg,124,92,262,201,wheelchair
/home/inavarro/Desktop/Workspace/ml/TensorFlow/wheelchair_files/ROI227_wc/wheelchair_126.jpg,148,111,262,207,wheelchair
/home/inavarro/Desktop/Workspace/ml/TensorFlow/wheelchair_files/ROI227_wc/wheelchair_41.jpg,51,175,174,312,wheelchair
/home/inavarro/Desktop/Workspace/ml/TensorFlow/wheelchair_files/ROI227_wc/wheelchair_306.jpg,56,23,232,201,wheelchair
/home/inavarro/Desktop/Workspace/ml/TensorFlow/wheelchair_files/ROI227_wc/wheelchair_97.jpg,11,167,172,297,wheelchair
/home/inavarro/Desktop/Workspace/ml/TensorFlow/wheelchair_files/ROI227_wc/wheelchair_629.jpg,103,115,299,279,wheelchair
/home/inavarro/Desktop/Workspace/ml/TensorFlow/wheelchair_files/ROI227_wc/wheelchair_251.jpg,36,74,150,167,wheelchair
/home/inavarro/Desktop/Workspace/ml/TensorFlow/wheelchair_files/ROI227_wc/wheelchair_175.jpg,14,163,216,314,wheelchair
/home/inavarro/Desktop/Workspace/ml/TensorFlow/wheelchair_files/ROI227_wc/wheelchair_498.jpg,44,12,288,311,wheelchair
/home/inavarro/Desktop/Workspace/ml/TensorFlow/wheelchair_files/ROI227_wc/wheelchair_303.jpg,24,18,247,287,wheelchair
/home/inavarro/Desktop/Workspace/ml/TensorFlow/wheelchair_files/ROI227_wc/wheelchair_578.jpg,111,46,265,254,wheelchair
/home/inavarro/Desktop/Workspace/ml/TensorFlow/wheelchair_files/ROI227_wc/wheelchair_156.jpg,29,80,145,149,wheelchair
/home/inavarro/Desktop/Workspace/ml/TensorFlow/wheelchair_files/ROI227_wc/wheelchair_491.jpg,4,9,220,306,wheelchair
/home/inavarro/Desktop/Workspace/ml/TensorFlow/wheelchair_files/ROI227_wc/wheelchair_201.jpg,17,171,161,321,wheelchair
/home/inavarro/Desktop/Workspace/ml/TensorFlow/wheelchair_files/ROI227_wc/wheelchair_415.jpg,146,89,278,191,wheelchair
/home/inavarro/Desktop/Workspace/ml/TensorFlow/wheelchair_files/ROI227_wc/wheelchair_172.jpg,135,106,210,171,wheelchair
/home/inavarro/Desktop/Workspace/ml/TensorFlow/wheelchair_files/ROI227_wc/wheelchair_110.jpg,82,190,229,306,wheelchair
/home/inavarro/Desktop/Workspace/ml/TensorFlow/wheelchair_files/ROI227_wc/wheelchair_283.jpg,13,27,282,292,wheelchair
/home/inavarro/Desktop/Workspace/ml/TensorFlow/wheelchair_files/ROI227_wc/wheelchair_606.jpg,41,192,207,321,wheelchair
/home/inavarro/Desktop/Workspace/ml/TensorFlow/wheelchair_files/ROI227_wc/wheelchair_443.jpg,98,221,170,314,wheelchair
/home/inavarro/Desktop/Workspace/ml/TensorFlow/wheelchair_files/ROI227_wc/wheelchair_98.jpg,52,142,149,303,wheelchair
/home/inavarro/Desktop/Workspace/ml/TensorFlow/wheelchair_files/ROI227_wc/wheelchair_646.jpg,58,67,288,310,wheelchair
/home/inavarro/Desktop/Workspace/ml/TensorFlow/wheelchair_files/ROI227_wc/wheelchair_521.jpg,18,36,253,269,wheelchair
/home/inavarro/Desktop/Workspace/ml/TensorFlow/wheelchair_files/ROI227_wc/wheelchair_538.jpg,56,32,249,254,wheelchair
/home/inavarro/Desktop/Workspace/ml/TensorFlow/wheelchair_files/ROI227_wc/wheelchair_260.jpg,124,115,272,248,wheelchair
/home/inavarro/Desktop/Workspace/ml/TensorFlow/wheelchair_files/ROI227_wc/wheelchair_635.jpg,49,142,269,309,wheelchair
/home/inavarro/Desktop/Workspace/ml/TensorFlow/wheelchair_files/ROI227_wc/wheelchair_269.jpg,45,109,195,270,wheelchair
/home/inavarro/Desktop/Workspace/ml/TensorFlow/wheelchair_files/ROI227_wc/wheelchair_483.jpg,17,163,145,302,wheelchair
/home/inavarro/Desktop/Workspace/ml/TensorFlow/wheelchair_files/ROI227_wc/wheelchair_143.jpg,87,87,216,205,wheelchair
/home/inavarro/Desktop/Workspace/ml/TensorFlow/wheelchair_files/ROI227_wc/wheelchair_321.jpg,55,8,262,312,wheelchair
/home/inavarro/Desktop/Workspace/ml/TensorFlow/wheelchair_files/ROI227_wc/wheelchair_315.jpg,49,48,285,297,wheelchair
/home/inavarro/Desktop/Workspace/ml/TensorFlow/wheelchair_files/ROI227_wc/wheelchair_76.jpg,12,13,290,299,wheelchair
/home/inavarro/Desktop/Workspace/ml/TensorFlow/wheelchair_files/ROI227_wc/wheelchair_72.jpg,82,119,234,212,wheelchair
/home/inavarro/Desktop/Workspace/ml/TensorFlow/wheelchair_files/ROI227_wc/wheelchair_402.jpg,29,17,309,321,wheelchair
/home/inavarro/Desktop/Workspace/ml/TensorFlow/wheelchair_files/ROI227_wc/wheelchair_523.jpg,11,71,154,289,wheelchair
/home/inavarro/Desktop/Workspace/ml/TensorFlow/wheelchair_files/ROI227_wc/wheelchair_266.jpg,86,65,150,130,wheelchair
/home/inavarro/Desktop/Workspace/ml/TensorFlow/wheelchair_files/ROI227_wc/wheelchair_55.jpg,25,49,224,320,wheelchair
/home/inavarro/Desktop/Workspace/ml/TensorFlow/wheelchair_files/ROI227_wc/wheelchair_138.jpg,182,117,321,210,wheelchair
/home/inavarro/Desktop/Workspace/ml/TensorFlow/wheelchair_files/ROI227_wc/wheelchair_393.jpg,94,38,301,317,wheelchair
/home/inavarro/Desktop/Workspace/ml/TensorFlow/wheelchair_files/ROI227_wc/wheelchair_469.jpg,3,55,244,321,wheelchair
/home/inavarro/Desktop/Workspace/ml/TensorFlow/wheelchair_files/ROI227_wc/wheelchair_327.jpg,78,46,307,308,wheelchair
/home/inavarro/Desktop/Workspace/ml/TensorFlow/wheelchair_files/ROI227_wc/wheelchair_74.jpg,2,22,163,193,wheelchair
/home/inavarro/Desktop/Workspace/ml/TensorFlow/wheelchair_files/ROI227_wc/wheelchair_700.jpg,5,76,134,200,wheelchair
/home/inavarro/Desktop/Workspace/ml/TensorFlow/wheelchair_files/ROI227_wc/wheelchair_429.jpg,98,271,199,321,wheelchair
/home/inavarro/Desktop/Workspace/ml/TensorFlow/wheelchair_files/ROI227_wc/wheelchair_526.jpg,43,50,302,298,wheelchair
/home/inavarro/Desktop/Workspace/ml/TensorFlow/wheelchair_files/ROI227_wc/wheelchair_395.jpg,133,36,302,305,wheelchair
/home/inavarro/Desktop/Workspace/ml/TensorFlow/wheelchair_files/ROI227_wc/wheelchair_93.jpg,129,39,320,207,wheelchair
/home/inavarro/Desktop/Workspace/ml/TensorFlow/wheelchair_files/ROI227_wc/wheelchair_9.jpg,98,137,256,270,wheelchair
/home/inavarro/Desktop/Workspace/ml/TensorFlow/wheelchair_files/ROI227_wc/wheelchair_677.jpg,2,20,136,189,wheelchair
/home/inavarro/Desktop/Workspace/ml/TensorFlow/wheelchair_files/ROI227_wc/wheelchair_37.jpg,33,119,212,314,wheelchair
/home/inavarro/Desktop/Workspace/ml/TensorFlow/wheelchair_files/ROI227_wc/wheelchair_592.jpg,174,181,294,299,wheelchair
/home/inavarro/Desktop/Workspace/ml/TensorFlow/wheelchair_files/ROI227_wc/wheelchair_399.jpg,42,70,186,275,wheelchair
/home/inavarro/Desktop/Workspace/ml/TensorFlow/wheelchair_files/ROI227_wc/wheelchair_322.jpg,80,53,253,233,wheelchair
/home/inavarro/Desktop/Workspace/ml/TensorFlow/wheelchair_files/ROI227_wc/wheelchair_365.jpg,11,46,205,283,wheelchair
/home/inavarro/Desktop/Workspace/ml/TensorFlow/wheelchair_files/ROI227_wc/wheelchair_440.jpg,130,132,212,228,wheelchair
/home/inavarro/Desktop/Workspace/ml/TensorFlow/wheelchair_files/ROI227_wc/wheelchair_510.jpg,34,36,261,294,wheelchair
/home/inavarro/Desktop/Workspace/ml/TensorFlow/wheelchair_files/ROI227_wc/wheelchair_27.jpg,141,105,249,213,wheelchair
/home/inavarro/Desktop/Workspace/ml/TensorFlow/wheelchair_files/ROI227_wc/wheelchair_272.jpg,38,95,256,311,wheelchair
/home/inavarro/Desktop/Workspace/ml/TensorFlow/wheelchair_files/ROI227_wc/wheelchair_369.jpg,29,27,261,309,wheelchair
/home/inavarro/Desktop/Workspace/ml/TensorFlow/wheelchair_files/ROI227_wc/wheelchair_605.jpg,57,30,305,280,wheelchair
/home/inavarro/Desktop/Workspace/ml/TensorFlow/wheelchair_files/ROI227_wc/wheelchair_114.jpg,99,84,221,176,wheelchair
/home/inavarro/Desktop/Workspace/ml/TensorFlow/wheelchair_files/ROI227_wc/wheelchair_684.jpg,5,9,293,257,wheelchair
/home/inavarro/Desktop/Workspace/ml/TensorFlow/wheelchair_files/ROI227_wc/wheelchair_124.jpg,96,114,200,203,wheelchair
/home/inavarro/Desktop/Workspace/ml/TensorFlow/wheelchair_files/ROI227_wc/wheelchair_224.jpg,169,116,258,229,wheelchair
/home/inavarro/Desktop/Workspace/ml/TensorFlow/wheelchair_files/ROI227_wc/wheelchair_239.jpg,157,73,274,181,wheelchair
/home/inavarro/Desktop/Workspace/ml/TensorFlow/wheelchair_files/ROI227_wc/wheelchair_207.jpg,10,168,159,312,wheelchair
/home/inavarro/Desktop/Workspace/ml/TensorFlow/wheelchair_files/ROI227_wc/wheelchair_518.jpg,9,49,234,315,wheelchair
/home/inavarro/Desktop/Workspace/ml/TensorFlow/wheelchair_files/ROI227_wc/wheelchair_374.jpg,13,51,205,259,wheelchair
/home/inavarro/Desktop/Workspace/ml/TensorFlow/wheelchair_files/ROI227_wc/wheelchair_556.jpg,47,59,256,300,wheelchair
/home/inavarro/Desktop/Workspace/ml/TensorFlow/wheelchair_files/ROI227_wc/wheelchair_250.jpg,124,186,245,301,wheelchair
/home/inavarro/Desktop/Workspace/ml/TensorFlow/wheelchair_files/ROI227_wc/wheelchair_380.jpg,29,47,236,321,wheelchair
/home/inavarro/Desktop/Workspace/ml/TensorFlow/wheelchair_files/ROI227_wc/wheelchair_279.jpg,55,59,187,280,wheelchair
/home/inavarro/Desktop/Workspace/ml/TensorFlow/wheelchair_files/ROI227_wc/wheelchair_178.jpg,98,98,250,241,wheelchair
/home/inavarro/Desktop/Workspace/ml/TensorFlow/wheelchair_files/ROI227_wc/wheelchair_282.jpg,67,36,224,212,wheelchair
/home/inavarro/Desktop/Workspace/ml/TensorFlow/wheelchair_files/ROI227_wc/wheelchair_404.jpg,15,171,122,268,wheelchair
/home/inavarro/Desktop/Workspace/ml/TensorFlow/wheelchair_files/ROI227_wc/wheelchair_360.jpg,48,16,273,297,wheelchair
/home/inavarro/Desktop/Workspace/ml/TensorFlow/wheelchair_files/ROI227_wc/wheelchair_471.jpg,27,149,131,241,wheelchair
/home/inavarro/Desktop/Workspace/ml/TensorFlow/wheelchair_files/ROI227_wc/wheelchair_457.jpg,64,32,285,290,wheelchair
/home/inavarro/Desktop/Workspace/ml/TensorFlow/wheelchair_files/ROI227_wc/wheelchair_460.jpg,56,114,180,282,wheelchair
/home/inavarro/Desktop/Workspace/ml/TensorFlow/wheelchair_files/ROI227_wc/wheelchair_13.jpg,107,121,214,228,wheelchair
/home/inavarro/Desktop/Workspace/ml/TensorFlow/wheelchair_files/ROI227_wc/wheelchair_13.jpg,185,27,295,146,wheelchair
/home/inavarro/Desktop/Workspace/ml/TensorFlow/wheelchair_files/ROI227_wc/wheelchair_394.jpg,8,34,197,293,wheelchair
/home/inavarro/Desktop/Workspace/ml/TensorFlow/wheelchair_files/ROI227_wc/wheelchair_544.jpg,10,34,266,289,wheelchair
/home/inavarro/Desktop/Workspace/ml/TensorFlow/wheelchair_files/ROI227_wc/wheelchair_504.jpg,30,58,244,309,wheelchair
/home/inavarro/Desktop/Workspace/ml/TensorFlow/wheelchair_files/ROI227_wc/wheelchair_357.jpg,112,112,222,239,wheelchair
/home/inavarro/Desktop/Workspace/ml/TensorFlow/wheelchair_files/ROI227_wc/wheelchair_11.jpg,99,160,209,310,wheelchair
/home/inavarro/Desktop/Workspace/ml/TensorFlow/wheelchair_files/ROI227_wc/wheelchair_358.jpg,41,76,275,285,wheelchair
/home/inavarro/Desktop/Workspace/ml/TensorFlow/wheelchair_files/ROI227_wc/wheelchair_344.jpg,221,132,309,227,wheelchair
/home/inavarro/Desktop/Workspace/ml/TensorFlow/wheelchair_files/ROI227_wc/wheelchair_48.jpg,57,168,233,313,wheelchair
/home/inavarro/Desktop/Workspace/ml/TensorFlow/wheelchair_files/ROI227_wc/wheelchair_89.jpg,1,7,278,313,wheelchair
/home/inavarro/Desktop/Workspace/ml/TensorFlow/wheelchair_files/ROI227_wc/wheelchair_437.jpg,19,160,155,300,wheelchair
/home/inavarro/Desktop/Workspace/ml/TensorFlow/wheelchair_files/ROI227_wc/wheelchair_340.jpg,23,39,232,281,wheelchair
/home/inavarro/Desktop/Workspace/ml/TensorFlow/wheelchair_files/ROI227_wc/wheelchair_20.jpg,213,105,309,205,wheelchair
/home/inavarro/Desktop/Workspace/ml/TensorFlow/wheelchair_files/ROI227_wc/wheelchair_8.jpg,38,107,125,187,wheelchair
/home/inavarro/Desktop/Workspace/ml/TensorFlow/wheelchair_files/ROI227_wc/wheelchair_161.jpg,4,157,199,307,wheelchair
/home/inavarro/Desktop/Workspace/ml/TensorFlow/wheelchair_files/ROI227_wc/wheelchair_265.jpg,33,113,144,214,wheelchair
/home/inavarro/Desktop/Workspace/ml/TensorFlow/wheelchair_files/ROI227_wc/wheelchair_108.jpg,101,44,271,212,wheelchair
/home/inavarro/Desktop/Workspace/ml/TensorFlow/wheelchair_files/ROI227_wc/wheelchair_64.jpg,80,56,144,117,wheelchair
/home/inavarro/Desktop/Workspace/ml/TensorFlow/wheelchair_files/ROI227_wc/wheelchair_64.jpg,152,21,248,121,wheelchair
/home/inavarro/Desktop/Workspace/ml/TensorFlow/wheelchair_files/ROI227_wc/wheelchair_221.jpg,9,129,212,314,wheelchair
/home/inavarro/Desktop/Workspace/ml/TensorFlow/wheelchair_files/ROI227_wc/wheelchair_463.jpg,182,99,247,204,wheelchair
/home/inavarro/Desktop/Workspace/ml/TensorFlow/wheelchair_files/ROI227_wc/wheelchair_572.jpg,46,27,257,297,wheelchair
/home/inavarro/Desktop/Workspace/ml/TensorFlow/wheelchair_files/ROI227_wc/wheelchair_122.jpg,33,37,298,319,wheelchair
/home/inavarro/Desktop/Workspace/ml/TensorFlow/wheelchair_files/ROI227_wc/wheelchair_508.jpg,105,128,203,209,wheelchair
/home/inavarro/Desktop/Workspace/ml/TensorFlow/wheelchair_files/ROI227_wc/wheelchair_285.jpg,10,11,289,295,wheelchair
/home/inavarro/Desktop/Workspace/ml/TensorFlow/wheelchair_files/ROI227_wc/wheelchair_350.jpg,75,46,227,199,wheelchair
/home/inavarro/Desktop/Workspace/ml/TensorFlow/wheelchair_files/ROI227_wc/wheelchair_486.jpg,66,208,207,321,wheelchair
/home/inavarro/Desktop/Workspace/ml/TensorFlow/wheelchair_files/ROI227_wc/wheelchair_598.jpg,2,2,209,193,wheelchair
/home/inavarro/Desktop/Workspace/ml/TensorFlow/wheelchair_files/ROI227_wc/wheelchair_155.jpg,24,65,256,310,wheelchair
/home/inavarro/Desktop/Workspace/ml/TensorFlow/wheelchair_files/ROI227_wc/wheelchair_112.jpg,139,95,228,174,wheelchair
/home/inavarro/Desktop/Workspace/ml/TensorFlow/wheelchair_files/ROI227_wc/wheelchair_147.jpg,35,193,128,318,wheelchair
/home/inavarro/Desktop/Workspace/ml/TensorFlow/wheelchair_files/ROI227_wc/wheelchair_26.jpg,182,99,299,230,wheelchair
/home/inavarro/Desktop/Workspace/ml/TensorFlow/wheelchair_files/ROI227_wc/wheelchair_24.jpg,140,114,304,274,wheelchair
/home/inavarro/Desktop/Workspace/ml/TensorFlow/wheelchair_files/ROI227_wc/wheelchair_425.jpg,137,136,259,299,wheelchair
/home/inavarro/Desktop/Workspace/ml/TensorFlow/wheelchair_files/ROI227_wc/wheelchair_530.jpg,32,57,181,317,wheelchair
/home/inavarro/Desktop/Workspace/ml/TensorFlow/wheelchair_files/ROI227_wc/wheelchair_38.jpg,86,118,181,204,wheelchair
/home/inavarro/Desktop/Workspace/ml/TensorFlow/wheelchair_files/ROI227_wc/wheelchair_546.jpg,49,8,218,254,wheelchair
/home/inavarro/Desktop/Workspace/ml/TensorFlow/wheelchair_files/ROI227_wc/wheelchair_397.jpg,64,18,317,279,wheelchair
/home/inavarro/Desktop/Workspace/ml/TensorFlow/wheelchair_files/ROI227_wc/wheelchair_121.jpg,121,120,248,214,wheelchair
/home/inavarro/Desktop/Workspace/ml/TensorFlow/wheelchair_files/ROI227_wc/wheelchair_507.jpg,50,50,266,316,wheelchair
/home/inavarro/Desktop/Workspace/ml/TensorFlow/wheelchair_files/ROI227_wc/wheelchair_509.jpg,43,47,273,314,wheelchair
/home/inavarro/Desktop/Workspace/ml/TensorFlow/wheelchair_files/ROI227_wc/wheelchair_586.jpg,99,133,255,241,wheelchair
/home/inavarro/Desktop/Workspace/ml/TensorFlow/wheelchair_files/ROI227_wc/wheelchair_195.jpg,53,196,172,288,wheelchair
/home/inavarro/Desktop/Workspace/ml/TensorFlow/wheelchair_files/ROI227_wc/wheelchair_368.jpg,58,116,256,297,wheelchair
/home/inavarro/Desktop/Workspace/ml/TensorFlow/wheelchair_files/ROI227_wc/wheelchair_346.jpg,39,23,300,302,wheelchair
/home/inavarro/Desktop/Workspace/ml/TensorFlow/wheelchair_files/ROI227_wc/wheelchair_616.jpg,21,123,185,257,wheelchair
/home/inavarro/Desktop/Workspace/ml/TensorFlow/wheelchair_files/ROI227_wc/wheelchair_512.jpg,64,36,300,311,wheelchair
/home/inavarro/Desktop/Workspace/ml/TensorFlow/wheelchair_files/ROI227_wc/wheelchair_292.jpg,74,5,248,195,wheelchair
/home/inavarro/Desktop/Workspace/ml/TensorFlow/wheelchair_files/ROI227_wc/wheelchair_6.jpg,49,122,144,228,wheelchair
/home/inavarro/Desktop/Workspace/ml/TensorFlow/wheelchair_files/ROI227_wc/wheelchair_516.jpg,6,6,267,248,wheelchair
/home/inavarro/Desktop/Workspace/ml/TensorFlow/wheelchair_files/ROI227_wc/wheelchair_210.jpg,109,110,215,181,wheelchair
/home/inavarro/Desktop/Workspace/ml/TensorFlow/wheelchair_files/ROI227_wc/wheelchair_610.jpg,16,118,157,234,wheelchair
/home/inavarro/Desktop/Workspace/ml/TensorFlow/wheelchair_files/ROI227_wc/wheelchair_488.jpg,113,151,186,268,wheelchair
/home/inavarro/Desktop/Workspace/ml/TensorFlow/wheelchair_files/ROI227_wc/wheelchair_612.jpg,36,121,119,186,wheelchair
/home/inavarro/Desktop/Workspace/ml/TensorFlow/wheelchair_files/ROI227_wc/wheelchair_541.jpg,45,42,164,253,wheelchair
/home/inavarro/Desktop/Workspace/ml/TensorFlow/wheelchair_files/ROI227_wc/wheelchair_485.jpg,132,89,217,218,wheelchair
/home/inavarro/Desktop/Workspace/ml/TensorFlow/wheelchair_files/ROI227_wc/wheelchair_45.jpg,25,130,189,302,wheelchair
/home/inavarro/Desktop/Workspace/ml/TensorFlow/wheelchair_files/ROI227_wc/wheelchair_32.jpg,96,43,277,195,wheelchair
/home/inavarro/Desktop/Workspace/ml/TensorFlow/wheelchair_files/ROI227_wc/wheelchair_242.jpg,16,87,145,206,wheelchair
/home/inavarro/Desktop/Workspace/ml/TensorFlow/wheelchair_files/ROI227_wc/wheelchair_273.jpg,66,62,257,300,wheelchair
/home/inavarro/Desktop/Workspace/ml/TensorFlow/wheelchair_files/ROI227_wc/wheelchair_144.jpg,63,101,266,313,wheelchair
/home/inavarro/Desktop/Workspace/ml/TensorFlow/wheelchair_files/ROI227_wc/wheelchair_335.jpg,56,88,251,303,wheelchair
/home/inavarro/Desktop/Workspace/ml/TensorFlow/wheelchair_files/ROI227_wc/wheelchair_36.jpg,80,85,127,139,wheelchair
/home/inavarro/Desktop/Workspace/ml/TensorFlow/wheelchair_files/ROI227_wc/wheelchair_36.jpg,192,61,317,179,wheelchair
/home/inavarro/Desktop/Workspace/ml/TensorFlow/wheelchair_files/ROI227_wc/wheelchair_706.jpg,6,141,233,321,wheelchair
/home/inavarro/Desktop/Workspace/ml/TensorFlow/wheelchair_files/ROI227_wc/wheelchair_455.jpg,167,108,298,284,wheelchair
/home/inavarro/Desktop/Workspace/ml/TensorFlow/wheelchair_files/ROI227_wc/wheelchair_444.jpg,80,109,182,214,wheelchair
/home/inavarro/Desktop/Workspace/ml/TensorFlow/wheelchair_files/ROI227_wc/wheelchair_604.jpg,110,138,243,233,wheelchair
/home/inavarro/Desktop/Workspace/ml/TensorFlow/wheelchair_files/ROI227_wc/wheelchair_636.jpg,105,79,226,181,wheelchair
/home/inavarro/Desktop/Workspace/ml/TensorFlow/wheelchair_files/ROI227_wc/wheelchair_433.jpg,59,98,180,252,wheelchair
/home/inavarro/Desktop/Workspace/ml/TensorFlow/wheelchair_files/ROI227_wc/wheelchair_205.jpg,65,209,171,296,wheelchair
/home/inavarro/Desktop/Workspace/ml/TensorFlow/wheelchair_files/ROI227_wc/wheelchair_462.jpg,25,44,162,177,wheelchair
/home/inavarro/Desktop/Workspace/ml/TensorFlow/wheelchair_files/ROI227_wc/wheelchair_608.jpg,66,91,153,162,wheelchair
/home/inavarro/Desktop/Workspace/ml/TensorFlow/wheelchair_files/ROI227_wc/wheelchair_102.jpg,124,156,260,300,wheelchair
/home/inavarro/Desktop/Workspace/ml/TensorFlow/wheelchair_files/ROI227_wc/wheelchair_56.jpg,14,137,191,214,wheelchair
/home/inavarro/Desktop/Workspace/ml/TensorFlow/wheelchair_files/ROI227_wc/wheelchair_601.jpg,100,94,232,188,wheelchair
/home/inavarro/Desktop/Workspace/ml/TensorFlow/wheelchair_files/ROI227_wc/wheelchair_191.jpg,95,74,279,208,wheelchair
/home/inavarro/Desktop/Workspace/ml/TensorFlow/wheelchair_files/ROI227_wc/wheelchair_416.jpg,70,158,201,247,wheelchair
/home/inavarro/Desktop/Workspace/ml/TensorFlow/wheelchair_files/ROI227_wc/wheelchair_419.jpg,130,119,251,214,wheelchair
/home/inavarro/Desktop/Workspace/ml/TensorFlow/wheelchair_files/ROI227_wc/wheelchair_305.jpg,96,57,238,241,wheelchair
/home/inavarro/Desktop/Workspace/ml/TensorFlow/wheelchair_files/ROI227_wc/wheelchair_348.jpg,2,39,181,294,wheelchair
/home/inavarro/Desktop/Workspace/ml/TensorFlow/wheelchair_files/ROI227_wc/wheelchair_376.jpg,29,35,228,314,wheelchair
/home/inavarro/Desktop/Workspace/ml/TensorFlow/wheelchair_files/ROI227_wc/wheelchair_626.jpg,49,161,229,314,wheelchair
/home/inavarro/Desktop/Workspace/ml/TensorFlow/wheelchair_files/ROI227_wc/wheelchair_153.jpg,7,93,170,208,wheelchair
/home/inavarro/Desktop/Workspace/ml/TensorFlow/wheelchair_files/ROI227_wc/wheelchair_409.jpg,73,93,137,184,wheelchair
/home/inavarro/Desktop/Workspace/ml/TensorFlow/wheelchair_files/ROI227_wc/wheelchair_15.jpg,79,74,297,290,wheelchair
/home/inavarro/Desktop/Workspace/ml/TensorFlow/wheelchair_files/ROI227_wc/wheelchair_202.jpg,89,173,202,306,wheelchair
/home/inavarro/Desktop/Workspace/ml/TensorFlow/wheelchair_files/ROI227_wc/wheelchair_478.jpg,64,80,212,163,wheelchair
/home/inavarro/Desktop/Workspace/ml/TensorFlow/wheelchair_files/ROI227_wc/wheelchair_478.jpg,257,136,268,279,wheelchair
/home/inavarro/Desktop/Workspace/ml/TensorFlow/wheelchair_files/ROI227_wc/wheelchair_356.jpg,48,41,214,247,wheelchair
/home/inavarro/Desktop/Workspace/ml/TensorFlow/wheelchair_files/ROI227_wc/wheelchair_128.jpg,101,154,207,246,wheelchair
/home/inavarro/Desktop/Workspace/ml/TensorFlow/wheelchair_files/ROI227_wc/wheelchair_585.jpg,27,160,224,317,wheelchair
/home/inavarro/Desktop/Workspace/ml/TensorFlow/wheelchair_files/ROI227_wc/wheelchair_53.jpg,121,103,216,187,wheelchair
/home/inavarro/Desktop/Workspace/ml/TensorFlow/wheelchair_files/ROI227_wc/wheelchair_254.jpg,108,61,226,168,wheelchair
/home/inavarro/Desktop/Workspace/ml/TensorFlow/wheelchair_files/ROI227_wc/wheelchair_386.jpg,19,47,191,300,wheelchair
/home/inavarro/Desktop/Workspace/ml/TensorFlow/wheelchair_files/ROI227_wc/wheelchair_119.jpg,81,76,211,161,wheelchair
/home/inavarro/Desktop/Workspace/ml/TensorFlow/wheelchair_files/ROI227_wc/wheelchair_200.jpg,10,72,256,286,wheelchair
/home/inavarro/Desktop/Workspace/ml/TensorFlow/wheelchair_files/ROI227_wc/wheelchair_299.jpg,17,37,167,256,wheelchair
/home/inavarro/Desktop/Workspace/ml/TensorFlow/wheelchair_files/ROI227_wc/wheelchair_185.jpg,58,149,229,321,wheelchair
/home/inavarro/Desktop/Workspace/ml/TensorFlow/wheelchair_files/ROI227_wc/wheelchair_293.jpg,61,93,257,305,wheelchair
/home/inavarro/Desktop/Workspace/ml/TensorFlow/wheelchair_files/ROI227_wc/wheelchair_565.jpg,37,21,302,289,wheelchair
/home/inavarro/Desktop/Workspace/ml/TensorFlow/wheelchair_files/ROI227_wc/wheelchair_503.jpg,32,63,218,293,wheelchair
/home/inavarro/Desktop/Workspace/ml/TensorFlow/wheelchair_files/ROI227_wc/wheelchair_552.jpg,9,134,157,295,wheelchair
/home/inavarro/Desktop/Workspace/ml/TensorFlow/wheelchair_files/ROI227_wc/wheelchair_271.jpg,60,63,258,284,wheelchair
/home/inavarro/Desktop/Workspace/ml/TensorFlow/wheelchair_files/ROI227_wc/wheelchair_17.jpg,106,89,228,186,wheelchair
/home/inavarro/Desktop/Workspace/ml/TensorFlow/wheelchair_files/ROI227_wc/wheelchair_528.jpg,26,14,248,305,wheelchair
/home/inavarro/Desktop/Workspace/ml/TensorFlow/wheelchair_files/ROI227_wc/wheelchair_18.jpg,77,112,198,193,wheelchair
/home/inavarro/Desktop/Workspace/ml/TensorFlow/wheelchair_files/ROI227_wc/wheelchair_49.jpg,18,153,191,314,wheelchair
/home/inavarro/Desktop/Workspace/ml/TensorFlow/wheelchair_files/ROI227_wc/wheelchair_226.jpg,64,165,229,311,wheelchair
/home/inavarro/Desktop/Workspace/ml/TensorFlow/wheelchair_files/ROI227_wc/wheelchair_561.jpg,19,137,213,312,wheelchair
/home/inavarro/Desktop/Workspace/ml/TensorFlow/wheelchair_files/ROI227_wc/wheelchair_92.jpg,138,92,292,220,wheelchair
/home/inavarro/Desktop/Workspace/ml/TensorFlow/wheelchair_files/ROI227_wc/wheelchair_582.jpg,29,165,209,320,wheelchair
/home/inavarro/Desktop/Workspace/ml/TensorFlow/wheelchair_files/ROI227_wc/wheelchair_589.jpg,37,59,249,282,wheelchair
/home/inavarro/Desktop/Workspace/ml/TensorFlow/wheelchair_files/ROI227_wc/wheelchair_464.jpg,126,140,221,214,wheelchair
/home/inavarro/Desktop/Workspace/ml/TensorFlow/wheelchair_files/ROI227_wc/wheelchair_583.jpg,102,66,187,134,wheelchair
/home/inavarro/Desktop/Workspace/ml/TensorFlow/wheelchair_files/ROI227_wc/wheelchair_465.jpg,54,135,163,290,wheelchair
/home/inavarro/Desktop/Workspace/ml/TensorFlow/wheelchair_files/ROI227_wc/wheelchair_211.jpg,59,71,287,294,wheelchair
/home/inavarro/Desktop/Workspace/ml/TensorFlow/wheelchair_files/ROI227_wc/wheelchair_330.jpg,87,30,268,207,wheelchair
/home/inavarro/Desktop/Workspace/ml/TensorFlow/wheelchair_files/ROI227_wc/wheelchair_194.jpg,115,120,280,262,wheelchair
/home/inavarro/Desktop/Workspace/ml/TensorFlow/wheelchair_files/ROI227_wc/wheelchair_184.jpg,29,146,202,314,wheelchair
/home/inavarro/Desktop/Workspace/ml/TensorFlow/wheelchair_files/ROI227_wc/wheelchair_218.jpg,163,128,282,246,wheelchair
/home/inavarro/Desktop/Workspace/ml/TensorFlow/wheelchair_files/ROI227_wc/wheelchair_31.jpg,198,64,303,145,wheelchair
/home/inavarro/Desktop/Workspace/ml/TensorFlow/wheelchair_files/ROI227_wc/wheelchair_367.jpg,72,13,298,280,wheelchair
/home/inavarro/Desktop/Workspace/ml/TensorFlow/wheelchair_files/ROI227_wc/wheelchair_551.jpg,42,71,243,306,wheelchair
/home/inavarro/Desktop/Workspace/ml/TensorFlow/wheelchair_files/ROI227_wc/wheelchair_236.jpg,111,37,314,209,wheelchair
/home/inavarro/Desktop/Workspace/ml/TensorFlow/wheelchair_files/ROI227_wc/wheelchair_84.jpg,66,185,245,313,wheelchair
/home/inavarro/Desktop/Workspace/ml/TensorFlow/wheelchair_files/ROI227_wc/wheelchair_645.jpg,40,72,186,244,wheelchair
/home/inavarro/Desktop/Workspace/ml/TensorFlow/wheelchair_files/ROI227_wc/wheelchair_647.jpg,158,52,313,232,wheelchair
/home/inavarro/Desktop/Workspace/ml/TensorFlow/wheelchair_files/ROI227_wc/wheelchair_54.jpg,100,70,202,150,wheelchair
/home/inavarro/Desktop/Workspace/ml/TensorFlow/wheelchair_files/ROI227_wc/wheelchair_473.jpg,152,118,211,198,wheelchair
/home/inavarro/Desktop/Workspace/ml/TensorFlow/wheelchair_files/ROI227_wc/wheelchair_631.jpg,30,147,263,316,wheelchair
/home/inavarro/Desktop/Workspace/ml/TensorFlow/wheelchair_files/ROI227_wc/wheelchair_309.jpg,60,47,279,304,wheelchair
/home/inavarro/Desktop/Workspace/ml/TensorFlow/wheelchair_files/ROI227_wc/wheelchair_232.jpg,1,211,156,321,wheelchair
/home/inavarro/Desktop/Workspace/ml/TensorFlow/wheelchair_files/ROI227_wc/wheelchair_501.jpg,6,26,320,254,wheelchair
/home/inavarro/Desktop/Workspace/ml/TensorFlow/wheelchair_files/ROI227_wc/wheelchair_186.jpg,35,159,233,321,wheelchair
/home/inavarro/Desktop/Workspace/ml/TensorFlow/wheelchair_files/ROI227_wc/wheelchair_141.jpg,38,184,195,317,wheelchair
/home/inavarro/Desktop/Workspace/ml/TensorFlow/wheelchair_files/ROI227_wc/wheelchair_495.jpg,68,35,252,299,wheelchair
/home/inavarro/Desktop/Workspace/ml/TensorFlow/wheelchair_files/ROI227_wc/wheelchair_343.jpg,134,71,282,210,wheelchair
/home/inavarro/Desktop/Workspace/ml/TensorFlow/wheelchair_files/ROI227_wc/wheelchair_678.jpg,11,65,197,280,wheelchair
/home/inavarro/Desktop/Workspace/ml/TensorFlow/wheelchair_files/ROI227_wc/wheelchair_307.jpg,54,38,208,187,wheelchair
/home/inavarro/Desktop/Workspace/ml/TensorFlow/wheelchair_files/ROI227_wc/wheelchair_7.jpg,122,111,200,178,wheelchair
/home/inavarro/Desktop/Workspace/ml/TensorFlow/wheelchair_files/ROI227_wc/wheelchair_188.jpg,18,15,257,213,wheelchair
/home/inavarro/Desktop/Workspace/ml/TensorFlow/wheelchair_files/ROI227_wc/wheelchair_3.jpg,34,160,260,313,wheelchair
/home/inavarro/Desktop/Workspace/ml/TensorFlow/wheelchair_files/ROI227_wc/wheelchair_532.jpg,40,44,216,317,wheelchair
/home/inavarro/Desktop/Workspace/ml/TensorFlow/wheelchair_files/ROI227_wc/wheelchair_28.jpg,47,88,132,157,wheelchair
/home/inavarro/Desktop/Workspace/ml/TensorFlow/wheelchair_files/ROI227_wc/wheelchair_28.jpg,49,68,113,131,wheelchair
/home/inavarro/Desktop/Workspace/ml/TensorFlow/wheelchair_files/ROI227_wc/wheelchair_28.jpg,214,98,216,145,wheelchair
/home/inavarro/Desktop/Workspace/ml/TensorFlow/wheelchair_files/ROI227_wc/wheelchair_301.jpg,65,28,228,203,wheelchair
/home/inavarro/Desktop/Workspace/ml/TensorFlow/wheelchair_files/ROI227_wc/wheelchair_407.jpg,111,193,202,264,wheelchair
/home/inavarro/Desktop/Workspace/ml/TensorFlow/wheelchair_files/ROI227_wc/wheelchair_640.jpg,2,77,82,200,wheelchair
/home/inavarro/Desktop/Workspace/ml/TensorFlow/wheelchair_files/ROI227_wc/wheelchair_708.jpg,172,49,296,191,wheelchair
/home/inavarro/Desktop/Workspace/ml/TensorFlow/wheelchair_files/ROI227_wc/wheelchair_591.jpg,217,110,321,213,wheelchair
/home/inavarro/Desktop/Workspace/ml/TensorFlow/wheelchair_files/ROI227_wc/wheelchair_338.jpg,36,51,260,315,wheelchair
/home/inavarro/Desktop/Workspace/ml/TensorFlow/wheelchair_files/ROI227_wc/wheelchair_351.jpg,16,5,273,316,wheelchair
/home/inavarro/Desktop/Workspace/ml/TensorFlow/wheelchair_files/ROI227_wc/wheelchair_453.jpg,58,191,206,321,wheelchair
/home/inavarro/Desktop/Workspace/ml/TensorFlow/wheelchair_files/ROI227_wc/wheelchair_674.jpg,6,126,151,300,wheelchair
/home/inavarro/Desktop/Workspace/ml/TensorFlow/wheelchair_files/ROI227_wc/wheelchair_206.jpg,30,143,170,266,wheelchair
/home/inavarro/Desktop/Workspace/ml/TensorFlow/wheelchair_files/ROI227_wc/wheelchair_86.jpg,187,129,290,206,wheelchair
/home/inavarro/Desktop/Workspace/ml/TensorFlow/wheelchair_files/ROI227_wc/wheelchair_560.jpg,27,12,287,314,wheelchair
/home/inavarro/Desktop/Workspace/ml/TensorFlow/wheelchair_files/ROI227_wc/wheelchair_533.jpg,18,50,244,285,wheelchair
/home/inavarro/Desktop/Workspace/ml/TensorFlow/wheelchair_files/ROI227_wc/wheelchair_82.jpg,109,117,225,214,wheelchair
/home/inavarro/Desktop/Workspace/ml/TensorFlow/wheelchair_files/ROI227_wc/wheelchair_412.jpg,100,92,165,157,wheelchair
/home/inavarro/Desktop/Workspace/ml/TensorFlow/wheelchair_files/ROI227_wc/wheelchair_574.jpg,101,121,286,324,wheelchair
/home/inavarro/Desktop/Workspace/ml/TensorFlow/wheelchair_files/ROI227_wc/wheelchair_574.jpg,157,24,212,64,wheelchair
/home/inavarro/Desktop/Workspace/ml/TensorFlow/wheelchair_files/ROI227_wc/wheelchair_30.jpg,61,33,247,196,wheelchair
/home/inavarro/Desktop/Workspace/ml/TensorFlow/wheelchair_files/ROI227_wc/wheelchair_562.jpg,13,17,262,314,wheelchair
/home/inavarro/Desktop/Workspace/ml/TensorFlow/wheelchair_files/ROI227_wc/wheelchair_182.jpg,1,166,168,314,wheelchair
/home/inavarro/Desktop/Workspace/ml/TensorFlow/wheelchair_files/ROI227_wc/wheelchair_515.jpg,56,56,259,314,wheelchair
/home/inavarro/Desktop/Workspace/ml/TensorFlow/wheelchair_files/ROI227_wc/wheelchair_217.jpg,56,101,156,192,wheelchair
/home/inavarro/Desktop/Workspace/ml/TensorFlow/wheelchair_files/ROI227_wc/wheelchair_231.jpg,36,99,142,201,wheelchair
/home/inavarro/Desktop/Workspace/ml/TensorFlow/wheelchair_files/ROI227_wc/wheelchair_329.jpg,131,2,321,220,wheelchair
/home/inavarro/Desktop/Workspace/ml/TensorFlow/wheelchair_files/ROI227_wc/wheelchair_650.jpg,98,168,190,263,wheelchair
/home/inavarro/Desktop/Workspace/ml/TensorFlow/wheelchair_files/ROI227_wc/wheelchair_127.jpg,104,39,283,180,wheelchair
/home/inavarro/Desktop/Workspace/ml/TensorFlow/wheelchair_files/ROI227_wc/wheelchair_472.jpg,89,187,244,321,wheelchair
/home/inavarro/Desktop/Workspace/ml/TensorFlow/wheelchair_files/ROI227_wc/wheelchair_220.jpg,67,112,180,209,wheelchair
/home/inavarro/Desktop/Workspace/ml/TensorFlow/wheelchair_files/ROI227_wc/wheelchair_377.jpg,98,18,282,254,wheelchair
/home/inavarro/Desktop/Workspace/ml/TensorFlow/wheelchair_files/ROI227_wc/wheelchair_633.jpg,14,97,105,215,wheelchair
/home/inavarro/Desktop/Workspace/ml/TensorFlow/wheelchair_files/ROI227_wc/wheelchair_323.jpg,46,57,277,318,wheelchair
/home/inavarro/Desktop/Workspace/ml/TensorFlow/wheelchair_files/ROI227_wc/wheelchair_537.jpg,36,26,277,266,wheelchair
/home/inavarro/Desktop/Workspace/ml/TensorFlow/wheelchair_files/ROI227_wc/wheelchair_520.jpg,12,70,182,298,wheelchair
/home/inavarro/Desktop/Workspace/ml/TensorFlow/wheelchair_files/ROI227_wc/wheelchair_169.jpg,101,112,256,241,wheelchair
/home/inavarro/Desktop/Workspace/ml/TensorFlow/wheelchair_files/ROI227_wc/wheelchair_500.jpg,12,8,254,313,wheelchair
/home/inavarro/Desktop/Workspace/ml/TensorFlow/wheelchair_files/ROI227_wc/wheelchair_410.jpg,174,118,201,160,wheelchair
/home/inavarro/Desktop/Workspace/ml/TensorFlow/wheelchair_files/ROI227_wc/wheelchair_35.jpg,25,162,131,307,wheelchair
/home/inavarro/Desktop/Workspace/ml/TensorFlow/wheelchair_files/ROI227_wc/wheelchair_51.jpg,28,33,278,270,wheelchair
/home/inavarro/Desktop/Workspace/ml/TensorFlow/wheelchair_files/ROI227_wc/wheelchair_349.jpg,155,45,296,289,wheelchair
/home/inavarro/Desktop/Workspace/ml/TensorFlow/wheelchair_files/ROI227_wc/wheelchair_83.jpg,31,162,173,319,wheelchair
/home/inavarro/Desktop/Workspace/ml/TensorFlow/wheelchair_files/ROI227_wc/wheelchair_701.jpg,149,167,321,292,wheelchair
/home/inavarro/Desktop/Workspace/ml/TensorFlow/wheelchair_files/ROI227_wc/wheelchair_451.jpg,117,109,218,212,wheelchair
/home/inavarro/Desktop/Workspace/ml/TensorFlow/wheelchair_files/ROI227_wc/wheelchair_68.jpg,107,172,214,315,wheelchair
/home/inavarro/Desktop/Workspace/ml/TensorFlow/wheelchair_files/ROI227_wc/wheelchair_317.jpg,45,51,255,276,wheelchair
/home/inavarro/Desktop/Workspace/ml/TensorFlow/wheelchair_files/ROI227_wc/wheelchair_157.jpg,59,110,111,205,wheelchair
/home/inavarro/Desktop/Workspace/ml/TensorFlow/wheelchair_files/ROI227_wc/wheelchair_157.jpg,183,89,249,200,wheelchair
/home/inavarro/Desktop/Workspace/ml/TensorFlow/wheelchair_files/ROI227_wc/wheelchair_422.jpg,43,61,203,212,wheelchair
/home/inavarro/Desktop/Workspace/ml/TensorFlow/wheelchair_files/ROI227_wc/wheelchair_511.jpg,23,44,281,308,wheelchair
/home/inavarro/Desktop/Workspace/ml/TensorFlow/wheelchair_files/ROI227_wc/wheelchair_587.jpg,178,115,277,209,wheelchair
/home/inavarro/Desktop/Workspace/ml/TensorFlow/wheelchair_files/ROI227_wc/wheelchair_524.jpg,9,57,215,309,wheelchair
/home/inavarro/Desktop/Workspace/ml/TensorFlow/wheelchair_files/ROI227_wc/wheelchair_294.jpg,143,85,261,237,wheelchair
/home/inavarro/Desktop/Workspace/ml/TensorFlow/wheelchair_files/ROI227_wc/wheelchair_257.jpg,102,155,190,300,wheelchair
/home/inavarro/Desktop/Workspace/ml/TensorFlow/wheelchair_files/ROI227_wc/wheelchair_683.jpg,27,8,313,252,wheelchair
/home/inavarro/Desktop/Workspace/ml/TensorFlow/wheelchair_files/ROI227_wc/wheelchair_345.jpg,6,40,315,282,wheelchair
/home/inavarro/Desktop/Workspace/ml/TensorFlow/wheelchair_files/ROI227_wc/wheelchair_150.jpg,86,54,292,221,wheelchair
/home/inavarro/Desktop/Workspace/ml/TensorFlow/wheelchair_files/ROI227_wc/wheelchair_696.jpg,27,24,150,174,wheelchair
/home/inavarro/Desktop/Workspace/ml/TensorFlow/wheelchair_files/ROI227_wc/wheelchair_101.jpg,32,163,222,318,wheelchair
/home/inavarro/Desktop/Workspace/ml/TensorFlow/wheelchair_files/ROI227_wc/wheelchair_58.jpg,20,99,134,239,wheelchair
/home/inavarro/Desktop/Workspace/ml/TensorFlow/wheelchair_files/ROI227_wc/wheelchair_564.jpg,43,23,246,285,wheelchair
/home/inavarro/Desktop/Workspace/ml/TensorFlow/wheelchair_files/ROI227_wc/wheelchair_151.jpg,56,164,214,314,wheelchair
/home/inavarro/Desktop/Workspace/ml/TensorFlow/wheelchair_files/ROI227_wc/wheelchair_197.jpg,45,153,229,307,wheelchair
/home/inavarro/Desktop/Workspace/ml/TensorFlow/wheelchair_files/ROI227_wc/wheelchair_672.jpg,4,14,171,255,wheelchair
/home/inavarro/Desktop/Workspace/ml/TensorFlow/wheelchair_files/ROI227_wc/wheelchair_5.jpg,121,143,202,214,wheelchair
/home/inavarro/Desktop/Workspace/ml/TensorFlow/wheelchair_files/ROI227_wc/wheelchair_421.jpg,105,116,187,209,wheelchair
/home/inavarro/Desktop/Workspace/ml/TensorFlow/wheelchair_files/ROI227_wc/wheelchair_421.jpg,188,60,302,154,wheelchair
/home/inavarro/Desktop/Workspace/ml/TensorFlow/wheelchair_files/ROI227_wc/wheelchair_90.jpg,40,100,160,200,wheelchair
/home/inavarro/Desktop/Workspace/ml/TensorFlow/wheelchair_files/ROI227_wc/wheelchair_60.jpg,71,139,279,299,wheelchair
/home/inavarro/Desktop/Workspace/ml/TensorFlow/wheelchair_files/ROI227_wc/wheelchair_413.jpg,167,41,321,223,wheelchair
/home/inavarro/Desktop/Workspace/ml/TensorFlow/wheelchair_files/ROI227_wc/wheelchair_543.jpg,68,42,308,309,wheelchair
/home/inavarro/Desktop/Workspace/ml/TensorFlow/wheelchair_files/ROI227_wc/wheelchair_398.jpg,12,53,210,290,wheelchair
/home/inavarro/Desktop/Workspace/ml/TensorFlow/wheelchair_files/ROI227_wc/wheelchair_134.jpg,1,175,163,321,wheelchair
/home/inavarro/Desktop/Workspace/ml/TensorFlow/wheelchair_files/ROI227_wc/wheelchair_233.jpg,54,39,270,297,wheelchair
/home/inavarro/Desktop/Workspace/ml/TensorFlow/wheelchair_files/ROI227_wc/wheelchair_331.jpg,19,62,248,303,wheelchair
/home/inavarro/Desktop/Workspace/ml/TensorFlow/wheelchair_files/ROI227_wc/wheelchair_625.jpg,122,124,248,214,wheelchair
/home/inavarro/Desktop/Workspace/ml/TensorFlow/wheelchair_files/ROI227_wc/wheelchair_439.jpg,43,202,163,302,wheelchair
/home/inavarro/Desktop/Workspace/ml/TensorFlow/wheelchair_files/ROI227_wc/wheelchair_255.jpg,143,136,249,294,wheelchair
/home/inavarro/Desktop/Workspace/ml/TensorFlow/wheelchair_files/ROI227_wc/wheelchair_177.jpg,36,72,255,295,wheelchair
/home/inavarro/Desktop/Workspace/ml/TensorFlow/wheelchair_files/ROI227_wc/wheelchair_291.jpg,65,71,188,216,wheelchair
/home/inavarro/Desktop/Workspace/ml/TensorFlow/wheelchair_files/ROI227_wc/wheelchair_600.jpg,100,162,225,318,wheelchair
/home/inavarro/Desktop/Workspace/ml/TensorFlow/wheelchair_files/ROI227_wc/wheelchair_359.jpg,45,32,271,288,wheelchair
/home/inavarro/Desktop/Workspace/ml/TensorFlow/wheelchair_files/ROI227_wc/wheelchair_688.jpg,142,86,241,188,wheelchair
/home/inavarro/Desktop/Workspace/ml/TensorFlow/wheelchair_files/ROI227_wc/wheelchair_244.jpg,56,59,288,276,wheelchair
/home/inavarro/Desktop/Workspace/ml/TensorFlow/wheelchair_files/ROI227_wc/wheelchair_445.jpg,83,93,188,213,wheelchair
/home/inavarro/Desktop/Workspace/ml/TensorFlow/wheelchair_files/ROI227_wc/wheelchair_445.jpg,111,92,138,238,wheelchair
/home/inavarro/Desktop/Workspace/ml/TensorFlow/wheelchair_files/ROI227_wc/wheelchair_417.jpg,61,101,163,196,wheelchair
/home/inavarro/Desktop/Workspace/ml/TensorFlow/wheelchair_files/ROI227_wc/wheelchair_705.jpg,93,21,216,143,wheelchair
/home/inavarro/Desktop/Workspace/ml/TensorFlow/wheelchair_files/ROI227_wc/wheelchair_43.jpg,125,119,256,214,wheelchair
/home/inavarro/Desktop/Workspace/ml/TensorFlow/wheelchair_files/ROI227_wc/wheelchair_203.jpg,33,110,182,243,wheelchair
/home/inavarro/Desktop/Workspace/ml/TensorFlow/wheelchair_files/ROI227_wc/wheelchair_290.jpg,133,112,297,321,wheelchair
/home/inavarro/Desktop/Workspace/ml/TensorFlow/wheelchair_files/ROI227_wc/wheelchair_588.jpg,33,120,167,209,wheelchair
/home/inavarro/Desktop/Workspace/ml/TensorFlow/wheelchair_files/ROI227_wc/wheelchair_213.jpg,29,117,195,305,wheelchair
/home/inavarro/Desktop/Workspace/ml/TensorFlow/wheelchair_files/ROI227_wc/wheelchair_296.jpg,76,44,292,283,wheelchair
/home/inavarro/Desktop/Workspace/ml/TensorFlow/wheelchair_files/ROI227_wc/wheelchair_474.jpg,33,91,168,309,wheelchair
/home/inavarro/Desktop/Workspace/ml/TensorFlow/wheelchair_files/ROI227_wc/wheelchair_644.jpg,22,144,191,316,wheelchair
/home/inavarro/Desktop/Workspace/ml/TensorFlow/wheelchair_files/ROI227_wc/wheelchair_703.jpg,5,78,94,214,wheelchair
/home/inavarro/Desktop/Workspace/ml/TensorFlow/wheelchair_files/ROI227_wc/wheelchair_599.jpg,20,145,169,290,wheelchair
/home/inavarro/Desktop/Workspace/ml/TensorFlow/wheelchair_files/ROI227_wc/wheelchair_363.jpg,11,14,252,311,wheelchair
/home/inavarro/Desktop/Workspace/ml/TensorFlow/wheelchair_files/ROI227_wc/wheelchair_489.jpg,126,32,188,122,wheelchair
/home/inavarro/Desktop/Workspace/ml/TensorFlow/wheelchair_files/ROI227_wc/wheelchair_196.jpg,25,99,142,206,wheelchair
/home/inavarro/Desktop/Workspace/ml/TensorFlow/wheelchair_files/ROI227_wc/wheelchair_10.jpg,222,138,284,209,wheelchair
/home/inavarro/Desktop/Workspace/ml/TensorFlow/wheelchair_files/ROI227_wc/wheelchair_16.jpg,97,92,219,187,wheelchair
/home/inavarro/Desktop/Workspace/ml/TensorFlow/wheelchair_files/ROI227_wc/wheelchair_594.jpg,121,143,195,228,wheelchair
/home/inavarro/Desktop/Workspace/ml/TensorFlow/wheelchair_files/ROI227_wc/wheelchair_170.jpg,97,93,177,167,wheelchair
/home/inavarro/Desktop/Workspace/ml/TensorFlow/wheelchair_files/ROI227_wc/wheelchair_505.jpg,49,34,317,216,wheelchair
/home/inavarro/Desktop/Workspace/ml/TensorFlow/wheelchair_files/ROI227_wc/wheelchair_689.jpg,12,57,165,228,wheelchair
/home/inavarro/Desktop/Workspace/ml/TensorFlow/wheelchair_files/ROI227_wc/wheelchair_79.jpg,2,17,285,316,wheelchair
/home/inavarro/Desktop/Workspace/ml/TensorFlow/wheelchair_files/ROI227_wc/wheelchair_441.jpg,9,66,104,175,wheelchair
/home/inavarro/Desktop/Workspace/ml/TensorFlow/wheelchair_files/ROI227_wc/wheelchair_355.jpg,34,35,227,291,wheelchair
/home/inavarro/Desktop/Workspace/ml/TensorFlow/wheelchair_files/ROI227_wc/wheelchair_547.jpg,12,36,239,320,wheelchair
/home/inavarro/Desktop/Workspace/ml/TensorFlow/wheelchair_files/ROI227_wc/wheelchair_99.jpg,15,178,226,317,wheelchair
/home/inavarro/Desktop/Workspace/ml/TensorFlow/wheelchair_files/ROI227_wc/wheelchair_652.jpg,131,11,315,117,wheelchair
/home/inavarro/Desktop/Workspace/ml/TensorFlow/wheelchair_files/ROI227_wc/wheelchair_133.jpg,37,18,294,300,wheelchair
/home/inavarro/Desktop/Workspace/ml/TensorFlow/wheelchair_files/ROI227_wc/wheelchair_171.jpg,82,99,145,161,wheelchair
/home/inavarro/Desktop/Workspace/ml/TensorFlow/wheelchair_files/ROI227_wc/wheelchair_168.jpg,47,158,167,280,wheelchair
/home/inavarro/Desktop/Workspace/ml/TensorFlow/wheelchair_files/ROI227_wc/wheelchair_123.jpg,159,86,278,198,wheelchair
/home/inavarro/Desktop/Workspace/ml/TensorFlow/wheelchair_files/ROI227_wc/wheelchair_222.jpg,36,80,256,314,wheelchair
/home/inavarro/Desktop/Workspace/ml/TensorFlow/wheelchair_files/ROI227_wc/wheelchair_209.jpg,3,19,242,214,wheelchair
/home/inavarro/Desktop/Workspace/ml/TensorFlow/wheelchair_files/ROI227_wc/wheelchair_91.jpg,3,56,176,272,wheelchair
/home/inavarro/Desktop/Workspace/ml/TensorFlow/wheelchair_files/ROI227_wc/wheelchair_614.jpg,23,105,141,212,wheelchair
/home/inavarro/Desktop/Workspace/ml/TensorFlow/wheelchair_files/ROI227_wc/wheelchair_302.jpg,78,45,268,215,wheelchair
/home/inavarro/Desktop/Workspace/ml/TensorFlow/wheelchair_files/ROI227_wc/wheelchair_378.jpg,1,40,234,314,wheelchair
/home/inavarro/Desktop/Workspace/ml/TensorFlow/wheelchair_files/ROI227_wc/wheelchair_522.jpg,18,21,244,300,wheelchair
/home/inavarro/Desktop/Workspace/ml/TensorFlow/wheelchair_files/ROI227_wc/wheelchair_259.jpg,15,183,168,307,wheelchair
/home/inavarro/Desktop/Workspace/ml/TensorFlow/wheelchair_files/ROI227_wc/wheelchair_336.jpg,4,29,240,316,wheelchair
/home/inavarro/Desktop/Workspace/ml/TensorFlow/wheelchair_files/ROI227_wc/wheelchair_611.jpg,82,91,183,210,wheelchair
/home/inavarro/Desktop/Workspace/ml/TensorFlow/wheelchair_files/ROI227_wc/wheelchair_158.jpg,156,90,271,202,wheelchair
/home/inavarro/Desktop/Workspace/ml/TensorFlow/wheelchair_files/ROI227_wc/wheelchair_39.jpg,115,141,305,297,wheelchair
/home/inavarro/Desktop/Workspace/ml/TensorFlow/wheelchair_files/ROI227_wc/wheelchair_553.jpg,4,39,249,320,wheelchair
/home/inavarro/Desktop/Workspace/ml/TensorFlow/wheelchair_files/ROI227_wc/wheelchair_381.jpg,35,49,248,312,wheelchair
/home/inavarro/Desktop/Workspace/ml/TensorFlow/wheelchair_files/ROI227_wc/wheelchair_637.jpg,-1,128,149,255,wheelchair
/home/inavarro/Desktop/Workspace/ml/TensorFlow/wheelchair_files/ROI227_wc/wheelchair_160.jpg,58,109,288,302,wheelchair
/home/inavarro/Desktop/Workspace/ml/TensorFlow/wheelchair_files/ROI227_wc/wheelchair_262.jpg,70,97,181,222,wheelchair
/home/inavarro/Desktop/Workspace/ml/TensorFlow/wheelchair_files/ROI227_wc/wheelchair_295.jpg,15,32,241,311,wheelchair
/home/inavarro/Desktop/Workspace/ml/TensorFlow/wheelchair_files/ROI227_wc/wheelchair_628.jpg,150,140,260,241,wheelchair
/home/inavarro/Desktop/Workspace/ml/TensorFlow/wheelchair_files/ROI227_wc/wheelchair_132.jpg,51,155,230,311,wheelchair
/home/inavarro/Desktop/Workspace/ml/TensorFlow/wheelchair_files/ROI227_wc/wheelchair_40.jpg,52,214,203,313,wheelchair
/home/inavarro/Desktop/Workspace/ml/TensorFlow/wheelchair_files/ROI227_wc/wheelchair_154.jpg,23,152,128,263,wheelchair
/home/inavarro/Desktop/Workspace/ml/TensorFlow/wheelchair_files/ROI227_wc/wheelchair_130.jpg,71,93,187,209,wheelchair
/home/inavarro/Desktop/Workspace/ml/TensorFlow/wheelchair_files/ROI227_wc/wheelchair_470.jpg,34,204,205,321,wheelchair
/home/inavarro/Desktop/Workspace/ml/TensorFlow/wheelchair_files/ROI227_wc/wheelchair_113.jpg,61,181,167,276,wheelchair
/home/inavarro/Desktop/Workspace/ml/TensorFlow/wheelchair_files/ROI227_wc/wheelchair_324.jpg,181,98,300,230,wheelchair
/home/inavarro/Desktop/Workspace/ml/TensorFlow/wheelchair_files/ROI227_wc/wheelchair_622.jpg,19,107,164,229,wheelchair
/home/inavarro/Desktop/Workspace/ml/TensorFlow/wheelchair_files/ROI227_wc/wheelchair_280.jpg,45,25,269,285,wheelchair
/home/inavarro/Desktop/Workspace/ml/TensorFlow/wheelchair_files/ROI227_wc/wheelchair_164.jpg,4,140,160,251,wheelchair
/home/inavarro/Desktop/Workspace/ml/TensorFlow/wheelchair_files/ROI227_wc/wheelchair_353.jpg,63,58,251,288,wheelchair
/home/inavarro/Desktop/Workspace/ml/TensorFlow/wheelchair_files/ROI227_wc/wheelchair_159.jpg,133,157,226,314,wheelchair
/home/inavarro/Desktop/Workspace/ml/TensorFlow/wheelchair_files/ROI227_wc/wheelchair_81.jpg,130,181,269,307,wheelchair
/home/inavarro/Desktop/Workspace/ml/TensorFlow/wheelchair_files/ROI227_wc/wheelchair_535.jpg,40,4,316,207,wheelchair
/home/inavarro/Desktop/Workspace/ml/TensorFlow/wheelchair_files/ROI227_wc/wheelchair_69.jpg,188,107,259,167,wheelchair
/home/inavarro/Desktop/Workspace/ml/TensorFlow/wheelchair_files/ROI227_wc/wheelchair_248.jpg,111,59,227,152,wheelchair
/home/inavarro/Desktop/Workspace/ml/TensorFlow/wheelchair_files/ROI227_wc/wheelchair_607.jpg,163,112,230,199,wheelchair
/home/inavarro/Desktop/Workspace/ml/TensorFlow/wheelchair_files/ROI227_wc/wheelchair_105.jpg,122,74,212,142,wheelchair
/home/inavarro/Desktop/Workspace/ml/TensorFlow/wheelchair_files/ROI227_wc/wheelchair_228.jpg,11,158,198,314,wheelchair
/home/inavarro/Desktop/Workspace/ml/TensorFlow/wheelchair_files/ROI227_wc/wheelchair_46.jpg,135,112,257,217,wheelchair
/home/inavarro/Desktop/Workspace/ml/TensorFlow/wheelchair_files/ROI227_wc/wheelchair_25.jpg,102,119,222,207,wheelchair
/home/inavarro/Desktop/Workspace/ml/TensorFlow/wheelchair_files/ROI227_wc/wheelchair_639.jpg,37,135,235,319,wheelchair
/home/inavarro/Desktop/Workspace/ml/TensorFlow/wheelchair_files/ROI227_wc/wheelchair_34.jpg,95,110,220,214,wheelchair
/home/inavarro/Desktop/Workspace/ml/TensorFlow/wheelchair_files/ROI227_wc/wheelchair_238.jpg,44,90,142,171,wheelchair
/home/inavarro/Desktop/Workspace/ml/TensorFlow/wheelchair_files/ROI227_wc/wheelchair_287.jpg,9,36,233,273,wheelchair
/home/inavarro/Desktop/Workspace/ml/TensorFlow/wheelchair_files/ROI227_wc/wheelchair_208.jpg,103,95,199,178,wheelchair
/home/inavarro/Desktop/Workspace/ml/TensorFlow/wheelchair_files/ROI227_wc/wheelchair_493.jpg,29,184,87,246,wheelchair
/home/inavarro/Desktop/Workspace/ml/TensorFlow/wheelchair_files/ROI227_wc/wheelchair_430.jpg,135,86,253,214,wheelchair
/home/inavarro/Desktop/Workspace/ml/TensorFlow/wheelchair_files/ROI227_wc/wheelchair_52.jpg,169,157,301,295,wheelchair
/home/inavarro/Desktop/Workspace/ml/TensorFlow/wheelchair_files/ROI227_wc/wheelchair_476.jpg,104,110,191,240,wheelchair
/home/inavarro/Desktop/Workspace/ml/TensorFlow/wheelchair_files/ROI227_wc/wheelchair_107.jpg,59,128,137,191,wheelchair
/home/inavarro/Desktop/Workspace/ml/TensorFlow/wheelchair_files/ROI227_wc/wheelchair_183.jpg,45,162,195,321,wheelchair
/home/inavarro/Desktop/Workspace/ml/TensorFlow/wheelchair_files/ROI227_wc/wheelchair_558.jpg,44,42,271,307,wheelchair
/home/inavarro/Desktop/Workspace/ml/TensorFlow/wheelchair_files/ROI227_wc/wheelchair_391.jpg,26,42,267,316,wheelchair
/home/inavarro/Desktop/Workspace/ml/TensorFlow/wheelchair_files/ROI227_wc/wheelchair_382.jpg,4,10,290,302,wheelchair
/home/inavarro/Desktop/Workspace/ml/TensorFlow/wheelchair_files/ROI227_wc/wheelchair_627.jpg,1,155,156,320,wheelchair
/home/inavarro/Desktop/Workspace/ml/TensorFlow/wheelchair_files/ROI227_wc/wheelchair_235.jpg,86,205,202,308,wheelchair
/home/inavarro/Desktop/Workspace/ml/TensorFlow/wheelchair_files/ROI227_wc/wheelchair_120.jpg,27,127,218,297,wheelchair
/home/inavarro/Desktop/Workspace/ml/TensorFlow/wheelchair_files/ROI227_wc/wheelchair_245.jpg,84,118,241,214,wheelchair
/home/inavarro/Desktop/Workspace/ml/TensorFlow/wheelchair_files/ROI227_wc/wheelchair_308.jpg,77,158,216,317,wheelchair
/home/inavarro/Desktop/Workspace/ml/TensorFlow/wheelchair_files/ROI227_wc/wheelchair_314.jpg,29,81,205,263,wheelchair
/home/inavarro/Desktop/Workspace/ml/TensorFlow/wheelchair_files/ROI227_wc/wheelchair_693.jpg,3,10,154,117,wheelchair
/home/inavarro/Desktop/Workspace/ml/TensorFlow/wheelchair_files/ROI227_wc/wheelchair_405.jpg,92,146,202,239,wheelchair
/home/inavarro/Desktop/Workspace/ml/TensorFlow/wheelchair_files/ROI227_wc/wheelchair_23.jpg,2,32,210,300,wheelchair
/home/inavarro/Desktop/Workspace/ml/TensorFlow/wheelchair_files/ROI227_wc/wheelchair_240.jpg,21,111,156,234,wheelchair
/home/inavarro/Desktop/Workspace/ml/TensorFlow/wheelchair_files/ROI227_wc/wheelchair_268.jpg,57,86,257,311,wheelchair
/home/inavarro/Desktop/Workspace/ml/TensorFlow/wheelchair_files/ROI227_wc/wheelchair_136.jpg,79,106,206,202,wheelchair
/home/inavarro/Desktop/Workspace/ml/TensorFlow/wheelchair_files/ROI227_wc/wheelchair_576.jpg,41,37,278,312,wheelchair
/home/inavarro/Desktop/Workspace/ml/TensorFlow/wheelchair_files/ROI227_wc/wheelchair_676.jpg,6,44,280,267,wheelchair
/home/inavarro/Desktop/Workspace/ml/TensorFlow/wheelchair_files/ROI227_wc/wheelchair_66.jpg,129,141,218,225,wheelchair
/home/inavarro/Desktop/Workspace/ml/TensorFlow/wheelchair_files/ROI227_wc/wheelchair_479.jpg,117,150,199,219,wheelchair
/home/inavarro/Desktop/Workspace/ml/TensorFlow/wheelchair_files/ROI227_wc/wheelchair_371.jpg,26,39,281,296,wheelchair
/home/inavarro/Desktop/Workspace/ml/TensorFlow/wheelchair_files/ROI227_wc/wheelchair_29.jpg,78,31,247,188,wheelchair
/home/inavarro/Desktop/Workspace/ml/TensorFlow/wheelchair_files/ROI227_wc/wheelchair_277.jpg,59,13,265,313,wheelchair
/home/inavarro/Desktop/Workspace/ml/TensorFlow/wheelchair_files/ROI227_wc/wheelchair_63.jpg,57,144,141,241,wheelchair
/home/inavarro/Desktop/Workspace/ml/TensorFlow/wheelchair_files/ROI227_wc/wheelchair_61.jpg,1,148,227,321,wheelchair
/home/inavarro/Desktop/Workspace/ml/TensorFlow/wheelchair_files/ROI227_wc/wheelchair_312.jpg,88,36,246,207,wheelchair
/home/inavarro/Desktop/Workspace/ml/TensorFlow/wheelchair_files/ROI227_wc/wheelchair_258.jpg,147,152,256,316,wheelchair
/home/inavarro/Desktop/Workspace/ml/TensorFlow/wheelchair_files/ROI227_wc/wheelchair_352.jpg,1,59,208,309,wheelchair
/home/inavarro/Desktop/Workspace/ml/TensorFlow/wheelchair_files/ROI227_wc/wheelchair_449.jpg,6,95,115,236,wheelchair
/home/inavarro/Desktop/Workspace/ml/TensorFlow/wheelchair_files/ROI227_wc/wheelchair_436.jpg,40,175,154,309,wheelchair
/home/inavarro/Desktop/Workspace/ml/TensorFlow/wheelchair_files/ROI227_wc/wheelchair_276.jpg,14,25,253,296,wheelchair
/home/inavarro/Desktop/Workspace/ml/TensorFlow/wheelchair_files/ROI227_wc/wheelchair_288.jpg,29,23,257,254,wheelchair
/home/inavarro/Desktop/Workspace/ml/TensorFlow/wheelchair_files/ROI227_wc/wheelchair_545.jpg,101,87,262,207,wheelchair
/home/inavarro/Desktop/Workspace/ml/TensorFlow/wheelchair_files/ROI227_wc/wheelchair_427.jpg,118,83,177,178,wheelchair
/home/inavarro/Desktop/Workspace/ml/TensorFlow/wheelchair_files/ROI227_wc/wheelchair_542.jpg,72,55,214,239,wheelchair
/home/inavarro/Desktop/Workspace/ml/TensorFlow/wheelchair_files/ROI227_wc/wheelchair_174.jpg,129,69,256,217,wheelchair
/home/inavarro/Desktop/Workspace/ml/TensorFlow/wheelchair_files/ROI227_wc/wheelchair_65.jpg,136,117,245,265,wheelchair
/home/inavarro/Desktop/Workspace/ml/TensorFlow/wheelchair_files/ROI227_wc/wheelchair_566.jpg,1,23,267,321,wheelchair
/home/inavarro/Desktop/Workspace/ml/TensorFlow/wheelchair_files/ROI227_wc/wheelchair_577.jpg,27,48,238,321,wheelchair
/home/inavarro/Desktop/Workspace/ml/TensorFlow/wheelchair_files/ROI227_wc/wheelchair_632.jpg,46,39,269,233,wheelchair
/home/inavarro/Desktop/Workspace/ml/TensorFlow/wheelchair_files/ROI227_wc/wheelchair_342.jpg,40,42,246,281,wheelchair
/home/inavarro/Desktop/Workspace/ml/TensorFlow/wheelchair_files/ROI227_wc/wheelchair_481.jpg,3,43,73,207,wheelchair
/home/inavarro/Desktop/Workspace/ml/TensorFlow/wheelchair_files/ROI227_wc/wheelchair_263.jpg,170,141,253,240,wheelchair
/home/inavarro/Desktop/Workspace/ml/TensorFlow/wheelchair_files/ROI227_wc/wheelchair_431.jpg,153,73,306,215,wheelchair
/home/inavarro/Desktop/Workspace/ml/TensorFlow/wheelchair_files/ROI227_wc/wheelchair_215.jpg,204,117,306,209,wheelchair
/home/inavarro/Desktop/Workspace/ml/TensorFlow/wheelchair_files/ROI227_wc/wheelchair_103.jpg,40,137,145,252,wheelchair
/home/inavarro/Desktop/Workspace/ml/TensorFlow/wheelchair_files/ROI227_wc/wheelchair_2.jpg,114,85,255,220,wheelchair
/home/inavarro/Desktop/Workspace/ml/TensorFlow/wheelchair_files/ROI227_wc/wheelchair_418.jpg,19,72,121,214,wheelchair
/home/inavarro/Desktop/Workspace/ml/TensorFlow/wheelchair_files/ROI227_wc/wheelchair_680.jpg,139,37,320,273,wheelchair
/home/inavarro/Desktop/Workspace/ml/TensorFlow/wheelchair_files/ROI227_wc/wheelchair_14.jpg,27,119,153,221,wheelchair
/home/inavarro/Desktop/Workspace/ml/TensorFlow/wheelchair_files/ROI227_wc/wheelchair_166.jpg,20,65,222,303,wheelchair
/home/inavarro/Desktop/Workspace/ml/TensorFlow/wheelchair_files/ROI227_wc/wheelchair_529.jpg,22,96,153,291,wheelchair
/home/inavarro/Desktop/Workspace/ml/TensorFlow/wheelchair_files/ROI227_wc/wheelchair_671.jpg,7,132,179,280,wheelchair
/home/inavarro/Desktop/Workspace/ml/TensorFlow/wheelchair_files/ROI227_wc/wheelchair_536.jpg,15,16,260,318,wheelchair
/home/inavarro/Desktop/Workspace/ml/TensorFlow/wheelchair_files/ROI227_wc/wheelchair_163.jpg,1,163,180,318,wheelchair
/home/inavarro/Desktop/Workspace/ml/TensorFlow/wheelchair_files/ROI227_wc/wheelchair_264.jpg,182,106,307,205,wheelchair
/home/inavarro/Desktop/Workspace/ml/TensorFlow/wheelchair_files/ROI227_wc/wheelchair_297.jpg,16,30,284,289,wheelchair
/home/inavarro/Desktop/Workspace/ml/TensorFlow/wheelchair_files/ROI227_wc/wheelchair_193.jpg,42,52,223,224,wheelchair
/home/inavarro/Desktop/Workspace/ml/TensorFlow/wheelchair_files/ROI227_wc/wheelchair_669.jpg,22,62,259,271,wheelchair
/home/inavarro/Desktop/Workspace/ml/TensorFlow/wheelchair_files/ROI227_wc/wheelchair_261.jpg,109,139,210,236,wheelchair
/home/inavarro/Desktop/Workspace/ml/TensorFlow/wheelchair_files/ROI227_wc/wheelchair_466.jpg,113,93,206,220,wheelchair
/home/inavarro/Desktop/Workspace/ml/TensorFlow/wheelchair_files/ROI227_wc/wheelchair_570.jpg,36,24,275,307,wheelchair
/home/inavarro/Desktop/Workspace/ml/TensorFlow/wheelchair_files/ROI227_wc/wheelchair_230.jpg,113,85,189,146,wheelchair
/home/inavarro/Desktop/Workspace/ml/TensorFlow/wheelchair_files/ROI227_wc/wheelchair_573.jpg,95,55,277,313,wheelchair
/home/inavarro/Desktop/Workspace/ml/TensorFlow/wheelchair_files/ROI227_wc/wheelchair_70.jpg,103,196,310,321,wheelchair
