imageFilename,wheelchairs_ 1,wheelchairs_ 2,wheelchairs_ 3,wheelchairs_ 4,wheelchairs_ 5,wheelchairs_ 6,wheelchairs_ 7,wheelchairs_ 8,wheelchairs_ 9,wheelchairs_10,wheelchairs_11,wheelchairs_12
/home/inavarro/Desktop/Workspace/ml/matlab/ROI227_wc/wheelchair_670.jpg,7,35,161,143,,,,,,,,
/home/inavarro/Desktop/Workspace/ml/matlab/ROI227_wc/wheelchair_189.jpg,36,63,224,252,,,,,,,,
/home/inavarro/Desktop/Workspace/ml/matlab/ROI227_wc/wheelchair_256.jpg,190,117,98,78,,,,,,,,
/home/inavarro/Desktop/Workspace/ml/matlab/ROI227_wc/wheelchair_502.jpg,32,16,224,260,,,,,,,,
/home/inavarro/Desktop/Workspace/ml/matlab/ROI227_wc/wheelchair_106.jpg,7,177,124,115,,,,,,,,
/home/inavarro/Desktop/Workspace/ml/matlab/ROI227_wc/wheelchair_4.jpg,132,90,134,92,,,,,,,,
/home/inavarro/Desktop/Workspace/ml/matlab/ROI227_wc/wheelchair_181.jpg,91,116,109,98,,,,,,,,
/home/inavarro/Desktop/Workspace/ml/matlab/ROI227_wc/wheelchair_319.jpg,61,59,215,235,,,,,,,,
/home/inavarro/Desktop/Workspace/ml/matlab/ROI227_wc/wheelchair_456.jpg,136,105,111,98,,,,,,,,
/home/inavarro/Desktop/Workspace/ml/matlab/ROI227_wc/wheelchair_334.jpg,74,46,240,252,,,,,,,,
/home/inavarro/Desktop/Workspace/ml/matlab/ROI227_wc/wheelchair_697.jpg,14,134,217,178,,,,,,,,
/home/inavarro/Desktop/Workspace/ml/matlab/ROI227_wc/wheelchair_424.jpg,82,4,166,189,,,,,,,,
/home/inavarro/Desktop/Workspace/ml/matlab/ROI227_wc/wheelchair_372.jpg,46,23,221,260,,,,,,,,
/home/inavarro/Desktop/Workspace/ml/matlab/ROI227_wc/wheelchair_467.jpg,116,153,179,168,,,,,,,,
/home/inavarro/Desktop/Workspace/ml/matlab/ROI227_wc/wheelchair_145.jpg,75,91,142,145,,,,,,,,
/home/inavarro/Desktop/Workspace/ml/matlab/ROI227_wc/wheelchair_270.jpg,49,53,193,265,,,,,,,,
/home/inavarro/Desktop/Workspace/ml/matlab/ROI227_wc/wheelchair_513.jpg,64,7,257,276,,,,,,,,
/home/inavarro/Desktop/Workspace/ml/matlab/ROI227_wc/wheelchair_243.jpg,129,121,159,93,,,,,,,,
/home/inavarro/Desktop/Workspace/ml/matlab/ROI227_wc/wheelchair_408.jpg,210,152,79,62,,,,,,,,
/home/inavarro/Desktop/Workspace/ml/matlab/ROI227_wc/wheelchair_392.jpg,20,58,206,247,,,,,,,,
/home/inavarro/Desktop/Workspace/ml/matlab/ROI227_wc/wheelchair_704.jpg,25,43,158,198,,,,,,,,
/home/inavarro/Desktop/Workspace/ml/matlab/ROI227_wc/wheelchair_373.jpg,3,37,251,267,,,,,,,,
/home/inavarro/Desktop/Workspace/ml/matlab/ROI227_wc/wheelchair_249.jpg,96,54,140,145,,,,,,,,
/home/inavarro/Desktop/Workspace/ml/matlab/ROI227_wc/wheelchair_140.jpg,142,121,57,77,,,,,,,,
/home/inavarro/Desktop/Workspace/ml/matlab/ROI227_wc/wheelchair_593.jpg,28,61,82,71,,,,,,,,
/home/inavarro/Desktop/Workspace/ml/matlab/ROI227_wc/wheelchair_304.jpg,14,70,166,181,,,,,,,,
/home/inavarro/Desktop/Workspace/ml/matlab/ROI227_wc/wheelchair_387.jpg,24,28,233,282,,,,,,,,
/home/inavarro/Desktop/Workspace/ml/matlab/ROI227_wc/wheelchair_77.jpg,124,91,94,84,,,,,,,,
/home/inavarro/Desktop/Workspace/ml/matlab/ROI227_wc/wheelchair_468.jpg,185,99,77,118,,,,,,,,
/home/inavarro/Desktop/Workspace/ml/matlab/ROI227_wc/wheelchair_496.jpg,46,108,119,108,,,,,,,,
/home/inavarro/Desktop/Workspace/ml/matlab/ROI227_wc/wheelchair_131.jpg,66,109,136,106,,,,,,,,
/home/inavarro/Desktop/Workspace/ml/matlab/ROI227_wc/wheelchair_142.jpg,35,126,65,92,,,,,,,,
/home/inavarro/Desktop/Workspace/ml/matlab/ROI227_wc/wheelchair_707.jpg,188,108,118,123,,,,,,,,
/home/inavarro/Desktop/Workspace/ml/matlab/ROI227_wc/wheelchair_649.jpg,111,150,98,130,,,,,,,,
/home/inavarro/Desktop/Workspace/ml/matlab/ROI227_wc/wheelchair_267.jpg,41,123,137,91,,,,,,,,
/home/inavarro/Desktop/Workspace/ml/matlab/ROI227_wc/wheelchair_401.jpg,88,161,108,80,,,,,,,,
/home/inavarro/Desktop/Workspace/ml/matlab/ROI227_wc/wheelchair_341.jpg,20,52,267,269,,,,,,,,
/home/inavarro/Desktop/Workspace/ml/matlab/ROI227_wc/wheelchair_461.jpg,110,119,119,121,,,,,,,,
/home/inavarro/Desktop/Workspace/ml/matlab/ROI227_wc/wheelchair_480.jpg,21,74,236,243,,,,,,,,
/home/inavarro/Desktop/Workspace/ml/matlab/ROI227_wc/wheelchair_246.jpg,92,103,138,130,,,,,,,,
/home/inavarro/Desktop/Workspace/ml/matlab/ROI227_wc/wheelchair_253.jpg,96,101,115,106,,,,,,,,
/home/inavarro/Desktop/Workspace/ml/matlab/ROI227_wc/wheelchair_300.jpg,83,36,194,215,,,,,,,,
/home/inavarro/Desktop/Workspace/ml/matlab/ROI227_wc/wheelchair_450.jpg,203,1,70,63,118,180,144,250,,,,
/home/inavarro/Desktop/Workspace/ml/matlab/ROI227_wc/wheelchair_527.jpg,5,7,258,285,,,,,,,,
/home/inavarro/Desktop/Workspace/ml/matlab/ROI227_wc/wheelchair_477.jpg,123,138,83,103,,,,,,,,
/home/inavarro/Desktop/Workspace/ml/matlab/ROI227_wc/wheelchair_438.jpg,41,137,134,176,,,,,,,,
/home/inavarro/Desktop/Workspace/ml/matlab/ROI227_wc/wheelchair_379.jpg,60,51,194,254,,,,,,,,
/home/inavarro/Desktop/Workspace/ml/matlab/ROI227_wc/wheelchair_100.jpg,62,48,242,219,,,,,,,,
/home/inavarro/Desktop/Workspace/ml/matlab/ROI227_wc/wheelchair_104.jpg,68,115,66,80,,,,,,,,
/home/inavarro/Desktop/Workspace/ml/matlab/ROI227_wc/wheelchair_366.jpg,33,145,182,132,,,,,,,,
/home/inavarro/Desktop/Workspace/ml/matlab/ROI227_wc/wheelchair_580.jpg,255,95,96,126,54,102,65,97,,,,
/home/inavarro/Desktop/Workspace/ml/matlab/ROI227_wc/wheelchair_214.jpg,42,159,136,121,,,,,,,,
/home/inavarro/Desktop/Workspace/ml/matlab/ROI227_wc/wheelchair_687.jpg,137,121,121,90,,,,,,,,
/home/inavarro/Desktop/Workspace/ml/matlab/ROI227_wc/wheelchair_641.jpg,31,145,176,173,,,,,,,,
/home/inavarro/Desktop/Workspace/ml/matlab/ROI227_wc/wheelchair_568.jpg,25,90,260,193,,,,,,,,
/home/inavarro/Desktop/Workspace/ml/matlab/ROI227_wc/wheelchair_95.jpg,32,122,139,88,,,,,,,,
/home/inavarro/Desktop/Workspace/ml/matlab/ROI227_wc/wheelchair_400.jpg,137,64,85,118,,,,,,,,
/home/inavarro/Desktop/Workspace/ml/matlab/ROI227_wc/wheelchair_569.jpg,74,4,153,191,,,,,,,,
/home/inavarro/Desktop/Workspace/ml/matlab/ROI227_wc/wheelchair_539.jpg,20,6,210,310,,,,,,,,
/home/inavarro/Desktop/Workspace/ml/matlab/ROI227_wc/wheelchair_328.jpg,40,89,145,138,,,,,,,,
/home/inavarro/Desktop/Workspace/ml/matlab/ROI227_wc/wheelchair_557.jpg,72,112,79,112,,,,,,,,
/home/inavarro/Desktop/Workspace/ml/matlab/ROI227_wc/wheelchair_423.jpg,153,125,88,121,,,,,,,,
/home/inavarro/Desktop/Workspace/ml/matlab/ROI227_wc/wheelchair_137.jpg,79,162,107,103,,,,,,,,
/home/inavarro/Desktop/Workspace/ml/matlab/ROI227_wc/wheelchair_420.jpg,103,101,78,70,,,,,,,,
/home/inavarro/Desktop/Workspace/ml/matlab/ROI227_wc/wheelchair_459.jpg,114,91,101,83,,,,,,,,
/home/inavarro/Desktop/Workspace/ml/matlab/ROI227_wc/wheelchair_482.jpg,7,121,108,134,,,,,,,,
/home/inavarro/Desktop/Workspace/ml/matlab/ROI227_wc/wheelchair_642.jpg,8,159,107,138,,,,,,,,
/home/inavarro/Desktop/Workspace/ml/matlab/ROI227_wc/wheelchair_403.jpg,61,177,126,144,,,,,,,,
/home/inavarro/Desktop/Workspace/ml/matlab/ROI227_wc/wheelchair_173.jpg,103,91,114,121,,,,,,,,
/home/inavarro/Desktop/Workspace/ml/matlab/ROI227_wc/wheelchair_428.jpg,111,126,90,91,,,,,,,,
/home/inavarro/Desktop/Workspace/ml/matlab/ROI227_wc/wheelchair_362.jpg,36,50,200,266,,,,,,,,
/home/inavarro/Desktop/Workspace/ml/matlab/ROI227_wc/wheelchair_96.jpg,58,153,123,114,,,,,,,,
/home/inavarro/Desktop/Workspace/ml/matlab/ROI227_wc/wheelchair_284.jpg,97,28,151,203,,,,,,,,
/home/inavarro/Desktop/Workspace/ml/matlab/ROI227_wc/wheelchair_579.jpg,11,99,128,104,,,,,,,,
/home/inavarro/Desktop/Workspace/ml/matlab/ROI227_wc/wheelchair_229.jpg,111,122,169,160,,,,,,,,
/home/inavarro/Desktop/Workspace/ml/matlab/ROI227_wc/wheelchair_198.jpg,44,174,164,130,,,,,,,,
/home/inavarro/Desktop/Workspace/ml/matlab/ROI227_wc/wheelchair_698.jpg,4,95,234,203,,,,,,,,
/home/inavarro/Desktop/Workspace/ml/matlab/ROI227_wc/wheelchair_116.jpg,22,164,215,157,,,,,,,,
/home/inavarro/Desktop/Workspace/ml/matlab/ROI227_wc/wheelchair_176.jpg,12,148,209,170,,,,,,,,
/home/inavarro/Desktop/Workspace/ml/matlab/ROI227_wc/wheelchair_139.jpg,110,93,150,100,,,,,,,,
/home/inavarro/Desktop/Workspace/ml/matlab/ROI227_wc/wheelchair_73.jpg,110,102,113,123,,,,,,,,
/home/inavarro/Desktop/Workspace/ml/matlab/ROI227_wc/wheelchair_643.jpg,9,56,122,156,,,,,,,,
/home/inavarro/Desktop/Workspace/ml/matlab/ROI227_wc/wheelchair_85.jpg,53,112,124,111,,,,,,,,
/home/inavarro/Desktop/Workspace/ml/matlab/ROI227_wc/wheelchair_199.jpg,52,185,162,131,,,,,,,,
/home/inavarro/Desktop/Workspace/ml/matlab/ROI227_wc/wheelchair_274.jpg,1,53,197,216,,,,,,,,
/home/inavarro/Desktop/Workspace/ml/matlab/ROI227_wc/wheelchair_44.jpg,218,68,105,131,82,77,66,67,,,,
/home/inavarro/Desktop/Workspace/ml/matlab/ROI227_wc/wheelchair_117.jpg,122,113,85,79,,,,,,,,
/home/inavarro/Desktop/Workspace/ml/matlab/ROI227_wc/wheelchair_275.jpg,30,20,228,287,,,,,,,,
/home/inavarro/Desktop/Workspace/ml/matlab/ROI227_wc/wheelchair_648.jpg,154,27,157,205,,,,,,,,
/home/inavarro/Desktop/Workspace/ml/matlab/ROI227_wc/wheelchair_525.jpg,58,9,234,301,,,,,,,,
/home/inavarro/Desktop/Workspace/ml/matlab/ROI227_wc/wheelchair_634.jpg,93,113,160,128,,,,,,,,
/home/inavarro/Desktop/Workspace/ml/matlab/ROI227_wc/wheelchair_149.jpg,124,92,138,109,,,,,,,,
/home/inavarro/Desktop/Workspace/ml/matlab/ROI227_wc/wheelchair_126.jpg,148,111,114,96,,,,,,,,
/home/inavarro/Desktop/Workspace/ml/matlab/ROI227_wc/wheelchair_41.jpg,51,175,123,137,,,,,,,,
/home/inavarro/Desktop/Workspace/ml/matlab/ROI227_wc/wheelchair_306.jpg,56,23,176,178,,,,,,,,
/home/inavarro/Desktop/Workspace/ml/matlab/ROI227_wc/wheelchair_97.jpg,11,167,161,130,,,,,,,,
/home/inavarro/Desktop/Workspace/ml/matlab/ROI227_wc/wheelchair_629.jpg,103,115,196,164,,,,,,,,
/home/inavarro/Desktop/Workspace/ml/matlab/ROI227_wc/wheelchair_251.jpg,36,74,114,93,,,,,,,,
/home/inavarro/Desktop/Workspace/ml/matlab/ROI227_wc/wheelchair_175.jpg,14,163,202,151,,,,,,,,
/home/inavarro/Desktop/Workspace/ml/matlab/ROI227_wc/wheelchair_498.jpg,44,12,244,299,,,,,,,,
/home/inavarro/Desktop/Workspace/ml/matlab/ROI227_wc/wheelchair_303.jpg,24,18,223,269,,,,,,,,
/home/inavarro/Desktop/Workspace/ml/matlab/ROI227_wc/wheelchair_578.jpg,111,46,154,208,,,,,,,,
/home/inavarro/Desktop/Workspace/ml/matlab/ROI227_wc/wheelchair_454.jpg,,,,,,,,,,,,
/home/inavarro/Desktop/Workspace/ml/matlab/ROI227_wc/wheelchair_156.jpg,29,80,116,69,,,,,,,,
/home/inavarro/Desktop/Workspace/ml/matlab/ROI227_wc/wheelchair_491.jpg,4,9,216,297,,,,,,,,
/home/inavarro/Desktop/Workspace/ml/matlab/ROI227_wc/wheelchair_201.jpg,17,171,144,150,,,,,,,,
/home/inavarro/Desktop/Workspace/ml/matlab/ROI227_wc/wheelchair_415.jpg,146,89,132,102,,,,,,,,
/home/inavarro/Desktop/Workspace/ml/matlab/ROI227_wc/wheelchair_172.jpg,135,106,75,65,,,,,,,,
/home/inavarro/Desktop/Workspace/ml/matlab/ROI227_wc/wheelchair_110.jpg,82,190,147,116,,,,,,,,
/home/inavarro/Desktop/Workspace/ml/matlab/ROI227_wc/wheelchair_283.jpg,13,27,269,265,,,,,,,,
/home/inavarro/Desktop/Workspace/ml/matlab/ROI227_wc/wheelchair_606.jpg,41,192,166,129,,,,,,,,
/home/inavarro/Desktop/Workspace/ml/matlab/ROI227_wc/wheelchair_443.jpg,98,221,72,93,,,,,,,,
/home/inavarro/Desktop/Workspace/ml/matlab/ROI227_wc/wheelchair_98.jpg,52,142,97,161,,,,,,,,
/home/inavarro/Desktop/Workspace/ml/matlab/ROI227_wc/wheelchair_646.jpg,58,67,230,243,,,,,,,,
/home/inavarro/Desktop/Workspace/ml/matlab/ROI227_wc/wheelchair_521.jpg,18,36,235,233,,,,,,,,
/home/inavarro/Desktop/Workspace/ml/matlab/ROI227_wc/wheelchair_538.jpg,56,32,193,222,,,,,,,,
/home/inavarro/Desktop/Workspace/ml/matlab/ROI227_wc/wheelchair_260.jpg,124,115,148,133,,,,,,,,
/home/inavarro/Desktop/Workspace/ml/matlab/ROI227_wc/wheelchair_635.jpg,49,142,220,167,,,,,,,,
/home/inavarro/Desktop/Workspace/ml/matlab/ROI227_wc/wheelchair_269.jpg,45,109,150,161,,,,,,,,
/home/inavarro/Desktop/Workspace/ml/matlab/ROI227_wc/wheelchair_483.jpg,17,163,128,139,,,,,,,,
/home/inavarro/Desktop/Workspace/ml/matlab/ROI227_wc/wheelchair_143.jpg,87,87,129,118,,,,,,,,
/home/inavarro/Desktop/Workspace/ml/matlab/ROI227_wc/wheelchair_321.jpg,55,8,207,304,,,,,,,,
/home/inavarro/Desktop/Workspace/ml/matlab/ROI227_wc/wheelchair_315.jpg,49,48,236,249,,,,,,,,
/home/inavarro/Desktop/Workspace/ml/matlab/ROI227_wc/wheelchair_76.jpg,12,13,278,286,,,,,,,,
/home/inavarro/Desktop/Workspace/ml/matlab/ROI227_wc/wheelchair_72.jpg,82,119,152,93,,,,,,,,
/home/inavarro/Desktop/Workspace/ml/matlab/ROI227_wc/wheelchair_402.jpg,29,17,280,304,,,,,,,,
/home/inavarro/Desktop/Workspace/ml/matlab/ROI227_wc/wheelchair_523.jpg,11,71,143,218,,,,,,,,
/home/inavarro/Desktop/Workspace/ml/matlab/ROI227_wc/wheelchair_266.jpg,86,65,64,65,,,,,,,,
/home/inavarro/Desktop/Workspace/ml/matlab/ROI227_wc/wheelchair_55.jpg,25,49,199,271,,,,,,,,
/home/inavarro/Desktop/Workspace/ml/matlab/ROI227_wc/wheelchair_138.jpg,182,117,139,93,,,,,,,,
/home/inavarro/Desktop/Workspace/ml/matlab/ROI227_wc/wheelchair_393.jpg,94,38,207,279,,,,,,,,
/home/inavarro/Desktop/Workspace/ml/matlab/ROI227_wc/wheelchair_469.jpg,3,55,241,266,,,,,,,,
/home/inavarro/Desktop/Workspace/ml/matlab/ROI227_wc/wheelchair_327.jpg,78,46,229,262,,,,,,,,
/home/inavarro/Desktop/Workspace/ml/matlab/ROI227_wc/wheelchair_74.jpg,2,22,161,171,,,,,,,,
/home/inavarro/Desktop/Workspace/ml/matlab/ROI227_wc/wheelchair_700.jpg,5,76,129,124,,,,,,,,
/home/inavarro/Desktop/Workspace/ml/matlab/ROI227_wc/wheelchair_429.jpg,98,271,101,50,,,,,,,,
/home/inavarro/Desktop/Workspace/ml/matlab/ROI227_wc/wheelchair_526.jpg,43,50,259,248,,,,,,,,
/home/inavarro/Desktop/Workspace/ml/matlab/ROI227_wc/wheelchair_395.jpg,133,36,169,269,,,,,,,,
/home/inavarro/Desktop/Workspace/ml/matlab/ROI227_wc/wheelchair_93.jpg,129,39,191,168,,,,,,,,
/home/inavarro/Desktop/Workspace/ml/matlab/ROI227_wc/wheelchair_9.jpg,98,137,158,133,,,,,,,,
/home/inavarro/Desktop/Workspace/ml/matlab/ROI227_wc/wheelchair_677.jpg,2,20,134,169,,,,,,,,
/home/inavarro/Desktop/Workspace/ml/matlab/ROI227_wc/wheelchair_37.jpg,33,119,179,195,,,,,,,,
/home/inavarro/Desktop/Workspace/ml/matlab/ROI227_wc/wheelchair_592.jpg,174,181,120,118,,,,,,,,
/home/inavarro/Desktop/Workspace/ml/matlab/ROI227_wc/wheelchair_399.jpg,42,70,144,205,,,,,,,,
/home/inavarro/Desktop/Workspace/ml/matlab/ROI227_wc/wheelchair_322.jpg,80,53,173,180,,,,,,,,
/home/inavarro/Desktop/Workspace/ml/matlab/ROI227_wc/wheelchair_365.jpg,11,46,194,237,,,,,,,,
/home/inavarro/Desktop/Workspace/ml/matlab/ROI227_wc/wheelchair_440.jpg,130,132,82,96,,,,,,,,
/home/inavarro/Desktop/Workspace/ml/matlab/ROI227_wc/wheelchair_510.jpg,34,36,227,258,,,,,,,,
/home/inavarro/Desktop/Workspace/ml/matlab/ROI227_wc/wheelchair_27.jpg,141,105,108,108,,,,,,,,
/home/inavarro/Desktop/Workspace/ml/matlab/ROI227_wc/wheelchair_272.jpg,38,95,218,216,,,,,,,,
/home/inavarro/Desktop/Workspace/ml/matlab/ROI227_wc/wheelchair_369.jpg,29,27,232,282,,,,,,,,
/home/inavarro/Desktop/Workspace/ml/matlab/ROI227_wc/wheelchair_605.jpg,57,30,248,250,,,,,,,,
/home/inavarro/Desktop/Workspace/ml/matlab/ROI227_wc/wheelchair_114.jpg,99,84,122,92,,,,,,,,
/home/inavarro/Desktop/Workspace/ml/matlab/ROI227_wc/wheelchair_684.jpg,5,9,288,248,,,,,,,,
/home/inavarro/Desktop/Workspace/ml/matlab/ROI227_wc/wheelchair_124.jpg,96,114,104,89,,,,,,,,
/home/inavarro/Desktop/Workspace/ml/matlab/ROI227_wc/wheelchair_224.jpg,169,116,89,113,,,,,,,,
/home/inavarro/Desktop/Workspace/ml/matlab/ROI227_wc/wheelchair_239.jpg,157,73,117,108,,,,,,,,
/home/inavarro/Desktop/Workspace/ml/matlab/ROI227_wc/wheelchair_207.jpg,10,168,149,144,,,,,,,,
/home/inavarro/Desktop/Workspace/ml/matlab/ROI227_wc/wheelchair_518.jpg,9,49,225,266,,,,,,,,
/home/inavarro/Desktop/Workspace/ml/matlab/ROI227_wc/wheelchair_374.jpg,13,51,192,208,,,,,,,,
/home/inavarro/Desktop/Workspace/ml/matlab/ROI227_wc/wheelchair_556.jpg,47,59,209,241,,,,,,,,
/home/inavarro/Desktop/Workspace/ml/matlab/ROI227_wc/wheelchair_250.jpg,124,186,121,115,,,,,,,,
/home/inavarro/Desktop/Workspace/ml/matlab/ROI227_wc/wheelchair_380.jpg,29,47,207,274,,,,,,,,
/home/inavarro/Desktop/Workspace/ml/matlab/ROI227_wc/wheelchair_279.jpg,55,59,132,221,,,,,,,,
/home/inavarro/Desktop/Workspace/ml/matlab/ROI227_wc/wheelchair_178.jpg,98,98,152,143,,,,,,,,
/home/inavarro/Desktop/Workspace/ml/matlab/ROI227_wc/wheelchair_282.jpg,67,36,157,176,,,,,,,,
/home/inavarro/Desktop/Workspace/ml/matlab/ROI227_wc/wheelchair_404.jpg,15,171,107,97,,,,,,,,
/home/inavarro/Desktop/Workspace/ml/matlab/ROI227_wc/wheelchair_360.jpg,48,16,225,281,,,,,,,,
/home/inavarro/Desktop/Workspace/ml/matlab/ROI227_wc/wheelchair_471.jpg,27,149,104,92,,,,,,,,
/home/inavarro/Desktop/Workspace/ml/matlab/ROI227_wc/wheelchair_457.jpg,64,32,221,258,,,,,,,,
/home/inavarro/Desktop/Workspace/ml/matlab/ROI227_wc/wheelchair_460.jpg,56,114,124,168,,,,,,,,
/home/inavarro/Desktop/Workspace/ml/matlab/ROI227_wc/wheelchair_13.jpg,185,27,110,119,107,121,107,107,,,,
/home/inavarro/Desktop/Workspace/ml/matlab/ROI227_wc/wheelchair_394.jpg,8,34,189,259,,,,,,,,
/home/inavarro/Desktop/Workspace/ml/matlab/ROI227_wc/wheelchair_544.jpg,10,34,256,255,,,,,,,,
/home/inavarro/Desktop/Workspace/ml/matlab/ROI227_wc/wheelchair_504.jpg,30,58,214,251,,,,,,,,
/home/inavarro/Desktop/Workspace/ml/matlab/ROI227_wc/wheelchair_357.jpg,112,112,110,127,,,,,,,,
/home/inavarro/Desktop/Workspace/ml/matlab/ROI227_wc/wheelchair_11.jpg,99,160,110,150,,,,,,,,
/home/inavarro/Desktop/Workspace/ml/matlab/ROI227_wc/wheelchair_358.jpg,41,76,234,209,,,,,,,,
/home/inavarro/Desktop/Workspace/ml/matlab/ROI227_wc/wheelchair_344.jpg,221,132,88,95,,,,,,,,
/home/inavarro/Desktop/Workspace/ml/matlab/ROI227_wc/wheelchair_48.jpg,57,168,176,145,,,,,,,,
/home/inavarro/Desktop/Workspace/ml/matlab/ROI227_wc/wheelchair_89.jpg,1,7,277,306,,,,,,,,
/home/inavarro/Desktop/Workspace/ml/matlab/ROI227_wc/wheelchair_437.jpg,19,160,136,140,,,,,,,,
/home/inavarro/Desktop/Workspace/ml/matlab/ROI227_wc/wheelchair_340.jpg,23,39,209,242,,,,,,,,
/home/inavarro/Desktop/Workspace/ml/matlab/ROI227_wc/wheelchair_20.jpg,213,105,96,100,,,,,,,,
/home/inavarro/Desktop/Workspace/ml/matlab/ROI227_wc/wheelchair_8.jpg,38,107,87,80,,,,,,,,
/home/inavarro/Desktop/Workspace/ml/matlab/ROI227_wc/wheelchair_161.jpg,4,157,195,150,,,,,,,,
/home/inavarro/Desktop/Workspace/ml/matlab/ROI227_wc/wheelchair_265.jpg,33,113,111,101,,,,,,,,
/home/inavarro/Desktop/Workspace/ml/matlab/ROI227_wc/wheelchair_108.jpg,101,44,170,168,,,,,,,,
/home/inavarro/Desktop/Workspace/ml/matlab/ROI227_wc/wheelchair_64.jpg,152,21,96,100,80,56,64,61,,,,
/home/inavarro/Desktop/Workspace/ml/matlab/ROI227_wc/wheelchair_221.jpg,9,129,203,185,,,,,,,,
/home/inavarro/Desktop/Workspace/ml/matlab/ROI227_wc/wheelchair_463.jpg,182,99,65,105,,,,,,,,
/home/inavarro/Desktop/Workspace/ml/matlab/ROI227_wc/wheelchair_572.jpg,46,27,211,270,,,,,,,,
/home/inavarro/Desktop/Workspace/ml/matlab/ROI227_wc/wheelchair_122.jpg,33,37,265,282,,,,,,,,
/home/inavarro/Desktop/Workspace/ml/matlab/ROI227_wc/wheelchair_508.jpg,105,128,98,81,,,,,,,,
/home/inavarro/Desktop/Workspace/ml/matlab/ROI227_wc/wheelchair_285.jpg,10,11,279,284,,,,,,,,
/home/inavarro/Desktop/Workspace/ml/matlab/ROI227_wc/wheelchair_350.jpg,75,46,152,153,,,,,,,,
/home/inavarro/Desktop/Workspace/ml/matlab/ROI227_wc/wheelchair_486.jpg,66,208,141,113,,,,,,,,
/home/inavarro/Desktop/Workspace/ml/matlab/ROI227_wc/wheelchair_598.jpg,2,2,207,191,,,,,,,,
/home/inavarro/Desktop/Workspace/ml/matlab/ROI227_wc/wheelchair_155.jpg,24,65,232,245,,,,,,,,
/home/inavarro/Desktop/Workspace/ml/matlab/ROI227_wc/wheelchair_112.jpg,139,95,89,79,,,,,,,,
/home/inavarro/Desktop/Workspace/ml/matlab/ROI227_wc/wheelchair_147.jpg,35,193,93,125,,,,,,,,
/home/inavarro/Desktop/Workspace/ml/matlab/ROI227_wc/wheelchair_26.jpg,182,99,117,131,,,,,,,,
/home/inavarro/Desktop/Workspace/ml/matlab/ROI227_wc/wheelchair_24.jpg,140,114,164,160,,,,,,,,
/home/inavarro/Desktop/Workspace/ml/matlab/ROI227_wc/wheelchair_425.jpg,137,136,122,163,,,,,,,,
/home/inavarro/Desktop/Workspace/ml/matlab/ROI227_wc/wheelchair_530.jpg,32,57,149,260,,,,,,,,
/home/inavarro/Desktop/Workspace/ml/matlab/ROI227_wc/wheelchair_38.jpg,86,118,95,86,,,,,,,,
/home/inavarro/Desktop/Workspace/ml/matlab/ROI227_wc/wheelchair_546.jpg,49,8,169,246,,,,,,,,
/home/inavarro/Desktop/Workspace/ml/matlab/ROI227_wc/wheelchair_397.jpg,64,18,253,261,,,,,,,,
/home/inavarro/Desktop/Workspace/ml/matlab/ROI227_wc/wheelchair_121.jpg,121,120,127,94,,,,,,,,
/home/inavarro/Desktop/Workspace/ml/matlab/ROI227_wc/wheelchair_507.jpg,50,50,216,266,,,,,,,,
/home/inavarro/Desktop/Workspace/ml/matlab/ROI227_wc/wheelchair_509.jpg,43,47,230,267,,,,,,,,
/home/inavarro/Desktop/Workspace/ml/matlab/ROI227_wc/wheelchair_586.jpg,99,133,156,108,,,,,,,,
/home/inavarro/Desktop/Workspace/ml/matlab/ROI227_wc/wheelchair_195.jpg,53,196,119,92,,,,,,,,
/home/inavarro/Desktop/Workspace/ml/matlab/ROI227_wc/wheelchair_368.jpg,58,116,198,181,,,,,,,,
/home/inavarro/Desktop/Workspace/ml/matlab/ROI227_wc/wheelchair_346.jpg,39,23,261,279,,,,,,,,
/home/inavarro/Desktop/Workspace/ml/matlab/ROI227_wc/wheelchair_616.jpg,21,123,164,134,,,,,,,,
/home/inavarro/Desktop/Workspace/ml/matlab/ROI227_wc/wheelchair_512.jpg,64,36,236,275,,,,,,,,
/home/inavarro/Desktop/Workspace/ml/matlab/ROI227_wc/wheelchair_292.jpg,74,5,174,190,,,,,,,,
/home/inavarro/Desktop/Workspace/ml/matlab/ROI227_wc/wheelchair_6.jpg,49,122,95,106,,,,,,,,
/home/inavarro/Desktop/Workspace/ml/matlab/ROI227_wc/wheelchair_516.jpg,6,6,261,242,,,,,,,,
/home/inavarro/Desktop/Workspace/ml/matlab/ROI227_wc/wheelchair_210.jpg,109,110,106,71,,,,,,,,
/home/inavarro/Desktop/Workspace/ml/matlab/ROI227_wc/wheelchair_610.jpg,16,118,141,116,,,,,,,,
/home/inavarro/Desktop/Workspace/ml/matlab/ROI227_wc/wheelchair_475.jpg,,,,,,,,,,,,
/home/inavarro/Desktop/Workspace/ml/matlab/ROI227_wc/wheelchair_488.jpg,113,151,73,117,,,,,,,,
/home/inavarro/Desktop/Workspace/ml/matlab/ROI227_wc/wheelchair_612.jpg,36,121,83,65,,,,,,,,
/home/inavarro/Desktop/Workspace/ml/matlab/ROI227_wc/wheelchair_541.jpg,45,42,119,211,,,,,,,,
/home/inavarro/Desktop/Workspace/ml/matlab/ROI227_wc/wheelchair_485.jpg,132,89,85,129,,,,,,,,
/home/inavarro/Desktop/Workspace/ml/matlab/ROI227_wc/wheelchair_45.jpg,25,130,164,172,,,,,,,,
/home/inavarro/Desktop/Workspace/ml/matlab/ROI227_wc/wheelchair_32.jpg,96,43,181,152,,,,,,,,
/home/inavarro/Desktop/Workspace/ml/matlab/ROI227_wc/wheelchair_242.jpg,16,87,129,119,,,,,,,,
/home/inavarro/Desktop/Workspace/ml/matlab/ROI227_wc/wheelchair_273.jpg,66,62,191,238,,,,,,,,
/home/inavarro/Desktop/Workspace/ml/matlab/ROI227_wc/wheelchair_144.jpg,63,101,203,212,,,,,,,,
/home/inavarro/Desktop/Workspace/ml/matlab/ROI227_wc/wheelchair_335.jpg,56,88,195,215,,,,,,,,
/home/inavarro/Desktop/Workspace/ml/matlab/ROI227_wc/wheelchair_36.jpg,192,61,125,118,80,85,47,54,,,,
/home/inavarro/Desktop/Workspace/ml/matlab/ROI227_wc/wheelchair_706.jpg,6,141,227,180,,,,,,,,
/home/inavarro/Desktop/Workspace/ml/matlab/ROI227_wc/wheelchair_455.jpg,167,108,131,176,,,,,,,,
/home/inavarro/Desktop/Workspace/ml/matlab/ROI227_wc/wheelchair_444.jpg,80,109,102,105,,,,,,,,
/home/inavarro/Desktop/Workspace/ml/matlab/ROI227_wc/wheelchair_604.jpg,110,138,133,95,,,,,,,,
/home/inavarro/Desktop/Workspace/ml/matlab/ROI227_wc/wheelchair_636.jpg,105,79,121,102,,,,,,,,
/home/inavarro/Desktop/Workspace/ml/matlab/ROI227_wc/wheelchair_433.jpg,59,98,121,154,,,,,,,,
/home/inavarro/Desktop/Workspace/ml/matlab/ROI227_wc/wheelchair_205.jpg,65,209,106,87,,,,,,,,
/home/inavarro/Desktop/Workspace/ml/matlab/ROI227_wc/wheelchair_462.jpg,25,44,137,133,,,,,,,,
/home/inavarro/Desktop/Workspace/ml/matlab/ROI227_wc/wheelchair_608.jpg,66,91,87,71,,,,,,,,
/home/inavarro/Desktop/Workspace/ml/matlab/ROI227_wc/wheelchair_102.jpg,124,156,136,144,,,,,,,,
/home/inavarro/Desktop/Workspace/ml/matlab/ROI227_wc/wheelchair_56.jpg,14,137,177,77,,,,,,,,
/home/inavarro/Desktop/Workspace/ml/matlab/ROI227_wc/wheelchair_601.jpg,100,94,132,94,,,,,,,,
/home/inavarro/Desktop/Workspace/ml/matlab/ROI227_wc/wheelchair_191.jpg,95,74,184,134,,,,,,,,
/home/inavarro/Desktop/Workspace/ml/matlab/ROI227_wc/wheelchair_416.jpg,70,158,131,89,,,,,,,,
/home/inavarro/Desktop/Workspace/ml/matlab/ROI227_wc/wheelchair_419.jpg,130,119,121,95,,,,,,,,
/home/inavarro/Desktop/Workspace/ml/matlab/ROI227_wc/wheelchair_305.jpg,96,57,142,184,,,,,,,,
/home/inavarro/Desktop/Workspace/ml/matlab/ROI227_wc/wheelchair_348.jpg,2,39,179,255,,,,,,,,
/home/inavarro/Desktop/Workspace/ml/matlab/ROI227_wc/wheelchair_376.jpg,29,35,199,279,,,,,,,,
/home/inavarro/Desktop/Workspace/ml/matlab/ROI227_wc/wheelchair_626.jpg,49,161,180,153,,,,,,,,
/home/inavarro/Desktop/Workspace/ml/matlab/ROI227_wc/wheelchair_153.jpg,7,93,163,115,,,,,,,,
/home/inavarro/Desktop/Workspace/ml/matlab/ROI227_wc/wheelchair_409.jpg,73,93,64,91,,,,,,,,
/home/inavarro/Desktop/Workspace/ml/matlab/ROI227_wc/wheelchair_15.jpg,79,74,218,216,,,,,,,,
/home/inavarro/Desktop/Workspace/ml/matlab/ROI227_wc/wheelchair_202.jpg,89,173,113,133,,,,,,,,
/home/inavarro/Desktop/Workspace/ml/matlab/ROI227_wc/wheelchair_478.jpg,257,136,11,143,64,80,148,83,,,,
/home/inavarro/Desktop/Workspace/ml/matlab/ROI227_wc/wheelchair_356.jpg,48,41,166,206,,,,,,,,
/home/inavarro/Desktop/Workspace/ml/matlab/ROI227_wc/wheelchair_128.jpg,101,154,106,92,,,,,,,,
/home/inavarro/Desktop/Workspace/ml/matlab/ROI227_wc/wheelchair_585.jpg,27,160,197,157,,,,,,,,
/home/inavarro/Desktop/Workspace/ml/matlab/ROI227_wc/wheelchair_53.jpg,121,103,95,84,,,,,,,,
/home/inavarro/Desktop/Workspace/ml/matlab/ROI227_wc/wheelchair_254.jpg,108,61,118,107,,,,,,,,
/home/inavarro/Desktop/Workspace/ml/matlab/ROI227_wc/wheelchair_386.jpg,19,47,172,253,,,,,,,,
/home/inavarro/Desktop/Workspace/ml/matlab/ROI227_wc/wheelchair_119.jpg,81,76,130,85,,,,,,,,
/home/inavarro/Desktop/Workspace/ml/matlab/ROI227_wc/wheelchair_200.jpg,10,72,246,214,,,,,,,,
/home/inavarro/Desktop/Workspace/ml/matlab/ROI227_wc/wheelchair_299.jpg,17,37,150,219,,,,,,,,
/home/inavarro/Desktop/Workspace/ml/matlab/ROI227_wc/wheelchair_185.jpg,58,149,171,172,,,,,,,,
/home/inavarro/Desktop/Workspace/ml/matlab/ROI227_wc/wheelchair_293.jpg,61,93,196,212,,,,,,,,
/home/inavarro/Desktop/Workspace/ml/matlab/ROI227_wc/wheelchair_565.jpg,37,21,265,268,,,,,,,,
/home/inavarro/Desktop/Workspace/ml/matlab/ROI227_wc/wheelchair_503.jpg,32,63,186,230,,,,,,,,
/home/inavarro/Desktop/Workspace/ml/matlab/ROI227_wc/wheelchair_552.jpg,9,134,148,161,,,,,,,,
/home/inavarro/Desktop/Workspace/ml/matlab/ROI227_wc/wheelchair_271.jpg,60,63,198,221,,,,,,,,
/home/inavarro/Desktop/Workspace/ml/matlab/ROI227_wc/wheelchair_17.jpg,106,89,122,97,,,,,,,,
/home/inavarro/Desktop/Workspace/ml/matlab/ROI227_wc/wheelchair_528.jpg,26,14,222,291,,,,,,,,
/home/inavarro/Desktop/Workspace/ml/matlab/ROI227_wc/wheelchair_18.jpg,77,112,121,81,,,,,,,,
/home/inavarro/Desktop/Workspace/ml/matlab/ROI227_wc/wheelchair_49.jpg,18,153,173,161,,,,,,,,
/home/inavarro/Desktop/Workspace/ml/matlab/ROI227_wc/wheelchair_226.jpg,64,165,165,146,,,,,,,,
/home/inavarro/Desktop/Workspace/ml/matlab/ROI227_wc/wheelchair_561.jpg,19,137,194,175,,,,,,,,
/home/inavarro/Desktop/Workspace/ml/matlab/ROI227_wc/wheelchair_92.jpg,138,92,154,128,,,,,,,,
/home/inavarro/Desktop/Workspace/ml/matlab/ROI227_wc/wheelchair_582.jpg,29,165,180,155,,,,,,,,
/home/inavarro/Desktop/Workspace/ml/matlab/ROI227_wc/wheelchair_589.jpg,37,59,212,223,,,,,,,,
/home/inavarro/Desktop/Workspace/ml/matlab/ROI227_wc/wheelchair_464.jpg,126,140,95,74,,,,,,,,
/home/inavarro/Desktop/Workspace/ml/matlab/ROI227_wc/wheelchair_583.jpg,102,66,85,68,,,,,,,,
/home/inavarro/Desktop/Workspace/ml/matlab/ROI227_wc/wheelchair_465.jpg,54,135,109,155,,,,,,,,
/home/inavarro/Desktop/Workspace/ml/matlab/ROI227_wc/wheelchair_211.jpg,59,71,228,223,,,,,,,,
/home/inavarro/Desktop/Workspace/ml/matlab/ROI227_wc/wheelchair_330.jpg,87,30,181,177,,,,,,,,
/home/inavarro/Desktop/Workspace/ml/matlab/ROI227_wc/wheelchair_194.jpg,115,120,165,142,,,,,,,,
/home/inavarro/Desktop/Workspace/ml/matlab/ROI227_wc/wheelchair_184.jpg,29,146,173,168,,,,,,,,
/home/inavarro/Desktop/Workspace/ml/matlab/ROI227_wc/wheelchair_218.jpg,163,128,119,118,,,,,,,,
/home/inavarro/Desktop/Workspace/ml/matlab/ROI227_wc/wheelchair_31.jpg,198,64,105,81,,,,,,,,
/home/inavarro/Desktop/Workspace/ml/matlab/ROI227_wc/wheelchair_367.jpg,72,13,226,267,,,,,,,,
/home/inavarro/Desktop/Workspace/ml/matlab/ROI227_wc/wheelchair_551.jpg,42,71,201,235,,,,,,,,
/home/inavarro/Desktop/Workspace/ml/matlab/ROI227_wc/wheelchair_236.jpg,111,37,203,172,,,,,,,,
/home/inavarro/Desktop/Workspace/ml/matlab/ROI227_wc/wheelchair_84.jpg,66,185,179,128,,,,,,,,
/home/inavarro/Desktop/Workspace/ml/matlab/ROI227_wc/wheelchair_645.jpg,40,72,146,172,,,,,,,,
/home/inavarro/Desktop/Workspace/ml/matlab/ROI227_wc/wheelchair_647.jpg,158,52,155,180,,,,,,,,
/home/inavarro/Desktop/Workspace/ml/matlab/ROI227_wc/wheelchair_54.jpg,100,70,102,80,,,,,,,,
/home/inavarro/Desktop/Workspace/ml/matlab/ROI227_wc/wheelchair_473.jpg,152,118,59,80,,,,,,,,
/home/inavarro/Desktop/Workspace/ml/matlab/ROI227_wc/wheelchair_631.jpg,30,147,233,169,,,,,,,,
/home/inavarro/Desktop/Workspace/ml/matlab/ROI227_wc/wheelchair_309.jpg,60,47,219,257,,,,,,,,
/home/inavarro/Desktop/Workspace/ml/matlab/ROI227_wc/wheelchair_232.jpg,1,211,155,110,,,,,,,,
/home/inavarro/Desktop/Workspace/ml/matlab/ROI227_wc/wheelchair_501.jpg,6,26,314,228,,,,,,,,
/home/inavarro/Desktop/Workspace/ml/matlab/ROI227_wc/wheelchair_186.jpg,35,159,198,162,,,,,,,,
/home/inavarro/Desktop/Workspace/ml/matlab/ROI227_wc/wheelchair_141.jpg,38,184,157,133,,,,,,,,
/home/inavarro/Desktop/Workspace/ml/matlab/ROI227_wc/wheelchair_495.jpg,68,35,184,264,,,,,,,,
/home/inavarro/Desktop/Workspace/ml/matlab/ROI227_wc/wheelchair_343.jpg,134,71,148,139,,,,,,,,
/home/inavarro/Desktop/Workspace/ml/matlab/ROI227_wc/wheelchair_678.jpg,11,65,186,215,,,,,,,,
/home/inavarro/Desktop/Workspace/ml/matlab/ROI227_wc/wheelchair_307.jpg,54,38,154,149,,,,,,,,
/home/inavarro/Desktop/Workspace/ml/matlab/ROI227_wc/wheelchair_7.jpg,122,111,78,67,,,,,,,,
/home/inavarro/Desktop/Workspace/ml/matlab/ROI227_wc/wheelchair_188.jpg,18,15,239,198,,,,,,,,
/home/inavarro/Desktop/Workspace/ml/matlab/ROI227_wc/wheelchair_3.jpg,34,160,226,153,,,,,,,,
/home/inavarro/Desktop/Workspace/ml/matlab/ROI227_wc/wheelchair_532.jpg,40,44,176,273,,,,,,,,
/home/inavarro/Desktop/Workspace/ml/matlab/ROI227_wc/wheelchair_28.jpg,214,98,2,47,49,68,64,63,47,88,85,69
/home/inavarro/Desktop/Workspace/ml/matlab/ROI227_wc/wheelchair_301.jpg,65,28,163,175,,,,,,,,
/home/inavarro/Desktop/Workspace/ml/matlab/ROI227_wc/wheelchair_407.jpg,111,193,91,71,,,,,,,,
/home/inavarro/Desktop/Workspace/ml/matlab/ROI227_wc/wheelchair_640.jpg,2,77,80,123,,,,,,,,
/home/inavarro/Desktop/Workspace/ml/matlab/ROI227_wc/wheelchair_708.jpg,172,49,124,142,,,,,,,,
/home/inavarro/Desktop/Workspace/ml/matlab/ROI227_wc/wheelchair_591.jpg,217,110,104,103,,,,,,,,
/home/inavarro/Desktop/Workspace/ml/matlab/ROI227_wc/wheelchair_338.jpg,36,51,224,264,,,,,,,,
/home/inavarro/Desktop/Workspace/ml/matlab/ROI227_wc/wheelchair_426.jpg,,,,,,,,,,,,
/home/inavarro/Desktop/Workspace/ml/matlab/ROI227_wc/wheelchair_351.jpg,16,5,257,311,,,,,,,,
/home/inavarro/Desktop/Workspace/ml/matlab/ROI227_wc/wheelchair_453.jpg,58,191,148,130,,,,,,,,
/home/inavarro/Desktop/Workspace/ml/matlab/ROI227_wc/wheelchair_674.jpg,6,126,145,174,,,,,,,,
/home/inavarro/Desktop/Workspace/ml/matlab/ROI227_wc/wheelchair_206.jpg,30,143,140,123,,,,,,,,
/home/inavarro/Desktop/Workspace/ml/matlab/ROI227_wc/wheelchair_86.jpg,187,129,103,77,,,,,,,,
/home/inavarro/Desktop/Workspace/ml/matlab/ROI227_wc/wheelchair_560.jpg,27,12,260,302,,,,,,,,
/home/inavarro/Desktop/Workspace/ml/matlab/ROI227_wc/wheelchair_533.jpg,18,50,226,235,,,,,,,,
/home/inavarro/Desktop/Workspace/ml/matlab/ROI227_wc/wheelchair_82.jpg,109,117,116,97,,,,,,,,
/home/inavarro/Desktop/Workspace/ml/matlab/ROI227_wc/wheelchair_412.jpg,100,92,65,65,,,,,,,,
/home/inavarro/Desktop/Workspace/ml/matlab/ROI227_wc/wheelchair_574.jpg,157,24,55,40,101,121,185,203,,,,
/home/inavarro/Desktop/Workspace/ml/matlab/ROI227_wc/wheelchair_30.jpg,61,33,186,163,,,,,,,,
/home/inavarro/Desktop/Workspace/ml/matlab/ROI227_wc/wheelchair_562.jpg,13,17,249,297,,,,,,,,
/home/inavarro/Desktop/Workspace/ml/matlab/ROI227_wc/wheelchair_182.jpg,1,166,167,148,,,,,,,,
/home/inavarro/Desktop/Workspace/ml/matlab/ROI227_wc/wheelchair_515.jpg,56,56,203,258,,,,,,,,
/home/inavarro/Desktop/Workspace/ml/matlab/ROI227_wc/wheelchair_217.jpg,56,101,100,91,,,,,,,,
/home/inavarro/Desktop/Workspace/ml/matlab/ROI227_wc/wheelchair_231.jpg,36,99,106,102,,,,,,,,
/home/inavarro/Desktop/Workspace/ml/matlab/ROI227_wc/wheelchair_329.jpg,131,2,190,218,,,,,,,,
/home/inavarro/Desktop/Workspace/ml/matlab/ROI227_wc/wheelchair_650.jpg,98,168,92,95,,,,,,,,
/home/inavarro/Desktop/Workspace/ml/matlab/ROI227_wc/wheelchair_127.jpg,104,39,179,141,,,,,,,,
/home/inavarro/Desktop/Workspace/ml/matlab/ROI227_wc/wheelchair_472.jpg,89,187,155,134,,,,,,,,
/home/inavarro/Desktop/Workspace/ml/matlab/ROI227_wc/wheelchair_220.jpg,67,112,113,97,,,,,,,,
/home/inavarro/Desktop/Workspace/ml/matlab/ROI227_wc/wheelchair_377.jpg,98,18,184,236,,,,,,,,
/home/inavarro/Desktop/Workspace/ml/matlab/ROI227_wc/wheelchair_633.jpg,14,97,91,118,,,,,,,,
/home/inavarro/Desktop/Workspace/ml/matlab/ROI227_wc/wheelchair_323.jpg,46,57,231,261,,,,,,,,
/home/inavarro/Desktop/Workspace/ml/matlab/ROI227_wc/wheelchair_537.jpg,36,26,241,240,,,,,,,,
/home/inavarro/Desktop/Workspace/ml/matlab/ROI227_wc/wheelchair_520.jpg,12,70,170,228,,,,,,,,
/home/inavarro/Desktop/Workspace/ml/matlab/ROI227_wc/wheelchair_169.jpg,101,112,155,129,,,,,,,,
/home/inavarro/Desktop/Workspace/ml/matlab/ROI227_wc/wheelchair_500.jpg,12,8,242,305,,,,,,,,
/home/inavarro/Desktop/Workspace/ml/matlab/ROI227_wc/wheelchair_410.jpg,174,118,27,42,,,,,,,,
/home/inavarro/Desktop/Workspace/ml/matlab/ROI227_wc/wheelchair_35.jpg,25,162,106,145,,,,,,,,
/home/inavarro/Desktop/Workspace/ml/matlab/ROI227_wc/wheelchair_51.jpg,28,33,250,237,,,,,,,,
/home/inavarro/Desktop/Workspace/ml/matlab/ROI227_wc/wheelchair_349.jpg,155,45,141,244,,,,,,,,
/home/inavarro/Desktop/Workspace/ml/matlab/ROI227_wc/wheelchair_83.jpg,31,162,142,157,,,,,,,,
/home/inavarro/Desktop/Workspace/ml/matlab/ROI227_wc/wheelchair_701.jpg,149,167,172,125,,,,,,,,
/home/inavarro/Desktop/Workspace/ml/matlab/ROI227_wc/wheelchair_451.jpg,117,109,101,103,,,,,,,,
/home/inavarro/Desktop/Workspace/ml/matlab/ROI227_wc/wheelchair_68.jpg,107,172,107,143,,,,,,,,
/home/inavarro/Desktop/Workspace/ml/matlab/ROI227_wc/wheelchair_317.jpg,45,51,210,225,,,,,,,,
/home/inavarro/Desktop/Workspace/ml/matlab/ROI227_wc/wheelchair_157.jpg,183,89,66,111,59,110,52,95,,,,
/home/inavarro/Desktop/Workspace/ml/matlab/ROI227_wc/wheelchair_422.jpg,43,61,160,151,,,,,,,,
/home/inavarro/Desktop/Workspace/ml/matlab/ROI227_wc/wheelchair_511.jpg,23,44,258,264,,,,,,,,
/home/inavarro/Desktop/Workspace/ml/matlab/ROI227_wc/wheelchair_587.jpg,178,115,99,94,,,,,,,,
/home/inavarro/Desktop/Workspace/ml/matlab/ROI227_wc/wheelchair_524.jpg,9,57,206,252,,,,,,,,
/home/inavarro/Desktop/Workspace/ml/matlab/ROI227_wc/wheelchair_294.jpg,143,85,118,152,,,,,,,,
/home/inavarro/Desktop/Workspace/ml/matlab/ROI227_wc/wheelchair_257.jpg,102,155,88,145,,,,,,,,
/home/inavarro/Desktop/Workspace/ml/matlab/ROI227_wc/wheelchair_683.jpg,27,8,286,244,,,,,,,,
/home/inavarro/Desktop/Workspace/ml/matlab/ROI227_wc/wheelchair_345.jpg,6,40,309,242,,,,,,,,
/home/inavarro/Desktop/Workspace/ml/matlab/ROI227_wc/wheelchair_150.jpg,86,54,206,167,,,,,,,,
/home/inavarro/Desktop/Workspace/ml/matlab/ROI227_wc/wheelchair_696.jpg,27,24,123,150,,,,,,,,
/home/inavarro/Desktop/Workspace/ml/matlab/ROI227_wc/wheelchair_101.jpg,32,163,190,155,,,,,,,,
/home/inavarro/Desktop/Workspace/ml/matlab/ROI227_wc/wheelchair_58.jpg,20,99,114,140,,,,,,,,
/home/inavarro/Desktop/Workspace/ml/matlab/ROI227_wc/wheelchair_564.jpg,43,23,203,262,,,,,,,,
/home/inavarro/Desktop/Workspace/ml/matlab/ROI227_wc/wheelchair_151.jpg,56,164,158,150,,,,,,,,
/home/inavarro/Desktop/Workspace/ml/matlab/ROI227_wc/wheelchair_197.jpg,45,153,184,154,,,,,,,,
/home/inavarro/Desktop/Workspace/ml/matlab/ROI227_wc/wheelchair_672.jpg,4,14,167,241,,,,,,,,
/home/inavarro/Desktop/Workspace/ml/matlab/ROI227_wc/wheelchair_5.jpg,121,143,81,71,,,,,,,,
/home/inavarro/Desktop/Workspace/ml/matlab/ROI227_wc/wheelchair_421.jpg,188,60,114,94,105,116,82,93,,,,
/home/inavarro/Desktop/Workspace/ml/matlab/ROI227_wc/wheelchair_90.jpg,40,100,120,100,,,,,,,,
/home/inavarro/Desktop/Workspace/ml/matlab/ROI227_wc/wheelchair_60.jpg,71,139,208,160,,,,,,,,
/home/inavarro/Desktop/Workspace/ml/matlab/ROI227_wc/wheelchair_413.jpg,167,41,154,182,,,,,,,,
/home/inavarro/Desktop/Workspace/ml/matlab/ROI227_wc/wheelchair_543.jpg,68,42,240,267,,,,,,,,
/home/inavarro/Desktop/Workspace/ml/matlab/ROI227_wc/wheelchair_398.jpg,12,53,198,237,,,,,,,,
/home/inavarro/Desktop/Workspace/ml/matlab/ROI227_wc/wheelchair_134.jpg,1,175,162,146,,,,,,,,
/home/inavarro/Desktop/Workspace/ml/matlab/ROI227_wc/wheelchair_233.jpg,54,39,216,258,,,,,,,,
/home/inavarro/Desktop/Workspace/ml/matlab/ROI227_wc/wheelchair_331.jpg,19,62,229,241,,,,,,,,
/home/inavarro/Desktop/Workspace/ml/matlab/ROI227_wc/wheelchair_625.jpg,122,124,126,90,,,,,,,,
/home/inavarro/Desktop/Workspace/ml/matlab/ROI227_wc/wheelchair_439.jpg,43,202,120,100,,,,,,,,
/home/inavarro/Desktop/Workspace/ml/matlab/ROI227_wc/wheelchair_255.jpg,143,136,106,158,,,,,,,,
/home/inavarro/Desktop/Workspace/ml/matlab/ROI227_wc/wheelchair_177.jpg,36,72,219,223,,,,,,,,
/home/inavarro/Desktop/Workspace/ml/matlab/ROI227_wc/wheelchair_291.jpg,65,71,123,145,,,,,,,,
/home/inavarro/Desktop/Workspace/ml/matlab/ROI227_wc/wheelchair_600.jpg,100,162,125,156,,,,,,,,
/home/inavarro/Desktop/Workspace/ml/matlab/ROI227_wc/wheelchair_359.jpg,45,32,226,256,,,,,,,,
/home/inavarro/Desktop/Workspace/ml/matlab/ROI227_wc/wheelchair_688.jpg,142,86,99,102,,,,,,,,
/home/inavarro/Desktop/Workspace/ml/matlab/ROI227_wc/wheelchair_244.jpg,56,59,232,217,,,,,,,,
/home/inavarro/Desktop/Workspace/ml/matlab/ROI227_wc/wheelchair_445.jpg,111,92,27,146,83,93,105,120,,,,
/home/inavarro/Desktop/Workspace/ml/matlab/ROI227_wc/wheelchair_417.jpg,61,101,102,95,,,,,,,,
/home/inavarro/Desktop/Workspace/ml/matlab/ROI227_wc/wheelchair_705.jpg,93,21,123,122,,,,,,,,
/home/inavarro/Desktop/Workspace/ml/matlab/ROI227_wc/wheelchair_43.jpg,125,119,131,95,,,,,,,,
/home/inavarro/Desktop/Workspace/ml/matlab/ROI227_wc/wheelchair_203.jpg,33,110,149,133,,,,,,,,
/home/inavarro/Desktop/Workspace/ml/matlab/ROI227_wc/wheelchair_290.jpg,133,112,164,209,,,,,,,,
/home/inavarro/Desktop/Workspace/ml/matlab/ROI227_wc/wheelchair_588.jpg,33,120,134,89,,,,,,,,
/home/inavarro/Desktop/Workspace/ml/matlab/ROI227_wc/wheelchair_213.jpg,29,117,166,188,,,,,,,,
/home/inavarro/Desktop/Workspace/ml/matlab/ROI227_wc/wheelchair_296.jpg,76,44,216,239,,,,,,,,
/home/inavarro/Desktop/Workspace/ml/matlab/ROI227_wc/wheelchair_474.jpg,33,91,135,218,,,,,,,,
/home/inavarro/Desktop/Workspace/ml/matlab/ROI227_wc/wheelchair_644.jpg,22,144,169,172,,,,,,,,
/home/inavarro/Desktop/Workspace/ml/matlab/ROI227_wc/wheelchair_703.jpg,5,78,89,136,,,,,,,,
/home/inavarro/Desktop/Workspace/ml/matlab/ROI227_wc/wheelchair_599.jpg,20,145,149,145,,,,,,,,
/home/inavarro/Desktop/Workspace/ml/matlab/ROI227_wc/wheelchair_363.jpg,11,14,241,297,,,,,,,,
/home/inavarro/Desktop/Workspace/ml/matlab/ROI227_wc/wheelchair_489.jpg,126,32,62,90,,,,,,,,
/home/inavarro/Desktop/Workspace/ml/matlab/ROI227_wc/wheelchair_196.jpg,25,99,117,107,,,,,,,,
/home/inavarro/Desktop/Workspace/ml/matlab/ROI227_wc/wheelchair_10.jpg,222,138,62,71,,,,,,,,
/home/inavarro/Desktop/Workspace/ml/matlab/ROI227_wc/wheelchair_16.jpg,97,92,122,95,,,,,,,,
/home/inavarro/Desktop/Workspace/ml/matlab/ROI227_wc/wheelchair_594.jpg,121,143,74,85,,,,,,,,
/home/inavarro/Desktop/Workspace/ml/matlab/ROI227_wc/wheelchair_170.jpg,97,93,80,74,,,,,,,,
/home/inavarro/Desktop/Workspace/ml/matlab/ROI227_wc/wheelchair_505.jpg,49,34,268,182,,,,,,,,
/home/inavarro/Desktop/Workspace/ml/matlab/ROI227_wc/wheelchair_689.jpg,12,57,153,171,,,,,,,,
/home/inavarro/Desktop/Workspace/ml/matlab/ROI227_wc/wheelchair_79.jpg,2,17,283,299,,,,,,,,
/home/inavarro/Desktop/Workspace/ml/matlab/ROI227_wc/wheelchair_441.jpg,9,66,95,109,,,,,,,,
/home/inavarro/Desktop/Workspace/ml/matlab/ROI227_wc/wheelchair_355.jpg,34,35,193,256,,,,,,,,
/home/inavarro/Desktop/Workspace/ml/matlab/ROI227_wc/wheelchair_547.jpg,12,36,227,284,,,,,,,,
/home/inavarro/Desktop/Workspace/ml/matlab/ROI227_wc/wheelchair_99.jpg,15,178,211,139,,,,,,,,
/home/inavarro/Desktop/Workspace/ml/matlab/ROI227_wc/wheelchair_652.jpg,131,11,184,106,,,,,,,,
/home/inavarro/Desktop/Workspace/ml/matlab/ROI227_wc/wheelchair_133.jpg,37,18,257,282,,,,,,,,
/home/inavarro/Desktop/Workspace/ml/matlab/ROI227_wc/wheelchair_171.jpg,82,99,63,62,,,,,,,,
/home/inavarro/Desktop/Workspace/ml/matlab/ROI227_wc/wheelchair_168.jpg,47,158,120,122,,,,,,,,
/home/inavarro/Desktop/Workspace/ml/matlab/ROI227_wc/wheelchair_123.jpg,159,86,119,112,,,,,,,,
/home/inavarro/Desktop/Workspace/ml/matlab/ROI227_wc/wheelchair_222.jpg,36,80,220,234,,,,,,,,
/home/inavarro/Desktop/Workspace/ml/matlab/ROI227_wc/wheelchair_209.jpg,3,19,239,195,,,,,,,,
/home/inavarro/Desktop/Workspace/ml/matlab/ROI227_wc/wheelchair_91.jpg,3,56,173,216,,,,,,,,
/home/inavarro/Desktop/Workspace/ml/matlab/ROI227_wc/wheelchair_614.jpg,23,105,118,107,,,,,,,,
/home/inavarro/Desktop/Workspace/ml/matlab/ROI227_wc/wheelchair_302.jpg,78,45,190,170,,,,,,,,
/home/inavarro/Desktop/Workspace/ml/matlab/ROI227_wc/wheelchair_378.jpg,1,40,233,274,,,,,,,,
/home/inavarro/Desktop/Workspace/ml/matlab/ROI227_wc/wheelchair_522.jpg,18,21,226,279,,,,,,,,
/home/inavarro/Desktop/Workspace/ml/matlab/ROI227_wc/wheelchair_259.jpg,15,183,153,124,,,,,,,,
/home/inavarro/Desktop/Workspace/ml/matlab/ROI227_wc/wheelchair_336.jpg,4,29,236,287,,,,,,,,
/home/inavarro/Desktop/Workspace/ml/matlab/ROI227_wc/wheelchair_611.jpg,82,91,101,119,,,,,,,,
/home/inavarro/Desktop/Workspace/ml/matlab/ROI227_wc/wheelchair_158.jpg,156,90,115,112,,,,,,,,
/home/inavarro/Desktop/Workspace/ml/matlab/ROI227_wc/wheelchair_39.jpg,115,141,190,156,,,,,,,,
/home/inavarro/Desktop/Workspace/ml/matlab/ROI227_wc/wheelchair_553.jpg,4,39,245,281,,,,,,,,
/home/inavarro/Desktop/Workspace/ml/matlab/ROI227_wc/wheelchair_381.jpg,35,49,213,263,,,,,,,,
/home/inavarro/Desktop/Workspace/ml/matlab/ROI227_wc/wheelchair_637.jpg,-1,128,150,127,,,,,,,,
/home/inavarro/Desktop/Workspace/ml/matlab/ROI227_wc/wheelchair_160.jpg,58,109,230,193,,,,,,,,
/home/inavarro/Desktop/Workspace/ml/matlab/ROI227_wc/wheelchair_262.jpg,70,97,111,125,,,,,,,,
/home/inavarro/Desktop/Workspace/ml/matlab/ROI227_wc/wheelchair_295.jpg,15,32,226,279,,,,,,,,
/home/inavarro/Desktop/Workspace/ml/matlab/ROI227_wc/wheelchair_628.jpg,150,140,110,101,,,,,,,,
/home/inavarro/Desktop/Workspace/ml/matlab/ROI227_wc/wheelchair_132.jpg,51,155,179,156,,,,,,,,
/home/inavarro/Desktop/Workspace/ml/matlab/ROI227_wc/wheelchair_40.jpg,52,214,151,99,,,,,,,,
/home/inavarro/Desktop/Workspace/ml/matlab/ROI227_wc/wheelchair_154.jpg,23,152,105,111,,,,,,,,
/home/inavarro/Desktop/Workspace/ml/matlab/ROI227_wc/wheelchair_130.jpg,71,93,116,116,,,,,,,,
/home/inavarro/Desktop/Workspace/ml/matlab/ROI227_wc/wheelchair_470.jpg,34,204,171,117,,,,,,,,
/home/inavarro/Desktop/Workspace/ml/matlab/ROI227_wc/wheelchair_113.jpg,61,181,106,95,,,,,,,,
/home/inavarro/Desktop/Workspace/ml/matlab/ROI227_wc/wheelchair_324.jpg,181,98,119,132,,,,,,,,
/home/inavarro/Desktop/Workspace/ml/matlab/ROI227_wc/wheelchair_622.jpg,19,107,145,122,,,,,,,,
/home/inavarro/Desktop/Workspace/ml/matlab/ROI227_wc/wheelchair_280.jpg,45,25,224,260,,,,,,,,
/home/inavarro/Desktop/Workspace/ml/matlab/ROI227_wc/wheelchair_164.jpg,4,140,156,111,,,,,,,,
/home/inavarro/Desktop/Workspace/ml/matlab/ROI227_wc/wheelchair_353.jpg,63,58,188,230,,,,,,,,
/home/inavarro/Desktop/Workspace/ml/matlab/ROI227_wc/wheelchair_159.jpg,133,157,93,157,,,,,,,,
/home/inavarro/Desktop/Workspace/ml/matlab/ROI227_wc/wheelchair_81.jpg,130,181,139,126,,,,,,,,
/home/inavarro/Desktop/Workspace/ml/matlab/ROI227_wc/wheelchair_535.jpg,40,4,276,203,,,,,,,,
/home/inavarro/Desktop/Workspace/ml/matlab/ROI227_wc/wheelchair_69.jpg,188,107,71,60,,,,,,,,
/home/inavarro/Desktop/Workspace/ml/matlab/ROI227_wc/wheelchair_248.jpg,111,59,116,93,,,,,,,,
/home/inavarro/Desktop/Workspace/ml/matlab/ROI227_wc/wheelchair_607.jpg,163,112,67,87,,,,,,,,
/home/inavarro/Desktop/Workspace/ml/matlab/ROI227_wc/wheelchair_105.jpg,122,74,90,68,,,,,,,,
/home/inavarro/Desktop/Workspace/ml/matlab/ROI227_wc/wheelchair_228.jpg,11,158,187,156,,,,,,,,
/home/inavarro/Desktop/Workspace/ml/matlab/ROI227_wc/wheelchair_46.jpg,135,112,122,105,,,,,,,,
/home/inavarro/Desktop/Workspace/ml/matlab/ROI227_wc/wheelchair_25.jpg,102,119,120,88,,,,,,,,
/home/inavarro/Desktop/Workspace/ml/matlab/ROI227_wc/wheelchair_639.jpg,37,135,198,184,,,,,,,,
/home/inavarro/Desktop/Workspace/ml/matlab/ROI227_wc/wheelchair_34.jpg,95,110,125,104,,,,,,,,
/home/inavarro/Desktop/Workspace/ml/matlab/ROI227_wc/wheelchair_238.jpg,44,90,98,81,,,,,,,,
/home/inavarro/Desktop/Workspace/ml/matlab/ROI227_wc/wheelchair_287.jpg,9,36,224,237,,,,,,,,
/home/inavarro/Desktop/Workspace/ml/matlab/ROI227_wc/wheelchair_208.jpg,103,95,96,83,,,,,,,,
/home/inavarro/Desktop/Workspace/ml/matlab/ROI227_wc/wheelchair_493.jpg,29,184,58,62,,,,,,,,
/home/inavarro/Desktop/Workspace/ml/matlab/ROI227_wc/wheelchair_430.jpg,135,86,118,128,,,,,,,,
/home/inavarro/Desktop/Workspace/ml/matlab/ROI227_wc/wheelchair_52.jpg,169,157,132,138,,,,,,,,
/home/inavarro/Desktop/Workspace/ml/matlab/ROI227_wc/wheelchair_476.jpg,104,110,87,130,,,,,,,,
/home/inavarro/Desktop/Workspace/ml/matlab/ROI227_wc/wheelchair_107.jpg,59,128,78,63,,,,,,,,
/home/inavarro/Desktop/Workspace/ml/matlab/ROI227_wc/wheelchair_183.jpg,45,162,150,159,,,,,,,,
/home/inavarro/Desktop/Workspace/ml/matlab/ROI227_wc/wheelchair_558.jpg,44,42,227,265,,,,,,,,
/home/inavarro/Desktop/Workspace/ml/matlab/ROI227_wc/wheelchair_391.jpg,26,42,241,274,,,,,,,,
/home/inavarro/Desktop/Workspace/ml/matlab/ROI227_wc/wheelchair_382.jpg,4,10,286,292,,,,,,,,
/home/inavarro/Desktop/Workspace/ml/matlab/ROI227_wc/wheelchair_627.jpg,1,155,155,165,,,,,,,,
/home/inavarro/Desktop/Workspace/ml/matlab/ROI227_wc/wheelchair_235.jpg,86,205,116,103,,,,,,,,
/home/inavarro/Desktop/Workspace/ml/matlab/ROI227_wc/wheelchair_120.jpg,27,127,191,170,,,,,,,,
/home/inavarro/Desktop/Workspace/ml/matlab/ROI227_wc/wheelchair_245.jpg,84,118,157,96,,,,,,,,
/home/inavarro/Desktop/Workspace/ml/matlab/ROI227_wc/wheelchair_308.jpg,77,158,139,159,,,,,,,,
/home/inavarro/Desktop/Workspace/ml/matlab/ROI227_wc/wheelchair_314.jpg,29,81,176,182,,,,,,,,
/home/inavarro/Desktop/Workspace/ml/matlab/ROI227_wc/wheelchair_693.jpg,3,10,151,107,,,,,,,,
/home/inavarro/Desktop/Workspace/ml/matlab/ROI227_wc/wheelchair_405.jpg,92,146,110,93,,,,,,,,
/home/inavarro/Desktop/Workspace/ml/matlab/ROI227_wc/wheelchair_23.jpg,2,32,208,268,,,,,,,,
/home/inavarro/Desktop/Workspace/ml/matlab/ROI227_wc/wheelchair_240.jpg,21,111,135,123,,,,,,,,
/home/inavarro/Desktop/Workspace/ml/matlab/ROI227_wc/wheelchair_268.jpg,57,86,200,225,,,,,,,,
/home/inavarro/Desktop/Workspace/ml/matlab/ROI227_wc/wheelchair_136.jpg,79,106,127,96,,,,,,,,
/home/inavarro/Desktop/Workspace/ml/matlab/ROI227_wc/wheelchair_576.jpg,41,37,237,275,,,,,,,,
/home/inavarro/Desktop/Workspace/ml/matlab/ROI227_wc/wheelchair_676.jpg,6,44,274,223,,,,,,,,
/home/inavarro/Desktop/Workspace/ml/matlab/ROI227_wc/wheelchair_66.jpg,129,141,89,84,,,,,,,,
/home/inavarro/Desktop/Workspace/ml/matlab/ROI227_wc/wheelchair_479.jpg,117,150,82,69,,,,,,,,
/home/inavarro/Desktop/Workspace/ml/matlab/ROI227_wc/wheelchair_371.jpg,26,39,255,257,,,,,,,,
/home/inavarro/Desktop/Workspace/ml/matlab/ROI227_wc/wheelchair_29.jpg,78,31,169,157,,,,,,,,
/home/inavarro/Desktop/Workspace/ml/matlab/ROI227_wc/wheelchair_277.jpg,59,13,206,300,,,,,,,,
/home/inavarro/Desktop/Workspace/ml/matlab/ROI227_wc/wheelchair_63.jpg,57,144,84,97,,,,,,,,
/home/inavarro/Desktop/Workspace/ml/matlab/ROI227_wc/wheelchair_61.jpg,1,148,226,173,,,,,,,,
/home/inavarro/Desktop/Workspace/ml/matlab/ROI227_wc/wheelchair_312.jpg,88,36,158,171,,,,,,,,
/home/inavarro/Desktop/Workspace/ml/matlab/ROI227_wc/wheelchair_258.jpg,147,152,109,164,,,,,,,,
/home/inavarro/Desktop/Workspace/ml/matlab/ROI227_wc/wheelchair_352.jpg,1,59,207,250,,,,,,,,
/home/inavarro/Desktop/Workspace/ml/matlab/ROI227_wc/wheelchair_449.jpg,6,95,109,141,,,,,,,,
/home/inavarro/Desktop/Workspace/ml/matlab/ROI227_wc/wheelchair_436.jpg,40,175,114,134,,,,,,,,
/home/inavarro/Desktop/Workspace/ml/matlab/ROI227_wc/wheelchair_276.jpg,14,25,239,271,,,,,,,,
/home/inavarro/Desktop/Workspace/ml/matlab/ROI227_wc/wheelchair_288.jpg,29,23,228,231,,,,,,,,
/home/inavarro/Desktop/Workspace/ml/matlab/ROI227_wc/wheelchair_545.jpg,101,87,161,120,,,,,,,,
/home/inavarro/Desktop/Workspace/ml/matlab/ROI227_wc/wheelchair_427.jpg,118,83,59,95,,,,,,,,
/home/inavarro/Desktop/Workspace/ml/matlab/ROI227_wc/wheelchair_542.jpg,72,55,142,184,,,,,,,,
/home/inavarro/Desktop/Workspace/ml/matlab/ROI227_wc/wheelchair_174.jpg,129,69,127,148,,,,,,,,
/home/inavarro/Desktop/Workspace/ml/matlab/ROI227_wc/wheelchair_65.jpg,136,117,109,148,,,,,,,,
/home/inavarro/Desktop/Workspace/ml/matlab/ROI227_wc/wheelchair_566.jpg,1,23,266,298,,,,,,,,
/home/inavarro/Desktop/Workspace/ml/matlab/ROI227_wc/wheelchair_577.jpg,27,48,211,273,,,,,,,,
/home/inavarro/Desktop/Workspace/ml/matlab/ROI227_wc/wheelchair_632.jpg,46,39,223,194,,,,,,,,
/home/inavarro/Desktop/Workspace/ml/matlab/ROI227_wc/wheelchair_342.jpg,40,42,206,239,,,,,,,,
/home/inavarro/Desktop/Workspace/ml/matlab/ROI227_wc/wheelchair_481.jpg,3,43,70,164,,,,,,,,
/home/inavarro/Desktop/Workspace/ml/matlab/ROI227_wc/wheelchair_263.jpg,170,141,83,99,,,,,,,,
/home/inavarro/Desktop/Workspace/ml/matlab/ROI227_wc/wheelchair_431.jpg,153,73,153,142,,,,,,,,
/home/inavarro/Desktop/Workspace/ml/matlab/ROI227_wc/wheelchair_215.jpg,204,117,102,92,,,,,,,,
/home/inavarro/Desktop/Workspace/ml/matlab/ROI227_wc/wheelchair_103.jpg,40,137,105,115,,,,,,,,
/home/inavarro/Desktop/Workspace/ml/matlab/ROI227_wc/wheelchair_2.jpg,114,85,141,135,,,,,,,,
/home/inavarro/Desktop/Workspace/ml/matlab/ROI227_wc/wheelchair_418.jpg,19,72,102,142,,,,,,,,
/home/inavarro/Desktop/Workspace/ml/matlab/ROI227_wc/wheelchair_680.jpg,139,37,181,236,,,,,,,,
/home/inavarro/Desktop/Workspace/ml/matlab/ROI227_wc/wheelchair_14.jpg,27,119,126,102,,,,,,,,
/home/inavarro/Desktop/Workspace/ml/matlab/ROI227_wc/wheelchair_166.jpg,20,65,202,238,,,,,,,,
/home/inavarro/Desktop/Workspace/ml/matlab/ROI227_wc/wheelchair_529.jpg,22,96,131,195,,,,,,,,
/home/inavarro/Desktop/Workspace/ml/matlab/ROI227_wc/wheelchair_671.jpg,7,132,172,148,,,,,,,,
/home/inavarro/Desktop/Workspace/ml/matlab/ROI227_wc/wheelchair_536.jpg,15,16,245,302,,,,,,,,
/home/inavarro/Desktop/Workspace/ml/matlab/ROI227_wc/wheelchair_163.jpg,1,163,179,155,,,,,,,,
/home/inavarro/Desktop/Workspace/ml/matlab/ROI227_wc/wheelchair_264.jpg,182,106,125,99,,,,,,,,
/home/inavarro/Desktop/Workspace/ml/matlab/ROI227_wc/wheelchair_297.jpg,16,30,268,259,,,,,,,,
/home/inavarro/Desktop/Workspace/ml/matlab/ROI227_wc/wheelchair_193.jpg,42,52,181,172,,,,,,,,
/home/inavarro/Desktop/Workspace/ml/matlab/ROI227_wc/wheelchair_669.jpg,22,62,237,209,,,,,,,,
/home/inavarro/Desktop/Workspace/ml/matlab/ROI227_wc/wheelchair_261.jpg,109,139,101,97,,,,,,,,
/home/inavarro/Desktop/Workspace/ml/matlab/ROI227_wc/wheelchair_466.jpg,113,93,93,127,,,,,,,,
/home/inavarro/Desktop/Workspace/ml/matlab/ROI227_wc/wheelchair_570.jpg,36,24,239,283,,,,,,,,
/home/inavarro/Desktop/Workspace/ml/matlab/ROI227_wc/wheelchair_230.jpg,113,85,76,61,,,,,,,,
/home/inavarro/Desktop/Workspace/ml/matlab/ROI227_wc/wheelchair_573.jpg,95,55,182,258,,,,,,,,
/home/inavarro/Desktop/Workspace/ml/matlab/ROI227_wc/wheelchair_70.jpg,103,196,207,125,,,,,,,,
